Year_Built,Gr_Liv_Area,Fireplaces,Garage_Cars,Overall_Qual,Year_Remod,shap_values_Year_Built,shap_values_Gr_Liv_Area,shap_values_Fireplaces,shap_values_Garage_Cars,shap_values_Overall_Qual,shap_values_Year_Remod,shap_values2_Year_Built,shap_values2_Gr_Liv_Area,shap_values2_Fireplaces,shap_values2_Garage_Cars,shap_values2_Overall_Qual,shap_values2_Year_Remod,i_shap_values_Year_Built,i_shap_values_Gr_Liv_Area,i_shap_values_Fireplaces,i_shap_values_Garage_Cars,i_shap_values_Overall_Qual,i_shap_values_Year_Remod,i_shap_values2_Year_Built,i_shap_values2_Gr_Liv_Area,i_shap_values2_Fireplaces,i_shap_values2_Garage_Cars,i_shap_values2_Overall_Qual,i_shap_values2_Year_Remod,SalePrice,Order,PID,pred1,pred2,group_id
1998,2362,2,2.0,160,540,-1.3652109375,-0.3045325520833333,-4.404130208333333,-2.5035807291666665,-3.0187473958333335,0.8231744791666666,-4.864216145833333,2.5556002604166665,-4.3277942708333335,-1.1283671875,0,0,0.005110920983069854,0.0019632559497273065,0.017168322844527444,0.01158221734127664,0.017667556088353614,0.003209387522871638,0.023845202019322064,0.01212156683584194,0.005659102635559603,0.007793622723937061,0,0,255900,1853,533244040,290772.25,303059.38,0
1976,1178,0,2.0,100,440,2.0893463541666666,0.3531432291666667,-7.152052083333333,-0.4382916666666667,1.5981119791666667,2.3279739583333336,3.6514010416666665,1.1408151041666668,-5.783369791666667,-0.12710416666666668,0,0,0.003008354007048442,0.0014196426585761732,0.01656407175746542,0.009208031898806007,0.014723541932441332,0.0028539150529155247,0.012870007574635191,0.00788348126180253,0.022992675034768612,0.006526261752329276,0,0,318750,2301,923275010,151725.12,135089.66,0
1976,1868,1,2.0,100,980,0.5966145833333334,0.49850520833333334,-2.0743802083333334,-0.3500625,-3.9154479166666665,-1.2622369791666668,-1.1725364583333333,-2.2019973958333336,-1.5506744791666667,-0.10574479166666667,0,0,0.0026989230528662008,0.003066043273711392,0.005347050375139296,0.005482532513786399,0.016006763228602415,0.0040841183281774005,0.009534395635874894,0.00970328512519254,0.0020237643668028307,0.004932920908735293,0,0,155000,383,527359180,149996.23,181550.33,0
1915,2180,1,2.0,120,1500,-0.18636458333333333,0.026955729166666668,-1.68696484375,-0.28468489583333334,-7.625001302083333,-0.7883424479166666,-1.07840625,-0.14129947916666666,-1.6913515625,-0.1153359375,0,0,0.0013682201599060858,0.0009798931039766239,0.00874319504061425,0.005459425892986253,0.040407131642219256,0.0017958306766971657,0.013649042532950833,0.009012518709571548,0.004816397302931929,0.006510254129511585,0,0,257500,2037,903457040,149986.52,173566.45,0
2004,1391,0,2.0,140,420,1.3140208333333332,-1.2069609375,-6.780510416666667,-0.4155234375,1.5150963541666667,2.7375338541666667,6.4346875,3.3941276041666666,-6.663046875,-0.14643489583333336,0,0,0.002413870005694996,0.00244511458702146,0.01825762928704409,0.0037065973090448763,0.009674928060319834,0.0034497777668230614,0.01745475687151303,0.006851227669800099,0.011579658854533253,0.004928486727267857,0,0,125200,1160,533206050,179846.38,171053.44,0
1966,1888,1,2.0,120,460,-1.1190286458333332,-1.3020520833333333,2.5962161458333335,-0.4482578125,1.6344557291666668,-1.166734375,-2.2430989583333334,3.2967291666666667,2.323296875,-0.14300520833333336,0,0,0.0018039589736029624,0.0007432478131099459,0.002685425544818814,0.007178482785907051,0.012661548898055878,0.0048152477274638434,0.0065010874362830895,0.007921298585970763,0.005211913541223266,0.002702550206080529,0,0,88000,138,535126040,194834.16,194445.1,0
1975,879,0,2.0,100,1000,0.010065104166666667,-0.9525807291666666,-5.351432291666667,-3.0420885416666663,1.1957682291666667,0.081140625,-0.281015625,2.1683541666666666,-5.037317708333333,-1.3133645833333332,0,0,0.00572057590266721,0.008218847059893663,0.029893767344909887,0.01743145870986771,0.014232845774994313,0.005916544943713715,0.008964251132131285,0.006653455384045717,0.016594603309965254,0.007076556808675991,0,0,159000,2140,907202220,127740.516,121402.21,0
1920,1111,0,1.0,100,580,0.6836614583333334,-0.07786588541666667,-4.42338671875,-0.27107291666666666,-7.26043359375,-0.03981640625,-0.768625,-0.6537395833333334,-4.602505208333333,-0.10115104166666668,0,0,0.0017531989866174007,0.0012400440654507384,0.017168322844527444,0.004660109159894474,0.044191676896710455,0.003946710067827545,0.010131182039118268,0.006550160189319642,0.019881426231006014,0.003780065435764107,0,0,287090,2039,903458020,115005.12,98308.51,0
2000,1800,1,2.0,120,500,2.0928776041666666,-0.6589244791666666,-2.4865546875,-0.4196197916666667,-2.0032604166666665,1.5210286458333333,4.146567708333333,2.0555390625,-2.1394791666666664,-0.1458984375,0,0,0.0024405893345940725,0.0022435492340474542,0.003092405323272007,0.0037065973090448763,0.013588160171392924,0.002747951973367027,0.010241852909712496,0.004562898098715977,0.003937551283914157,0.004928486727267857,0,0,142250,488,528290120,183393.17,225134.73,0
2007,1780,1,2.0,160,360,-0.2736015625,0.033778645833333336,-2.1137369791666667,-0.356703125,-1.7029088541666668,-1.4981588541666668,-2.9495911458333337,-0.0015130208333333332,-1.5836015625,-0.10798958333333333,0,0,0.002910207417257281,0.0015539597377076143,0.005347050375139296,0.0050326630534866445,0.01455078810811556,0.0045520146852894615,0.01727714173308229,0.006233063461786131,0.004629589552420654,0.004932920908735293,0,0,235000,1576,916384100,239497.25,242166.52,0
2005,1408,0,2.0,100,380,-0.22615625,0.8301966145833334,-4.811294270833333,-2.7350390625,-1.4075859375,-1.2815052083333334,-2.8347604166666667,2.7948059895833337,-4.722401041666667,-1.2312604166666667,0,0,0.001142899079936581,0.0018332343518334272,0.022757124633082597,0.01062462906547638,0.014023704434619486,0.0039047843755471816,0.012227134074738428,0.00932070507813161,0.010283143009743097,0.004760235259106182,0,0,257000,2180,908152290,158929.7,179845.52,0
1958,960,0,0.0,80,1340,1.7048489583333333,0.989484375,-2.9307265625,-0.49457552083333334,1.8033489583333333,2.6782864583333335,4.911479166666667,-2.0144635416666667,-1.9682916666666668,-0.13422395833333334,0,0,0.002510373318117162,0.0019011525912637167,0.004684844455606144,0.00457363910763978,0.01108610208991857,0.003537135185123085,0.01553452691783014,0.011073714787192287,0.008833641103121596,0.009190253434528065,0,0,271500,281,908203100,94118.83,100084.41,0
1916,1928,0,0.0,100,600,0.5347161458333334,0.3244505208333333,-1.8591692708333332,-2.9103645833333336,-3.509234375,-1.1312838541666668,-1.1903802083333332,-0.6335130208333334,-1.5742890625,-1.2735963541666668,0,0,0.002512069751173374,0.0020239239870169716,0.009117117634392501,0.01582095962588715,0.025218210978678775,0.007639758923839166,0.009801629377652906,0.006874289537271745,0.0020237643668028307,0.005176510898098009,0,0,113000,2846,909131125,119954.42,113236.49,1
1997,1688,0,2.0,120,560,-0.07996354166666667,0.3964739583333333,-2.2718619791666663,-0.3833880208333333,-1.830296875,-0.08553125,-1.1354401041666669,1.3829791666666666,-1.7867057291666668,-0.12184114583333333,0,0,0.0032635546516891507,0.0015673684701630987,0.0077625368126009,0.007276090348744509,0.015695373166294234,0.003777719511897258,0.016292118887401542,0.009012518709571548,0.012717734218015246,0.00908833248808517,0,0,375000,1431,906476030,172513.27,191845.9,1
2004,1374,1,2.0,140,400,2.3011432291666667,0.21487239583333334,-2.6259348958333333,-0.443140625,-2.1155494791666665,2.3537317708333334,4.377651041666667,2.5151041666666667,-2.178421875,-0.14855208333333333,0,0,0.00221703601808906,0.0002937499611162387,0.009276162770996986,0.008153296341508012,0.015065495157136047,0.002456103534849939,0.009598321280502798,0.004500348579730007,0.003937551283914157,0.004928486727267857,0,0,212500,477,528235200,209581.25,197504.33,1
1922,2555,1,2.0,120,620,1.3009348958333333,0.5199453125,3.0129166666666665,-0.520203125,1.8967864583333331,-0.17970833333333333,0.023346354166666666,9.305380208333334,2.8799739583333337,-0.1773046875,0,0,0.0007094516434604127,6.950537546126258e-05,0.0025140545916841656,0.004247878911921982,0.011484607720792238,0.0026491013699822354,0.00802018944596029,0.019410372556638703,0.00414366491525047,0.0048002462022654615,0,0,181000,1525,909251090,167980.45,171724.22,1
1995,2794,1,3.0,160,580,0.8982526041666666,-1.4912213541666668,-3.1726927083333334,5.555622395833333,1.9522291666666667,3.0603255208333335,9.3123125,4.4206328125,-2.9050989583333333,7.250606770833333,0,0,0.0014496302489862068,0.0032953352255289834,0.012173052225487525,0.0036201510624972997,0.00760494913233135,0.0015666541562301232,0.01930043369124581,0.012357363980665184,0.013820501166413797,0.014608960628703236,0,0,159000,496,528321010,287069.1,370505.75,1
2008,2184,1,3.0,180,340,0.15501432291666667,-0.43183203125,-4.550029947916667,-2.5865221354166663,-3.11875390625,0.13865494791666666,1.4810716145833334,-5.390102864583333,-3.9851705729166667,-1.0390377604166667,0,0,0.0013831011245111296,0.0009798931039766239,0.017958827805171156,0.00787793806676534,0.018156815128567767,0.0019195724490569043,0.017116878697524776,0.02503853294241871,0.019979706118928565,0.007938801049096727,0,0,267916,429,528108070,362516.78,346134.06,1
1950,864,0,2.0,100,460,-1.69552734375,-0.3516614583333333,-3.7053190104166664,-2.1063359375,-2.5397591145833336,-1.6912239583333333,-3.2552890625,-4.149203125,-3.0677135416666665,-0.79983203125,0,0,0.0036065949957577725,-1.1564823173178713e-18,0.012182511448267604,0.01023243903304085,0.015200827764761131,0.0035434394080976063,0.05315367341710375,0.0696589874560926,0.04931948349025746,0.023956970074332833,0,0,190000,1962,535451110,148228.1,107765.03,1
1950,2161,2,2.0,140,500,-0.015184895833333333,0.6420677083333334,-1.90171875,-2.9769713541666665,-3.589546875,-0.3405520833333333,-1.1411848958333333,-1.552875,-1.5172682291666668,-1.2274791666666667,0,0,0.002978697966000929,0.0014570120766088511,0.010932338407620085,0.014201312981849266,0.02442334067623262,0.005878665647872307,0.01214742001460942,0.01011473297481191,0.0033598892818161516,0.008871721293957732,0,0,249000,1540,909425085,241676.02,210427.2,1
1910,1510,0,2.0,80,1500,-0.3451796875,-0.6541614583333334,-5.031424479166667,-2.8601770833333333,1.1242643229166667,-1.2517760416666668,-1.3531705729166668,-1.5238606770833332,-4.090998697916667,-1.06662890625,0,0,0.0038519439629219475,0.002684261042870263,0.020257772879216235,0.01478318696233218,0.013607223096109044,0.007406767599798156,0.009174988967357644,0.008460745627507728,0.011138055155198945,0.007564634547754929,0,0,129000,714,902301060,92621.05,117666.16,1
1998,2263,1,2.0,160,540,1.2632083333333333,-1.0644401041666667,-5.979856770833333,-0.36645833333333333,-1.7494557291666668,1.9844765625,5.0736875,2.7157734375,-6.3090546875,-0.13865364583333334,0,0,0.001964283120484339,0.004401276241216286,0.018993296389698527,0.008301724608509557,0.01543443186030952,0.003044011971372019,0.015202600155415006,0.00832555741716159,0.014074989194775843,0.008192861684660591,0,0,158000,2449,528348010,263436.94,254046.22,1
1986,1982,1,2.0,120,780,1.3852760416666667,0.8764010416666667,-7.148166666666667,-0.43805208333333334,1.5972421875,2.5038411458333334,5.372153645833333,-2.2858411458333334,-5.562783854166667,-0.12225520833333332,0,0,0.002017058424197034,0.0012490143922804376,0.01656407175746542,0.009208031898806007,0.014723541932441332,0.002928810687122946,0.01196258059778854,0.01817234337111698,0.028098809408201107,0.00908833248808517,0,0,270000,937,909452050,201641.72,236675.2,1
1994,1652,0,2.0,140,360,1.0441614583333332,-0.9773072916666666,-3.6880364583333334,6.45803125,8.406921875,2.8877083333333333,8.965419270833333,2.6871536458333334,-2.7969114583333337,6.980520833333333,0,0,0.00015803724852216151,1.9809306241227082e-05,0.010557700729074618,0.005827565732882059,0.011817849369803795,0.0006794926647924384,0.01253197758962645,0.009701380852840657,0.0064860437055058165,0.007963382299915785,0,0,99500,298,909452114,186682.77,190617.27,1
2007,1476,0,2.0,140,360,-4.891807291666667,1.9937265625,2.5581119791666667,4.583033854166667,-2.1085703125,-3.28965625,-7.0606328125,7.688341145833333,2.7952890625,6.2977421875,0,0,0.014238185522426422,0.003158752162190314,0.0022737149940821495,0.006095845599121547,0.016785897097682963,0.009038698267505479,0.022938767180493664,0.018942455406540985,0.005419177553465944,0.01328782845015449,0,0,159000,2161,907410020,188958.1,190618.72,2
1945,1487,1,1.0,120,1500,2.2169270833333337,1.3754270833333333,-4.033354166666666,7.062703125,9.194067708333334,4.055114583333333,7.669559895833333,5.755359375,-2.881421875,7.191440104166667,0,0,0.0007180687812909845,0.0,0.010557700729074618,0.001857345112911659,0.007401611602266864,0.00039255783197680166,0.01751467891907572,0.015507509084208235,0.013820501166413797,0.016231437662676623,0,0,233000,283,908225320,131162.22,140535.34,2
1978,912,1,2.0,120,940,0.7348489583333334,1.2333151041666668,-2.5955494791666665,-0.4380130208333333,-2.0910677083333336,2.5036197916666665,8.076028645833333,4.955192708333333,-2.5194270833333334,-0.17180989583333334,0,0,0.0020153388503649015,0.0015960393002689634,0.011787701648677706,0.009208031898806007,0.017530566958302483,0.002928810687122946,0.022883056125590537,0.012323890133652966,0.006325380146167634,0.006042308918682284,0,0,131400,2249,914452120,162275.42,141198.45,2
1991,1595,0,2.0,100,680,0.9450416666666667,0.5825182291666666,-3.337953125,5.845002604166667,2.0539166666666664,3.2197239583333337,8.815916666666666,1.9400494791666667,-2.75025,6.8641145833333335,0,0,0.00014530872554260424,0.00012803942199179157,0.007337494470032486,0.004295808996644512,0.007210607107867536,0.000954599464371718,0.013853271046951094,0.009701380852840657,0.0064860437055058165,0.009070429170606274,0,0,260000,955,914476430,151101.33,172455.53,2
1918,1674,1,2.0,120,1500,0.039575520833333336,-0.8425,-4.861075520833333,-0.2978958333333333,-3.3319557291666664,-0.1987890625,-1.1314049479166668,-3.6821614583333333,-3.9097291666666667,-0.08592447916666666,0,0,0.001142899079936581,0.0012035259384019794,0.022757124633082597,0.0065882485056494395,0.020130988896326623,0.0030593235092320837,0.012970777731455035,0.01673289758751334,0.014266287544987329,0.00670507595897429,0,0,270000,1409,905427050,140421.73,150570.1,2
1930,1536,1,2.0,100,1500,-3.1341536458333334,0.3745091145833333,-4.291575520833333,-2.43959375,-2.94159375,1.2202356770833334,-4.094649739583334,-1.8709713541666668,-3.4277760416666667,-0.8937083333333333,0,0,0.010210431928625826,0.0005308213276459759,0.01609065784377508,0.01206155745176525,0.01967454260778974,0.0024244728088664534,0.031029542141228213,0.019546683129284072,0.012424375858694077,0.013355073925159153,0,0,320000,200,903233120,121305.92,149680.3,2
2008,1612,0,3.0,140,340,-0.8595677083333334,0.4229674479166667,-4.8467239583333335,-2.7551796875,-3.3221171875,1.6084348958333332,-3.98471484375,-1.6087552083333332,-3.51530078125,-0.9165299479166666,0,0,0.0018156182597077134,0.0005089270812368684,0.022757124633082597,0.01322178826190157,0.020130988896326623,0.0031537228802844485,0.03420566937629775,0.019624004338559955,0.027089320723672757,0.013775619565005698,0,0,213000,1579,916386180,214083.06,256026.28,2
1932,1520,0,1.0,100,500,0.22408854166666667,-1.0408072916666666,-3.7220989583333335,6.517661458333333,8.484541666666667,4.138192708333333,7.607713541666667,14.63478125,-3.362546875,8.392229166666667,0,0,8.130431344276039e-05,9.142756726720816e-06,0.010557700729074618,0.005827565732882059,0.011817849369803795,0.0010962435801130902,0.01244305079229125,0.022689694870530106,-0.0005641007329919771,0.00944102096520557,0,0,125000,907,909129100,136968.22,137101.78,2
1984,1177,0,2.0,120,820,-2.7451588541666667,-0.25891015625,-1.35972265625,-0.22946223958333334,-6.145881510416667,-1.7090403645833332,-8.149786458333333,2.74056640625,-1.4886354166666667,-0.10151302083333333,0,0,0.007515805843311491,-1.1564823173178713e-18,0.00631507140641579,0.006604677190867183,0.03217678514739084,0.004117003229551403,0.04463566919084639,0.007288764559802204,0.0033598892818161516,0.003780065435764107,0,0,97000,1653,527328050,163027.42,158420.5,2
1998,1216,0,2.0,120,540,0.2736744791666667,0.5162447916666666,-5.9155859375,-0.3625208333333333,-1.7306510416666667,1.1710572916666668,2.3271119791666663,-2.6560390625,-4.866065104166667,-0.10694010416666667,0,0,0.0021781525610093983,0.0016363716953483505,0.018993296389698527,0.0066922602327786325,0.014153936913536076,0.0039390161485252295,0.00969328249922217,0.012318789100368556,0.019448130637122245,0.004932920908735293,0,0,223500,2906,923203090,177903.9,163240.72,2
1954,1470,0,1.0,80,1060,-0.20019140625,-0.45063671875,-4.258873697916667,-2.4210091145833337,-2.91918359375,-0.7780963541666667,-2.11601953125,-3.386453125,-3.5250611979166666,-0.9190768229166666,0,0,0.001959790926221196,0.0016986282484671242,0.01609065784377508,0.01206155745176525,0.0176473971411037,0.0040733384980187045,0.02459524060107516,0.026027763601849975,0.028237283076496405,0.011916664841939604,0,0,372500,1510,908275180,100419.22,126471.98,2
1979,2240,0,2.0,100,920,2.7366822916666664,-1.2121197916666668,-4.7045,8.237942708333334,20.30879427083333,3.5206666666666666,6.8954921875,4.361734375,-2.7633854166666665,6.896841145833333,0,0,0.0002302179393888487,0.0,0.0,0.003649142801846496,0.0173972883951513,0.0006330993333193343,0.011298314252090364,0.007863114703858826,0.0064860437055058165,0.009231092729944459,0,0,149500,813,906226120,142230.17,185582.39,2
1951,952,0,2.0,100,1480,0.16670572916666665,0.9348645833333333,-2.768953125,-0.4672760416666667,1.7038020833333332,2.0721770833333335,4.314174479166667,-2.431234375,-1.9068307291666668,-0.13002864583333335,0,0,0.0018570481031108155,0.00017357952247777698,0.011562031774396188,0.00742216199677854,0.011397837030818769,0.0020319039363206025,0.01577466554197942,0.01048151830055587,0.00717602352794963,0.007180816356578521,0,0,50138,1250,535305030,128072.55,108643.29,3
1922,1048,1,1.0,100,1500,0.5658463541666666,-0.8438489583333334,-1.9674088541666668,-0.33201302083333334,-3.7135338541666667,-1.1971458333333334,-1.4037838541666667,2.6969270833333336,-1.8564973958333333,-0.12659895833333332,0,0,0.0034368666640156335,0.0012708258942914306,0.008160915281986312,0.0075576296901342585,0.016178140522239474,0.004462193877768029,0.01415845530832418,0.011289529883608629,0.011791633161564384,0.006526261752329276,0,0,135000,2685,903236200,111155.43,107024.54,3
1975,918,0,1.0,140,1000,1.3443333333333332,-0.494296875,-6.936903645833333,-0.4251067708333333,1.5500364583333333,2.8006796875,6.567307291666667,4.103052083333333,-6.80034375,-0.14945572916666666,0,0,0.0032359327685405202,0.0016703143106710314,0.013721372929939118,0.009143663823684235,0.010164733354870394,0.004166283896322702,0.013543507366563803,0.006851227669800099,0.011579658854533253,0.0050681078461474755,0,0,62383,2254,914478020,139975.42,116440.58,3
1880,2210,0,1.0,120,1500,-0.9664466145833334,-0.33433723958333333,-3.5227526041666666,-3.65858984375,-2.4146197916666665,-1.6078984375,-3.2647213541666664,-3.4287721354166667,-2.5350625,-2.9649739583333337,0,0,0.0010868616215232193,0.000897986094971246,0.008574294105319446,0.00774517324194343,0.011024955324946819,0.0020776307920717177,0.023806270576129634,0.02309404859186595,0.019320489884402398,0.02271970610380116,0,0,403000,1996,902304040,118729.01,153472.33,3
1984,923,0,1.0,100,800,0.7944583333333334,0.03272395833333334,-5.6396875,-0.3456119791666667,-3.8656432291666665,1.771390625,-1.5447447916666668,-0.2737265625,-4.526385416666667,-0.0994765625,0,0,0.002340132334237089,0.0011328125820659301,0.018154519532980164,0.007468688581181541,0.018099891198437388,0.003069053274154695,0.011947695589026414,0.007114878200328699,0.019881426231006014,0.006706196064489044,0,0,156000,1604,923275090,130564.43,134996.16,3
1960,1065,0,2.0,100,1300,-0.17763932291666665,0.4282096354166667,-3.4925924479166666,-1.9854088541666668,-10.8536015625,1.4100872395833333,-2.7199231770833334,-1.0685065104166667,-3.90543359375,-1.0182513020833335,0,0,0.0025143610659194883,0.007183888759769968,0.007629916472559573,0.005845644086286783,0.06050013054008451,0.008620666511723961,0.012123922382770994,0.009929945302509067,0.012336766103369553,0.007620477415547599,0,0,320000,1883,534275220,134671.86,133073.19,3
2006,1402,1,3.0,140,360,-0.20944791666666665,0.40064973958333333,-3.2678111979166666,-3.39381640625,-5.363696614583333,-1.49153125,-3.557671875,-0.8025729166666666,-3.1183372395833335,-3.6471809895833336,0,0,0.0011362887378199803,0.0,0.03384704559805636,0.039609786894682066,0.06559054907193766,0.016335604298404766,0.06426090462335203,0.02636301611842181,0.04931948349025746,0.06183834944571387,0,0,555000,1743,528228275,244308.27,247722.62,3
2007,1600,1,3.0,160,360,-0.3807109375,0.680375,-5.5493463541666666,-0.34007291666666667,-3.80371875,1.8416041666666667,-1.4425677083333333,-1.1713645833333333,-4.361268229166667,-0.09584895833333333,0,0,0.002807794972418515,0.002835896284361125,0.017131489323968185,0.007468688581181541,0.017357836586641293,0.0036632577501770182,0.011545132459187177,0.008913016629130003,0.005659102635559603,0.008090989947423279,0,0,147110,426,528108010,281262.0,267127.28,3
2004,1114,0,0.0,100,420,2.9894713541666667,1.0864166666666668,-8.382963541666665,-0.5137239583333334,6.93925,1.845765625,4.094234375,-1.5990520833333333,-5.410846354166667,-0.1189140625,0,0,0.0022671045040027426,0.0006255483791513654,0.012855317606159017,0.004247878911921982,0.020172597512217956,0.0015127348978298087,0.010774515400622445,0.011414109615883405,0.025335348629152498,0.007800167381412259,0,0,116500,541,531375090,121261.85,126328.65,3
1993,1879,1,2.0,140,620,2.5472552083333335,-1.2298125,-4.77315625,8.358145833333333,20.6051328125,4.60409375,8.5992890625,4.529614583333333,-2.8697552083333333,7.1623046875,0,0,0.00011510896969442463,0.0,0.0,0.003649142801846496,0.01598486324679986,0.0006330993333193343,0.01904388430479335,0.01581022729683604,0.00011423831703989695,0.016231437662676623,0,0,109500,805,906223080,227620.47,217790.39,3
1925,1608,1,1.0,120,700,1.5900729166666667,-0.98446875,-2.7334192708333336,-0.46128125,1.6819401041666668,2.0455859375,5.639049479166667,2.6561223958333335,-2.2598671875,-0.15410416666666665,0,0,0.0007953091641533384,0.0014864956262198924,0.009276162770996986,0.006401067100514682,0.011397837030818769,0.0015866500927060468,0.012257130282753178,0.005476437569784031,0.005001328693693782,0.003375972223121164,0,0,158000,914,909251170,142586.4,138881.77,3
2002,2250,1,3.0,160,460,-3.9311171875,0.1326953125,-1.9471458333333334,-0.3285911458333333,-3.6752942708333336,1.7794270833333332,-6.883001302083333,-0.9659453125,-1.2572434895833333,-0.08573567708333332,0,0,0.018091736688505628,0.004068626259983226,0.010997422595687381,0.010300922830358692,0.02444079231428862,0.0038309913236976405,0.03397233119196794,0.008537512705551717,0.006399172483056507,0.011426261678975442,0,0,175900,48,528176070,306768.66,309389.1,3
1970,992,0,1.0,80,1100,0.9848567708333333,0.6553489583333334,2.6653828125,-0.4602005208333333,-2.1969869791666663,-0.5341171875,-1.3314192708333332,-3.7101901041666667,1.8739427083333333,-0.11534635416666666,0,0,0.0006726997780432705,0.00020028406439743496,0.0030109142385605025,0.006401067100514682,0.01456593116114382,0.0049248081954228196,0.01337088093797273,0.017774114562483376,0.005179648753872373,0.006510254129511585,0,0,222000,2287,923228200,98985.38,120539.84,4
1965,965,0,1.0,100,1200,-0.3352838541666667,0.4968567708333333,-4.396826822916667,-4.56637109375,-1.2863307291666668,-0.80330078125,-0.9362604166666666,-1.5973854166666668,-3.4904544270833333,-4.08238671875,0,0,0.0031292621445381053,0.0013774992072469745,0.017168322844527444,0.01802027460220463,0.01528439758056811,0.0038019736642701395,0.01477032160181375,0.019546683129284072,0.018494467351280623,0.02878742162683144,0,0,124000,2485,531479030,124886.53,121047.984,4
1960,1100,1,1.0,80,1300,-0.1979375,-0.522078125,-4.934020833333333,-0.3023671875,-3.381953125,0.04805989583333334,-0.8174856770833334,-3.7013528645833333,-3.97826171875,-0.08743098958333333,0,0,0.002591022853138114,0.0020239239870169716,0.020257772879216235,0.008374601966491164,0.02051296785285813,0.004644529256311463,0.012899684582472854,0.017985951301032362,0.018125330428222883,0.007310983958744884,0,0,266500,1218,534428020,116704.164,134295.19,4
1934,816,1,1.0,120,1500,0.14095052083333334,-0.5586796875,-6.446901041666667,-0.3950755208333333,1.4405494791666666,1.7520052083333333,4.5165859375,2.6283671875,-6.19421875,-0.1361328125,0,0,0.0016127357793116002,0.0007536232226125681,0.016129755828978153,0.005606053555766921,0.012815627190790711,0.0031466790767064835,0.015202600155415006,0.009395318703501552,0.014074989194775843,0.008192861684660591,0,0,139000,2552,534430050,138437.97,110510.984,4
1965,1020,0,1.0,100,1200,1.09321875,0.456328125,-3.8613229166666665,6.7614609375,8.801919270833334,3.7245625,11.798822916666666,16.8463515625,-3.6808385416666667,9.186619791666667,0,0,0.0003727485257355734,6.095171151146439e-06,0.010557700729074618,0.0031256584425678508,0.009507523399651387,4.26661980580297e-05,0.0109675284988362,0.015859316040426754,-0.0005641007329919771,8.94454578842371e-05,0,0,180000,559,532376070,131036.445,131235.92,4
1962,1027,0,1.0,100,1260,1.3728072916666667,0.17530729166666667,-7.083846354166667,-0.434109375,1.5828697916666667,2.8600026041666666,5.458919270833333,-1.8220260416666667,-5.652651041666667,-0.12422916666666667,0,0,0.0021817187120845277,0.0016703143106710314,0.013721372929939118,0.009208031898806007,0.014723541932441332,0.0032336205054110155,0.017433172783660102,0.010587858368018309,0.021328226665085753,0.006655800020001394,0,0,190000,1272,535453040,121394.57,126895.8,4
1956,1689,1,2.0,120,1380,1.8359166666666666,1.5680677083333332,-3.4402083333333335,-0.5805572916666666,7.8419921875,3.3183619791666663,8.317109375,9.626005208333334,-2.7755520833333334,-0.18927083333333333,0,0,0.0001310821230990714,9.24729158829606e-05,0.007337494470032486,0.0051439865262836015,0.009717006571844284,0.00037239991717835484,0.01215679400334022,0.01372508429317378,0.0064860437055058165,0.015072775915631546,0,0,128000,789,905450020,167085.72,176821.03,4
2007,1232,0,2.0,140,360,1.5369088541666667,-0.121859375,-2.8799166666666665,-0.4860052083333333,1.7720807291666667,3.2018723958333335,6.474544270833333,-0.22373958333333335,-2.16065625,-0.14734375,0,0,0.0015988495720538958,0.005087054855424567,0.009309154398779083,0.007749568922648997,0.013980712872967429,0.002484436873936224,0.017264635772443915,0.005249640236958231,0.003937551283914157,0.004928486727267857,0,0,55000,830,906392070,187347.66,183170.31,4
1900,1445,0,2.0,120,640,1.7715052083333334,-1.1754739583333333,-3.7319947916666667,6.535002604166667,8.507125,2.922125,9.6489453125,1.5090598958333332,-2.7791927083333334,6.93628125,0,0,0.00017175138361224274,6.095171151146439e-06,0.010557700729074618,0.005827565732882059,0.011817849369803795,0.0006764450792168646,0.015441941904015388,0.009285715517724431,0.0064860437055058165,0.007963382299915785,0,0,410000,255,906425045,143612.8,109460.516,4
1972,1218,0,1.0,120,1060,-1.0933580729166668,-0.5774622395833334,-4.427967447916667,-0.2713541666666667,-3.0350872395833335,-1.17940234375,-1.4365807291666668,-3.6621041666666665,-3.8431171875,-0.08446223958333333,0,0,0.004816005791274317,0.002572192961215971,0.017168322844527444,0.004660109159894474,0.018217757752921716,0.004176404524528267,0.013855258578901668,0.019989781101814163,0.01778726590992111,0.007870197165044564,0,0,230000,2370,527451380,124848.42,127721.14,4
1956,1124,1,1.0,120,620,-1.0542747395833332,0.09784505208333333,-3.9536927083333335,-2.2475260416666667,-2.7100013020833336,-1.8045885416666667,-4.600096354166667,-0.8821223958333334,-3.5625208333333336,-0.9288450520833333,0,0,0.0011940711477844406,0.0015262764729754813,0.007455286562460098,0.005756301818611769,0.015154476288726368,0.0029958543221681733,0.031182668419063825,0.01644992501984257,0.028237283076496405,0.011916664841939604,0,0,123000,2580,535180020,173362.47,133577.84,4
1954,1056,0,1.0,100,400,-2.0434479166666666,0.08376953125,-3.3850130208333336,-3.5155390625,-2.32020703125,-1.54502734375,-4.453865885416667,-0.74120703125,-2.9489934895833336,-3.4491041666666664,0,0,0.03183352896586978,0.0011362887378199803,0.03384704559805636,0.04460234966570088,0.03598461194830532,0.02899862189028992,0.06426090462335203,0.01902025074721447,0.03967009374899449,0.049746822891423674,0,0,192500,1922,535155110,132198.12,120791.86,4
1967,1064,1,2.0,100,1160,-0.1261796875,-0.13177669270833334,-1.96866015625,-1.119109375,-12.235049479166666,-0.89855859375,-2.5232356770833335,-8.315770833333334,-2.2116432291666666,-0.5766341145833334,0,0,0.0,0.0,0.0,0.0,0.07494179195046956,0.0,0.00772819595376096,0.06782597257532293,0.0,0.0,0,0,138000,2709,905103130,157629.9,152720.27,5
1920,691,0,1.0,100,1500,-2.7091223958333335,-0.45654296875,-1.4494635416666668,-2.2690078125,-2.7359049479166666,-1.8218372395833333,-4.183489583333333,0.9035703125,-1.4950963541666666,-1.2095442708333333,0,0,0.005731743366206362,0.00027750481326826944,0.004429789957802525,0.005756301818611769,0.01579146188190154,0.0037787465143869874,0.023287718267339146,0.006527369194167914,0.0033598892818161516,0.008871721293957732,0,0,236000,1952,535382150,101895.79,70762.85,5
1957,816,0,1.0,100,1360,-3.1586875,0.9596354166666666,-1.9001041666666667,-2.9744401041666664,1.1691770833333333,-2.3882473958333335,-7.1499609375,3.49559375,-1.5257239583333333,-1.2343098958333332,0,0,0.013262931414592819,0.0026166338319269667,0.010932338407620085,0.014201312981849266,0.013231201135098838,0.010696457095434457,0.03086686866508603,0.01149723729552515,0.0023702146193257056,0.004760235259106182,0,0,114000,2615,535404080,121756.77,105690.24,5
1996,1636,1,2.0,120,580,0.80859375,-0.7312916666666667,-7.864791666666667,5.001098958333333,1.7573723958333332,2.754859375,10.241997395833334,13.698125,-9.914182291666666,7.97446875,0,0,0.0016766926223343742,0.007159084166204339,0.03140426550598135,0.004540552783706238,0.013980712872967429,0.00249494093422802,0.015150082882310493,0.01929935608405671,0.018275017132498534,0.004722348300731725,0,0,84900,997,527107010,184850.23,204170.61,5
1911,1964,0,0.0,100,1500,-0.2977109375,0.1252890625,-5.062708333333333,-0.31025260416666667,-3.4701614583333336,0.081609375,-1.1822395833333332,-1.2283802083333333,-4.402794270833333,-0.09676041666666667,0,0,0.003723048733456596,0.0021878100376091286,0.02382817373062853,0.007565450372061271,0.023083707782886227,0.005580407855533457,0.011545132459187177,0.009049477897334648,0.025401436692497465,0.008090989947423279,0,0,260000,1521,909201110,92968.48,107232.65,5
1940,1505,0,1.0,100,860,-1.3455078125,-0.5098385416666666,-1.978796875,-0.3339348958333333,-1.5941953125,-1.4513984375,-2.1210130208333333,2.8863802083333336,-1.8286536458333333,-0.12470052083333333,0,0,0.0027658655636238366,0.0013878217425327694,0.008160915281986312,0.008580659899146238,0.014479200230313962,0.004624460929294679,0.014496588585405945,0.011600143559806804,0.006798288052515833,0.006655800020001394,0,0,88250,1355,903401050,118069.14,127216.9,5
2006,1973,1,3.0,160,380,-0.01821875,0.7703125,-2.2815651041666665,-0.3850260416666667,-1.8381145833333332,-0.4085755208333333,-1.20890625,-1.3012291666666667,-1.6073098958333332,-0.10960677083333333,0,0,0.003403455766778672,0.0010398173262045909,0.0077625368126009,0.007276090348744509,0.01972056795226228,0.0031265595631315033,0.011655485781224299,0.00970328512519254,0.0098412399236563,0.0047867530651154455,0,0,148500,1697,528110070,298163.78,300900.62,5
1935,1378,0,1.0,120,540,-1.0723151041666668,-0.42704036458333333,-4.342748697916667,-2.4686888020833333,-1.2705078125,-1.156703125,-1.33430078125,-4.0399700520833335,-3.5695065104166663,-0.93066796875,0,0,0.0038297265369515404,0.001599391684732558,0.017180448080136107,0.01065532581764643,0.014820951818753005,0.0039026058589649608,0.01912530347040636,0.032237766242250054,0.028237283076496405,0.011916664841939604,0,0,107400,694,902103100,151318.5,124561.92,5
1923,832,1,2.0,40,1100,-1.019546875,0.8114010416666666,-4.424203125,-4.594799479166667,-3.0325078125,1.20378125,-4.33596875,2.8251497395833334,-3.8248151041666665,-4.47346875,0,0,0.004761117075099255,0.0021560857156909157,0.017168322844527444,0.021911076199836482,0.018217757752921716,0.0024757328242443234,0.022618922687298974,0.011150311274966166,0.01778726590992111,0.01714318154106363,0,0,290941,182,902207130,68019.4,110435.98,5
1957,1236,0,2.0,120,580,-2.0536236979166667,-0.3442057291666667,-3.626734375,-2.0616627604166666,-2.48589453125,-1.6553567708333332,-5.309330729166667,-3.6110559895833334,-2.6698255208333337,-0.6960950520833333,0,0,0.0036065949957577725,-1.1564823173178713e-18,0.012182511448267604,0.009029699918724798,0.013500615615656636,0.0027340573280789336,0.05315367341710375,0.03858228904112494,0.019320489884402398,0.0064401632948008,0,0,220000,188,902402010,160038.78,132369.06,5
1949,1268,1,1.0,100,1500,-1.7920989583333333,-0.07668489583333332,-1.8122604166666667,-0.3058307291666667,-3.4206953125,-1.4230182291666666,-3.3532161458333336,-0.16020833333333334,-1.5471432291666667,-0.10550520833333332,0,0,0.008472531086300774,0.001762573852779798,0.009926269228822393,0.008374601966491164,0.021323566568504718,0.007406767599798156,0.017009810442261665,0.005662490093777477,0.0023702146193257056,0.004932920908735293,0,0,155000,676,535450070,127551.09,127825.2,5
1976,1025,1,2.0,100,980,-0.2771875,-0.6944036458333334,-1.9335989583333333,-0.32630729166666667,-3.6497213541666667,-0.8776197916666666,-1.1407786458333333,-4.201973958333333,-1.4211484375,-0.0969140625,0,0,0.005963749207104761,0.005862648109634224,0.010932338407620085,0.009412474186592341,0.024877892226329523,0.006688268899425523,0.011545132459187177,0.01994902899354106,0.009320123567843421,0.008090989947423279,0,0,209000,2136,907200190,150333.92,146675.92,5
1895,1534,0,0.0,100,520,-0.62775390625,-0.4013567708333333,-2.99472265625,-3.1102005208333336,-4.915462239583333,-1.36688671875,-2.9764166666666667,-2.3883033854166666,-2.8650390625,-3.3509114583333335,0,0,0.0,0.0,0.029871190135050237,0.02559557044580007,0.04689594153180734,0.00909030990255986,0.036812907546144934,0.03153847873774976,0.05527879172180188,0.04538724888284908,0,0,207500,1951,535379110,104574.336,94162.914,6
1970,1092,0,0.0,80,1100,1.9501080729166667,0.41527473958333333,-4.789701822916667,-4.974391927083333,-3.2830325520833337,0.42974088541666666,2.17358984375,-3.54376171875,-3.80778515625,-4.453555989583333,0,0,0.004695784639613193,0.000861932875658028,0.022757124633082597,0.019218283059377735,0.020130988896326623,0.0027017845869569362,0.009584328968312097,0.017896683801597334,0.01778726590992111,0.01714318154106363,0,0,205000,2919,923228210,87054.16,93407.32,6
2008,2018,1,3.0,180,320,-0.3576588541666667,-0.6778151041666667,-1.8931796875,-0.319484375,-3.5734244791666665,-1.2970390625,-1.58221875,-1.9185260416666667,-1.541609375,-0.10513020833333332,0,0,0.004804402108495879,0.004302283704013906,0.010932338407620085,0.00922451097445987,0.02442334067623262,0.006138645639147315,0.009496129790073601,0.008857164289163489,0.0023702146193257056,0.004932920908735293,0,0,122000,322,921128020,383614.06,333241.38,6
1958,1276,0,1.0,100,1340,1.059203125,-1.0512708333333332,-3.7411770833333335,6.5510859375,8.5280546875,3.6086744791666665,11.571791666666666,15.711830729166666,-3.6099791666666663,9.009854166666667,0,0,0.00014889449179544129,6.095171151146439e-06,0.010557700729074618,0.004368053483464178,0.011817849369803795,0.000681016457580225,0.01244305079229125,0.015859316040426754,-0.0005641007329919771,0.004005555485889138,0,0,132000,791,905451340,125094.89,132902.86,6
1910,1360,0,1.0,100,440,1.3728072916666667,0.17530729166666667,-7.083846354166667,-0.434109375,1.5828697916666667,2.8600026041666666,5.458919270833333,-1.8220260416666667,-5.652651041666667,-0.12422916666666667,0,0,0.0021817187120845277,0.0016703143106710314,0.013721372929939118,0.009208031898806007,0.014723541932441332,0.0032336205054110155,0.017433172783660102,0.010587858368018309,0.021328226665085753,0.006655800020001394,0,0,201000,1288,902105010,115929.88,106756.74,6
1920,1701,0,0.0,80,1500,-1.2614114583333333,0.44581770833333334,-1.8551223958333332,-2.9040286458333333,-1.4945546875,-1.3606848958333333,-1.5491796875,-3.8485338541666665,-1.3356536458333332,-1.0805442708333333,0,0,0.008472531086300774,0.001762573852779798,0.009926269228822393,0.01582095962588715,0.01874340240385112,0.007973066607364288,0.00789430726493823,0.012965839403497853,0.009611557779537306,0.008402598325699423,0,0,80000,701,902109130,74924.234,104505.74,6
2003,1489,1,2.0,140,440,2.2154583333333333,-1.1767578125,-2.5036484375,-0.4225026041666667,-2.017033854166667,2.0947369791666666,4.5522578125,3.4966770833333336,-2.2426640625,-0.15293489583333333,0,0,0.0024405893345940725,0.0035418347677185448,0.01159878562709877,0.0065420574103204655,0.014600413011879436,0.0025241632664362566,0.011501345984937118,0.006119649063804093,0.005413148745762037,0.003375972223121164,0,0,197500,481,528250020,217748.44,211479.98,6
1925,1548,0,2.0,140,360,1.3298020833333333,-0.9371875,-4.696973958333333,8.224744791666666,20.276260416666666,4.530614583333333,11.798822916666666,16.8463515625,-3.6808385416666667,9.186619791666667,0,0,0.00011510896969442463,0.0,0.0,0.003649142801846496,0.0173972883951513,0.0006906538181665466,0.0109675284988362,0.015859316040426754,-0.0005641007329919771,8.94454578842371e-05,0,0,105900,731,903201080,160748.53,135873.81,6
1971,1052,0,2.0,120,1080,1.03096875,-1.5618645833333333,-3.6414479166666665,6.376458333333333,8.300731770833334,2.8512317708333335,9.268200520833334,4.200231770833333,-2.89134375,7.216265625,0,0,0.0026927857394191666,0.008961845797971617,0.018531961997178787,0.0026253989796251784,0.009575207367200246,0.0025288200042647676,0.019751629582974304,0.012357363980665184,0.013820501166413797,0.01660326290802835,0,0,221500,256,906477110,136519.47,129384.89,6
1970,2411,1,2.0,120,1100,-0.23933854166666665,-0.49799479166666666,-4.705651041666667,-0.2883697916666667,-3.2254192708333336,-0.9401822916666667,-2.5574817708333333,-3.2503190104166664,-3.67219921875,-0.08070442708333334,0,0,0.0015055359574973803,0.0011051784591384443,0.018344533771358387,0.007552555139392669,0.02136421435755717,0.0023387321599593713,0.029661052756898006,0.030644435265250486,0.029093035928723854,0.014564970586476248,0,0,212500,1865,534127080,152143.16,223480.95,6
1930,713,0,1.0,60,480,-0.6817057291666666,-0.24374739583333335,-3.9572122395833333,-2.2495260416666665,-2.7124140625,-1.8061953125,-4.303947916666667,1.7849166666666667,-4.247111979166667,-1.1073359375,0,0,0.0007999262986998687,0.0012487716597072121,0.007455286562460098,0.005756301818611769,0.015154476288726368,0.003469563870850906,0.02170812502029799,0.009056593693226866,0.008076443784278856,0.007089967213383338,0,0,95000,2596,535375040,78105.57,74277.6,6
1967,943,0,2.0,100,1160,-0.0614765625,-0.5089427083333333,-4.809927083333333,-2.7342630208333336,-1.4071875,-0.0657578125,-0.7772864583333333,-3.58221484375,-3.7952200520833337,-0.9895130208333334,0,0,0.0011249527775919438,0.0002532053766992279,0.022757124633082597,0.01062462906547638,0.014023704434619486,0.0027359145320823286,0.011648879911091588,0.017896683801597334,0.017672376512382324,0.008701800396333646,0,0,468000,2060,905105170,140288.69,123502.555,6
1994,990,0,0.0,80,600,-0.2730755208333333,0.5940260416666666,2.4159869791666666,-0.4171380208333333,-4.6656875,0.0663046875,-1.1189557291666667,-2.972234375,1.9440963541666667,-0.1196640625,0,0,0.002626533442594491,0.0015077165021166717,0.0049127404687661766,0.0037065973090448763,0.020149625332395806,0.0027675779368021808,0.014111586700441641,0.018301334696307046,0.0029190790060286726,0.007800167381412259,0,0,263000,2127,907135180,114098.6,128387.805,7
1925,1666,1,1.0,160,580,0.8400390625,0.7853229166666666,-6.4053125,-0.39253125,1.4312552083333332,-0.455578125,-1.1209947916666667,-1.2090911458333333,-4.419283854166667,-0.097125,0,0,0.0018209342582309758,0.0013078937291450448,0.016129755828978153,0.005606053555766921,0.012815627190790711,0.0037779589595015803,0.011545132459187177,0.009075363002761822,0.025401436692497465,0.0064407292963410525,0,0,130000,1358,903427090,183050.17,148877.08,7
1996,2340,1,3.0,160,580,2.8147526041666664,1.5948359375,-3.498921875,-0.5904583333333334,7.9758359375,3.1362291666666664,5.178216145833333,10.076989583333335,-2.6432604166666667,-0.18025520833333333,0,0,0.00013819542432083783,-5.782411586589357e-19,0.018531961997178787,0.008875475701999034,0.010059837898311913,0.00019917243420945348,0.010556875293865096,0.01950937063019934,0.0064860437055058165,0.0035281438290405407,0,0,198900,1033,527380240,286559.78,315400.4,7
1947,1312,0,2.0,120,1500,-1.0588984375,0.5433046875,-4.387333333333333,-4.556510416666667,-3.0072369791666667,1.3329947916666667,-4.874985677083333,2.4729348958333337,-3.65573828125,-4.27572265625,0,0,0.004459481692770148,0.0016769555566484903,0.017168322844527444,0.01802027460220463,0.017667556088353614,0.0029892628977747633,0.039462684779915116,0.014523247966270077,0.029093035928723854,0.032054437622261456,0,0,145500,2594,535354130,130026.26,121831.81,7
1980,1032,1,2.0,120,900,0.16399739583333334,0.3703802083333333,-2.72396875,-0.45968489583333333,1.6761223958333333,2.0385104166666665,4.502919270833333,-1.0949114583333333,-1.990234375,-0.13571875,0,0,0.001162289949857287,0.00017357952247777698,0.009276162770996986,0.006401067100514682,0.011397837030818769,0.0017421332297845205,0.017596574687212332,0.01048151830055587,0.008833641103121596,0.011343044740392402,0,0,163000,933,909451040,157246.14,154602.3,7
1918,2624,1,3.0,120,1500,1.62440625,0.8633489583333334,-8.382083333333334,5.330036458333333,1.8729661458333333,2.9360572916666667,7.828013020833333,4.96390625,-8.1058125,6.51990625,0,0,0.0012941998156651355,0.0006255483791513654,0.012855317606159017,0.009959633326548194,0.011484607720792238,0.002762819864139191,0.017549488686909236,0.009928994604880762,0.03840805041704716,0.011527704722015678,0,0,76000,2214,909275310,164790.97,229691.19,7
1994,990,0,1.0,100,620,2.1807916666666665,-1.287125,-4.086458333333334,-0.689609375,17.640752604166668,4.543296875,7.0386953125,2.7920052083333333,-2.3489505208333337,-0.1601796875,0,0,0.0014132806707651665,0.013002370788142658,0.010557700729074618,0.0070587843898869025,0.018822431815687976,0.00039255783197680166,0.0158365293935633,0.006777448544126451,0.00562391571589006,0.003216327499052958,0,0,140000,837,907126050,149348.78,149904.0,7
2007,1542,1,3.0,160,360,-0.2741692708333333,0.5716315104166666,-4.662391927083333,-2.65039453125,-3.1957721354166666,0.07515494791666667,-1.1309244791666668,-1.1602682291666668,-4.2116875,-1.0981015625,0,0,0.0014291314194202487,0.0009367289922797668,0.018344533771358387,0.012922409934169453,0.021802339103951796,0.0016072398586400836,0.008613736118589472,0.008353213975821727,0.008076443784278856,0.008402598325699423,0,0,610000,1777,528427100,284196.38,279522.0,7
2000,1673,1,2.0,140,500,2.9540286458333336,0.65859375,-2.9472369791666666,-0.4973619791666667,1.8135078125,1.9707109375,4.711661458333333,-0.6621015625,-2.0266510416666668,-0.13820052083333334,0,0,0.0037708215747677565,0.0011550078463807112,0.004684844455606144,0.0037243766176478944,0.009882932929063677,0.002797572551869822,0.015407685392232197,0.006870852460210504,0.005545571962604495,0.008192861684660591,0,0,152000,2147,907252190,201883.19,215368.45,7
2004,1073,0,1.0,140,420,0.171890625,-0.74012890625,-4.75187890625,-2.7012643229166664,-1.3902018229166668,-0.33283984375,-1.96915625,1.2505807291666668,-4.548333333333333,-1.1858671875,0,0,0.0013405448911733558,0.0002532053766992279,0.014065667194941208,0.01062462906547638,0.013358126623837714,0.0027359145320823286,0.01214742001460942,0.007233881595413149,0.019881426231006014,0.008871721293957732,0,0,128000,2705,904302030,157353.55,149904.86,7
1919,819,0,0.0,100,1500,-0.6247083333333334,-0.16679427083333334,1.9799453125,-3.1710989583333333,-3.8236197916666663,-1.33825,-4.1434765625,-0.7217213541666666,1.7923619791666667,-1.30896875,0,0,0.002748053380296717,0.0010130171411676919,0.0036959817944957154,0.01235886446029991,0.018099891198437388,0.006103378452588702,0.020073381259053762,0.00819895135670316,0.0030981890866116266,0.007076556808675991,0,0,157500,2693,903454020,96315.88,78523.14,7
1982,845,0,2.0,80,380,2.3308645833333337,0.4596796875,-2.6340598958333334,-0.4445130208333333,-2.1220963541666666,2.20384375,4.295471354166667,1.470265625,-2.1161588541666667,-0.14430729166666667,0,0,0.0021392944495498226,0.0004054471185741734,0.009276162770996986,0.008153296341508012,0.015065495157136047,0.0022739158558518074,0.010881840829337106,0.004460270036273475,0.0036745444442460875,0.002702550206080529,0,0,172500,2300,923252080,123566.414,127346.414,7
1969,1216,0,1.0,120,1120,2.4313671875,0.3658828125,-8.203875,5.216713541666667,1.833140625,1.7424244791666668,5.0935,9.597536458333334,-8.43609375,6.78559375,0,0,0.0026289386609758916,0.0006255483791513654,0.012855317606159017,0.009993764409962696,0.01085051247408853,0.002738289880440458,0.01021738822100605,0.01587865926135903,0.03840805041704716,0.009749153741666445,0,0,108538,589,534129380,141230.23,130554.34,8
1971,1218,0,0.0,120,1080,-0.9762278645833333,-0.6852213541666666,-3.9536041666666666,-2.2474765625,-2.7099427083333336,-1.0530559895833334,-1.37583203125,-3.4663815104166664,-3.6806263020833336,-0.9596328125,0,0,0.004593829852856035,0.0043441371106954126,0.013060936425234202,0.008758287549997246,0.021145767730224325,0.005673073863306332,0.02488275963691225,0.032237766242250054,0.03585312101653861,0.018252089979381766,0,0,113000,2369,527451200,119282.625,109967.14,8
2007,1218,0,2.0,140,340,1.1973020833333332,-0.5353958333333334,-6.1782109375,-0.378609375,-1.8074895833333333,2.4943671875,6.3235546875,2.8000494791666664,-6.547966145833333,-0.14390364583333334,0,0,0.0022891019612041956,0.002671819494959289,0.023691111750190924,0.007215337803166696,0.01212571394741296,0.005125997702379935,0.017807526969719364,0.006851227669800099,0.011579658854533253,0.002702550206080529,0,0,143750,1130,528488140,191730.5,182923.66,8
1927,756,0,2.0,80,1500,2.1329010416666665,0.4626953125,-2.6513385416666666,-4.1504348958333335,1.6314322916666668,2.3765052083333336,3.9458802083333335,1.4208229166666668,-2.014203125,-1.6294869791666668,0,0,0.0017678917130401497,0.0002937499611162387,0.009276162770996986,0.010540936878132331,0.012661548898055878,0.0022739158558518074,0.014276485204830967,0.00746431848479816,0.005545571962604495,0.006728630820352256,0,0,333168,231,905201030,92008.125,76619.86,8
1966,988,0,1.0,100,1180,-0.25311458333333337,-0.4328385416666667,-2.2058333333333335,-0.3722447916666667,-1.7771015625,0.0921015625,-1.4633645833333333,3.5766302083333334,-1.9104296875,-0.13027864583333335,0,0,0.0021393890702155905,0.0015673684701630987,0.007239415205898504,0.006776645578465421,0.012374569940584659,0.0039899304925643175,0.01354957016945653,0.014703635925551163,0.00717602352794963,0.007180816356578521,0,0,147000,1684,527455250,131477.44,127227.21,8
2006,1141,0,2.0,140,380,2.4465807291666666,0.4672994791666667,-2.6776979166666663,-0.451875,-2.1572578125,2.6751380208333333,3.8436171875,1.4737473958333334,-2.0892317708333334,-0.14246875,0,0,0.0017678917130401497,0.00024034087727692216,0.009276162770996986,0.007178482785907051,0.014912777185846002,0.0022739158558518074,0.010829063317581109,0.007172442963272758,0.008264822958477483,0.005495359793359036,0,0,197600,535,531363030,191446.38,169133.17,8
1950,1328,0,1.0,100,1100,0.796546875,0.02990625,-1.8715364583333332,-2.9297213541666665,-3.5325755208333334,-0.9415911458333334,-0.8384739583333334,-0.30362239583333334,-1.6181067708333332,-1.309046875,0,0,0.002591022853138114,0.002684261042870263,0.01259111213002073,0.016627950697902585,0.026229880353347428,0.007594050637764427,0.00947891538008762,0.007598342290627174,0.006493444950005525,0.007076556808675991,0,0,130000,706,902201110,121011.86,119984.625,8
2002,1776,1,2.0,140,460,2.5516510416666667,0.371875,-2.5983541666666663,-0.4384895833333333,-2.0933333333333333,1.5754505208333334,4.3597890625,-3.4364140625,-1.8569348958333332,-0.12662760416666669,0,0,0.003689660844911006,0.0014196426585761732,0.011787701648677706,0.009208031898806007,0.017530566958302483,0.0034487647952652395,0.013241818626222122,0.012911739823970286,0.011791633161564384,0.006526261752329276,0,0,150000,2780,907194130,211380.58,216770.06,8
1920,846,0,2.0,100,1500,1.2603515625,0.3117864583333333,-6.314401041666667,-0.3869557291666667,-1.8473333333333333,2.3053828125,5.222145833333333,1.2008333333333332,-6.08765625,-0.13379166666666667,0,0,0.0029634856570128266,0.0012155247673284496,0.015793758055417877,0.006735773188560374,0.017089411631836485,0.005139250832229075,0.01577466554197942,0.009431237576667214,0.016751835413569175,0.009190253434528065,0,0,148000,665,535383110,107439.734,91430.48,8
1965,912,0,2.0,100,340,0.49381640625,-0.4833958333333333,-4.567723958333333,-2.5965807291666665,-3.1308802083333336,-0.07443489583333333,-0.23955208333333333,-3.6369583333333333,-3.9079270833333335,-1.01890234375,0,0,0.0013418578414399604,0.0009463377873230952,0.017958827805171156,0.00787793806676534,0.0181093906220591,0.0018307625334937272,0.013378947455364752,0.016176584880301638,0.014266287544987329,0.007938801049096727,0,0,58500,1194,534202130,147421.42,128671.94,8
2007,2552,2,3.0,180,360,-0.056526041666666665,-0.5927356770833334,-4.4226953125,-2.5141354166666665,-3.0314765625,-0.06046614583333334,-0.7915833333333334,-3.2218880208333336,-3.8650208333333333,-1.0077109375,0,0,0.002778750826274101,0.002572192961215971,0.017168322844527444,0.012509108864906844,0.018217757752921716,0.004001598784002606,0.01194371894791452,0.017896683801597334,0.01778726590992111,0.008701800396333646,0,0,147000,1696,528110040,431067.94,412350.62,8
1998,1463,0,2.0,140,540,1.5173776041666667,-0.1203125,-2.8433177083333336,-0.4798255208333333,1.7495598958333332,2.7426145833333333,6.504859375,-0.06169010416666666,-2.1707786458333334,-0.14803385416666665,0,0,0.0019830878826917597,0.0027530677083085313,0.009309154398779083,0.007749568922648997,0.013980712872967429,0.002484436873936224,0.01598675917680505,0.005249640236958231,0.003937551283914157,0.004928486727267857,0,0,244400,840,907131190,196075.58,166975.17,8
1977,1069,1,2.0,120,960,-2.7050338541666665,0.3273671875,-1.9305885416666668,-3.0221640625,-1.5553541666666668,0.9936848958333334,-4.1698776041666665,-0.7029973958333333,-1.3775234375,-1.1144114583333333,0,0,0.013068008957257043,0.0013461716372069655,0.010932338407620085,0.01743145870986771,0.01884072461347941,0.00486301689934958,0.019998767691595927,0.008771168225462051,0.00556075761536339,0.007130086646838387,0,0,191500,33,527452190,161007.83,144385.12,9
1937,1375,1,1.0,120,1500,0.331703125,-0.53721875,-4.119328125,-2.3416770833333334,-2.8235260416666663,-1.8801927083333332,-2.8756979166666663,-3.2169244791666665,-3.3844739583333334,-0.8824192708333334,0,0,0.0010774311119681388,0.0007431498587043666,0.015413929917085461,0.00655541483125737,0.01678997156442613,0.004978921538311656,0.02230771162016265,0.019890315331695576,0.012424375858694077,0.013355073925159153,0,0,244600,2035,903454090,135681.0,136095.95,9
2006,1324,1,2.0,160,380,-0.3560963541666667,-0.5966744791666666,3.0331484375,-0.5236979166666667,1.9095286458333331,2.7816041666666664,-2.1045416666666665,13.1650546875,3.0436432291666664,-0.18734375,0,0,0.001458574115623992,0.0008238338063822458,0.0025140545916841656,0.004247878911921982,0.011484607720792238,0.0026156399619467925,0.022750804691431595,0.025015609315447617,0.0030622657581718302,0.004587399702074003,0,0,337500,1726,528186190,242915.25,209224.38,9
1925,1820,0,1.0,140,1500,0.6454036458333333,0.3109401041666667,-2.2867838541666665,-0.38590625,-1.8423151041666668,-0.547171875,-1.3686302083333333,1.0297109375,-1.7498072916666667,-0.11932291666666667,0,0,0.0021452555872883625,0.002192525304900498,0.0077625368126009,0.007276090348744509,0.01972056795226228,0.004085011101259907,0.01487190404992388,0.008215713373613933,0.007190812659918037,0.007800167381412259,0,0,76000,1353,903401020,130354.54,139868.94,9
1956,1074,1,2.0,100,1380,-1.4619674479166667,-0.4197317708333333,-2.4217799479166664,-1.3766901041666668,-7.52593359375,-1.1053763020833332,-4.261791666666667,-4.0733359375,-2.8218072916666666,-0.7357200520833334,0,0,0.0,0.0,0.0,0.0,0.04689594153180734,0.0,0.044941383348423646,0.0447899138512924,0.04883862842700108,0.0064401632948008,0,0,248500,1886,534276180,156146.28,141917.6,9
2005,1367,1,2.0,140,400,0.8890494791666667,-1.3468671875,-3.1401901041666664,-0.5299244791666666,7.158106770833333,3.0289791666666663,7.807067708333333,3.6111354166666665,-2.435546875,-0.1660859375,0,0,0.0006516052636968082,0.002883418322337861,0.003682203488227068,0.006914628599683913,0.012524862112023093,0.0015127348978298087,0.014846563298453177,0.005897249012621137,0.004198024594202116,0.006801449027189589,0,0,161750,1072,528181010,216831.47,208637.58,9
1900,1428,0,2.0,140,1100,-2.0579557291666664,0.44559375,-1.3197890625,-2.0660130208333336,-5.965390625,-1.6588489583333332,-7.155971354166667,-0.9664791666666667,-1.1597096354166667,-0.938203125,0,0,0.0036065949957577725,0.0032327499418964858,0.004629105088222108,0.009029699918724798,0.02886222338991888,0.0027340573280789336,0.05967089751633982,0.01636487598572423,0.017560492097715867,0.018252089979381766,0,0,106000,2642,902106090,143546.94,112236.83,9
1924,1566,0,2.0,100,1500,0.8096276041666667,-0.56578125,-2.0689739583333333,-0.3491458333333333,-1.6668385416666667,-2.6004947916666663,-5.082098958333333,9.1468046875,-2.1075338541666664,-0.14372135416666665,0,0,0.002313373294716914,0.0020557549939830347,0.008394115872067351,0.00751624752665289,0.018074287100415812,0.007169856262497963,0.017654858819343464,0.02611776620134004,0.0036745444442460875,0.002702550206080529,0,0,154000,2653,902204120,116258.71,134280.97,9
1920,1480,0,1.0,120,1500,-0.40311458333333333,0.36182291666666666,-2.1337786458333334,-0.3600885416666667,-1.7190520833333331,-1.4618802083333333,-1.6524921875,-0.8216901041666667,-1.6100859375,-0.109796875,0,0,0.003100549347377125,0.0016363716953483505,0.005382166667719325,0.0066922602327786325,0.014153936913536076,0.004538364137035296,0.014031984347260325,0.008857164289163489,0.0098412399236563,0.0045582382284893985,0,0,100000,725,902405120,110163.22,115989.164,9
2005,1072,0,2.0,120,400,-0.5019153645833333,-0.4920182291666667,-4.481880208333333,-2.54778125,-1.3112135416666668,-1.0752018229166667,-3.4232369791666666,0.63940234375,-4.147752604166667,-1.0814322916666668,0,0,0.003910594531019536,0.0030656862935240616,0.017168322844527444,0.012496983629298181,0.015648225336232988,0.004368122672462713,0.016085743820476665,0.007006143048673302,0.007200161818250683,0.008402598325699423,0,0,189000,2183,908186050,167356.36,165539.31,9
2005,1131,0,0.0,120,380,1.3791223958333332,0.4382083333333333,-2.5842604166666665,-0.4361067708333333,-2.0819739583333337,2.4927291666666664,6.315205729166667,-1.0755338541666668,-2.1075052083333334,-0.14371614583333334,0,0,0.0020468458189760643,0.0014305023290608037,0.011723333573555938,0.009208031898806007,0.017530566958302483,0.0031189863602910143,0.01788768405663243,0.005249640236958231,0.0036745444442460875,0.002702550206080529,0,0,175000,2473,531375060,141880.11,136534.31,9
2005,1964,1,3.0,160,380,0.760140625,0.47090625,-1.9595260416666667,-3.0674635416666667,-3.69865625,-0.20557552083333333,-1.5181380208333333,-2.4280651041666665,-1.4336302083333332,-1.1598177083333332,0,0,0.002978697966000929,0.0024073624731536865,0.013662768526986436,0.020314236165883334,0.02444079231428862,0.005792197721229423,0.013342222026710345,0.012669323730555368,0.009320123567843421,0.004639154888836955,0,0,165000,1588,921201060,304381.34,288931.0,9
1929,1136,0,1.0,80,1500,-1.1557447916666668,0.5738697916666666,-4.680625,-0.2868359375,-3.2082682291666664,-1.246703125,-1.6198776041666667,-1.1306380208333333,-4.333473958333333,-0.09523697916666667,0,0,0.0014781420505517728,0.0008862596560491519,0.018344533771358387,0.007552555139392669,0.02136421435755717,0.0027456016369449858,0.011545132459187177,0.009041024570276578,0.005659102635559603,0.008090989947423279,0,0,83500,1343,903231080,85306.81,109931.38,10
1954,948,0,1.0,80,1420,-0.7298984375,0.5045911458333333,-4.1155625,-2.3395416666666664,-2.820953125,-1.8865416666666668,-4.077434895833333,-1.18647265625,-3.5970989583333335,-0.9378567708333334,0,0,0.0019230028640090681,0.0012487716597072121,0.015413929917085461,0.00655541483125737,0.01726252947400144,0.004978921538311656,0.030700463557528524,0.016393166381327137,0.028237283076496405,0.018252089979381766,0,0,171500,2186,908225240,96955.47,109983.81,10
1999,1675,0,2.0,120,500,0.7528854166666666,0.6552734375,-5.344588541666667,-0.3275260416666667,-3.663375,-0.2036171875,-1.4689869791666668,-1.4197708333333332,-4.304390625,-0.09459635416666667,0,0,0.003153937864187342,0.000979756130354826,0.029893767344909887,0.009412474186592341,0.024877892226329523,0.005903798160182224,0.01149589379129191,0.008951088080725948,0.005659102635559603,0.008090989947423279,0,0,158000,1585,916460060,157583.31,188419.16,10
2004,1733,1,2.0,140,420,-0.3661119791666667,1.5801067708333332,-5.71209375,3.632234375,-3.9152734375,-2.6071770833333336,-6.753419270833333,6.0031328125,-5.9194453125,4.7613203125,0,0,0.002112020664743389,0.004790284272889712,0.01126664495464453,0.007375013585224437,0.016006763228602415,0.00394665361425523,0.028373141504481073,0.02036905855074465,0.016199296221845183,0.013787884569029166,0,0,171500,57,528240130,199744.23,216742.16,10
1954,1626,0,1.0,120,1420,0.9290416666666667,0.3701432291666667,-2.18284375,-0.3683671875,-4.120177083333333,-0.05410677083333334,-0.8599609375,-0.8469401041666667,-1.6595572916666668,-0.11316927083333334,0,0,0.002180574660484587,0.001070695204705627,0.01036095820559529,0.008053692611897378,0.0253523130358199,0.0043569692563167756,0.012236931548524597,0.0085174482183794,0.006072575855600633,0.005037082347897363,0,0,225000,2080,905451390,123193.06,137599.14,10
1950,1040,0,2.0,80,1500,-0.9817786458333334,0.33032552083333333,1.9040078125,-3.049484375,-3.6769791666666665,-2.4485,-4.832354166666667,-0.6500520833333334,1.7490703125,-1.2773515625,0,0,0.008021932343364837,0.0024073624731536865,0.002419492676051185,0.020661604437886155,0.02444079231428862,0.012071155812814075,0.023947958820775234,0.007057112637960146,0.003100016952855449,0.005176510898098009,0,0,109500,2623,535451210,105791.586,116302.18,10
2004,1713,1,3.0,160,400,-0.2410078125,-0.09025520833333332,-5.127260416666667,-0.3142083333333333,-1.5000234375,-1.3196666666666668,-2.5550651041666663,-0.6045885416666666,-4.2564609375,-0.09354427083333333,0,0,0.0056333047455173054,0.002684261042870263,0.02382817373062853,0.008723448537270681,0.019262288735628602,0.008260666004814675,0.014510494333174803,0.007971556274224939,0.008076443784278856,0.007308470092478621,0,0,130500,440,528120160,281137.84,256626.16,10
1970,1092,0,0.0,80,1100,-0.8389661458333334,-0.334109375,-3.3977083333333336,-1.93146875,-5.57691015625,-0.9049908854166666,-1.33430078125,-4.0399700520833335,-3.5695065104166663,-0.93066796875,0,0,0.021021341649669675,0.015908042329479753,0.03384704559805636,0.02445851162840421,0.07494179195046956,0.016335604298404766,0.01912530347040636,0.032237766242250054,0.028237283076496405,0.011916664841939604,0,0,127000,332,923228270,87054.16,93407.32,10
1975,1210,0,2.0,120,1000,-0.346671875,-0.3600703125,-5.053177083333333,-0.3096692708333333,-1.4783541666666666,-1.2571875,-1.6624895833333333,2.261125,-5.026140625,-0.11045833333333333,0,0,0.003723048733456596,0.0025883945770534687,0.02382817373062853,0.007565450372061271,0.018269676642135583,0.007452475885872895,0.012707031431606801,0.007063868467869749,0.016594603309965254,0.005037082347897363,0,0,119000,2890,914476130,146199.42,134873.27,10
1967,936,1,1.0,100,1160,-0.23187239583333336,-0.7277786458333334,-2.0207083333333333,-0.3410078125,-3.8141458333333333,0.16070572916666664,-1.38409375,1.9188567708333333,-1.8069557291666667,-0.12322135416666667,0,0,0.0027538515161296614,0.0015104167760879074,0.008160915281986312,0.007468688581181541,0.018364240729880195,0.003925276002448432,0.013375542074982472,0.011289529883608629,0.0065954363472283195,0.006655800020001394,0,0,153000,2169,908102160,142768.73,132654.17,10
1966,1092,0,1.0,100,1180,-0.74980078125,-0.4243203125,-3.2536809895833336,-3.3791432291666665,-5.340505208333333,-0.13305729166666666,-3.14233203125,-2.6105520833333333,-2.7718919270833333,-3.24198046875,0,0,0.014203609222749781,0.0,0.035552633824150144,0.0353341672054319,0.06559054907193766,0.00909030990255986,0.03428312015505261,0.026690442809449325,0.04883862842700108,0.04345297613042084,0,0,181316,1488,908102140,126235.44,118637.78,10
1978,1040,1,2.0,120,940,0.188078125,-1.3398515625,-3.1238385416666663,-0.5271640625,7.120830729166667,3.4730651041666665,5.122072916666667,3.2887395833333333,-2.2638932291666665,-0.15438020833333335,0,0,0.0013555948898262113,0.002883418322337861,0.003682203488227068,0.004002579074934651,0.012524862112023093,0.002738289880440458,0.011546459097790542,0.006049480414294185,0.005001328693693782,0.003375972223121164,0,0,144750,2717,905107300,162414.14,149683.44,10
1988,2060,1,2.0,120,720,0.6733072916666666,0.0355,-2.2215338541666667,-0.3748958333333333,-1.78975,-1.135296875,-0.9658098958333333,-0.537453125,-1.6727942708333332,-0.11407291666666668,0,0,0.0020229610465305925,0.0010398173262045909,0.006446460138497081,0.006776645578465421,0.012374569940584659,0.00322088990497202,0.012829956718812662,0.008581406875133034,0.007779961121664579,0.005037082347897363,0,0,208300,2074,905352180,197775.38,239080.33,11
1953,1040,0,1.0,120,1440,-1.5740078125,1.0597916666666667,-2.0984296875,-3.2849036458333334,-1.6905703125,1.283609375,-5.654046875,3.8686302083333333,-1.6308125,-1.3193411458333333,0,0,0.004012727177430888,0.004030979689428981,0.005347050375139296,0.009066688958278371,0.015064534713977167,0.003041943341448127,0.02605745465144409,0.010822452037859281,0.006072575855600633,0.007076556808675991,0,0,200000,1934,535304170,122010.41,113760.695,11
1923,1502,2,1.0,120,580,-0.4288919270833333,0.28764973958333334,-1.6963645833333332,-2.6555078125,-3.2019375,-2.1321692708333333,-4.1064895833333335,-0.7050208333333333,-1.3814817708333333,-1.1176171875,0,0,0.0015373331486426302,0.0010583706578352861,0.00874319504061425,0.012922409934169453,0.021802339103951796,0.005609080944833142,0.019998767691595927,0.007811338374171121,0.00556075761536339,0.007793622723937061,0,0,145000,2197,909250150,181627.92,159012.33,11
2000,1525,1,2.0,120,500,-1.12440234375,-0.53669921875,-4.127970052083333,-2.3465950520833334,-1.2076705729166668,-1.8841341145833332,-3.9429518229166667,-1.5896731770833332,-3.52886328125,-0.92006640625,0,0,0.0029727316274334495,0.0007431498587043666,0.015413929917085461,0.00655541483125737,0.012943010831200285,0.005009070819440673,0.02934196605566592,0.015559655206430736,0.028237283076496405,0.011916664841939604,0,0,445000,1847,533221100,188387.17,209505.7,11
1910,1650,0,2.0,120,700,-3.0553268229166664,-0.12460807291666667,-4.16741796875,-2.3690221354166665,-2.85649609375,1.1325325520833334,-6.017135416666667,-0.3514283854166667,-3.4103177083333334,-0.8891588541666666,0,0,0.00894738413858107,0.0002654106638229874,0.015413929917085461,0.008970122178166501,0.01678997156442613,0.0019956158256424824,0.04131855694206393,0.01109386946541028,0.012424375858694077,0.013355073925159153,0,0,337000,1995,902303100,131515.56,123730.2,11
1962,1116,0,2.0,120,1260,-1.6250104166666668,0.61990234375,-4.783265625,-0.29312760416666667,-1.3993854166666668,-2.183234375,-3.7987473958333333,-1.0738111979166667,-3.8990416666666663,-0.08569010416666667,0,0,0.003236203785816713,0.0018332343518334272,0.021857144784216784,0.007477659093400631,0.014023704434619486,0.004991912809757649,0.01803973235815743,0.00994163584686125,0.012336766103369553,0.011426261678975442,0,0,146000,166,535457010,148230.06,126582.51,11
1920,3082,2,2.0,140,1100,0.7104140625,0.4378958333333333,-6.909848958333333,-0.4234479166666667,1.5439947916666668,2.4203671875,6.635434895833333,1.649609375,-6.423049479166667,-0.14116145833333335,0,0,0.002432390364179386,0.002413619933520847,0.013721372929939118,0.006630203163574836,0.009135261528026118,0.0034978693892972292,0.015447971234773133,0.007150005282701044,0.015396235644453528,0.005792577937586855,0,0,154000,910,909179020,192512.48,235635.38,11
1965,864,1,1.0,100,1200,1.60928125,4.078098958333333,-5.684119791666667,9.953317708333334,29.666802083333334,5.482802083333333,13.236036458333334,24.0284609375,-4.129166666666667,10.305640625,0,0,0.0,0.0,0.0,0.0005755448484721223,0.012213470531980075,0.0,0.0018918250048899083,0.015859316040426754,0.0,0.0017817476568601682,0,0,214000,562,532378120,139039.86,135757.11,11
1973,1055,1,2.0,120,380,-2.9349270833333336,-0.9989869791666667,-2.3291197916666664,-0.3930520833333333,1.4331640625,1.4224973958333333,-5.287005208333333,2.2314036458333333,-1.6057083333333333,-0.10950260416666667,0,0,0.006176298579366143,0.0015072464452251368,0.006983128676100345,0.005606053555766921,0.012815627190790711,0.0031497387082436053,0.029800989684203073,0.006191398699839014,0.0098412399236563,0.0047867530651154455,0,0,280000,1832,532479140,165628.69,139588.17,11
1999,1441,0,2.0,160,500,-1.667421875,-0.6315416666666667,-3.6438984375,-2.0714192708333337,-2.4976575520833335,-1.6631901041666668,-3.2104609375,-4.367305989583333,-3.0254661458333336,-0.78881640625,0,0,0.0034559583552086623,-1.1564823173178713e-18,0.012182511448267604,0.009029699918724798,0.013500615615656636,0.0029026539598983017,0.044941383348423646,0.0696589874560926,0.04288655699608215,0.01751680677953203,0,0,290000,1849,533236040,216792.39,173086.42,11
1965,1786,2,2.0,100,1200,-0.23578125,-0.6521614583333334,-5.016041666666667,-2.8514296875,-1.4674869791666667,1.1495729166666668,-2.29071484375,-1.8840364583333333,-3.8161028645833337,-0.99495703125,0,0,0.003742154056584435,0.002684261042870263,0.020257772879216235,0.01478318696233218,0.018269676642135583,0.0028509793269616787,0.01417408678717252,0.010906095965668494,0.01778726590992111,0.008701800396333646,0,0,220000,1571,916125425,183778.53,213951.83,11
1989,2519,2,2.0,140,700,-0.32069140625,-0.33308463541666666,-4.674471354166667,-0.2864596354166667,-3.2040520833333335,-1.16296875,-1.6624895833333333,2.261125,-5.026140625,-0.11045833333333333,0,0,0.001472965590665471,0.0010135580744389445,0.018344533771358387,0.007552555139392669,0.021802339103951796,0.002548045084600013,0.012707031431606801,0.007063868467869749,0.016594603309965254,0.005037082347897363,0,0,146500,2892,916225130,258135.72,320949.47,11
2007,1316,1,2.0,140,360,0.0476953125,0.72546875,-2.127390625,-0.3590078125,-4.015510416666666,-0.2395703125,-1.7172395833333332,3.8199921875,-1.9124661458333332,-0.1304140625,0,0,0.0021781525610093983,0.0018130630680962083,0.005382166667719325,0.0050326630534866445,0.02522922595151758,0.0046457632830716215,0.013914259288364412,0.014710573657367812,0.00717602352794963,0.007180816356578521,0,0,238500,2102,906380010,209639.61,210063.1,12
1910,2019,0,2.0,140,640,0.21680208333333334,-1.0886354166666667,-3.6010833333333334,6.305776041666667,8.208721354166666,2.6949140625,5.906276041666667,2.588484375,-2.6105260416666667,6.515330729166667,0,0,0.0029207711855694612,0.006781937360627169,0.018531961997178787,0.0026253989796251784,0.010715225784071076,0.0006266901216229794,0.01253197758962645,0.008663503427060985,0.0064860437055058165,0.012045765733737666,0,0,139000,749,903425245,163681.27,139177.3,12
2006,1939,1,3.0,160,380,1.2215520833333333,0.3994609375,-6.303356770833333,-0.38628125,-1.8441015625,2.2079270833333333,6.066927083333333,1.4281901041666667,-6.282231770833333,-0.13806770833333334,0,0,0.001842368438977258,0.0015717356020809338,0.023691111750190924,0.007276090348744509,0.01972056795226228,0.003599890694478138,0.015672066673146794,0.00762633414503875,0.014074989194775843,0.008192861684660591,0,0,149500,2464,528480070,298721.34,295727.5,12
1940,908,0,2.0,100,580,-1.3896979166666668,-0.5078489583333333,2.6067838541666664,-0.45008333333333334,1.641109375,-1.5732838541666667,-6.759265625,2.6964921875,1.9978671875,-0.12299739583333333,0,0,0.0020666451719211147,0.00017293961381485123,0.002685425544818814,0.007178482785907051,0.012661548898055878,0.00600034999279722,0.039345693108832756,0.007222957447634928,0.0023249339592558314,0.009026781513480991,0,0,173000,1901,534431020,132053.6,108466.26,12
1912,1560,0,0.0,120,320,0.8794921875,-1.1415390625,-3.1064348958333334,-0.5242265625,7.081151041666667,2.4323151041666664,7.527080729166667,2.2119817708333334,-2.3482005208333336,-0.16013541666666667,0,0,0.0007456406228568037,0.002162563741753395,0.003682203488227068,0.004247878911921982,0.012290622744364708,0.0014882049141310752,0.017544564022311915,0.005897249012621137,0.00562391571589006,0.003216327499052958,0,0,319900,204,903426200,113883.14,103789.03,12
1919,2447,1,1.0,120,700,-0.3077447916666667,-0.8774114583333333,2.7227213541666666,4.8779375,-5.258046875,0.07472135416666667,-1.5235182291666667,1.29740625,2.6469375,5.963510416666667,0,0,0.004182633077950631,0.0037069296427083035,0.0026291193103353955,0.005855384087297296,0.02187743850796361,0.005121223375553939,0.007970991721073352,0.005225997478980486,0.004554627058956177,0.010106774669039722,0,0,189000,293,909250060,149272.88,185482.95,12
1935,1738,1,1.0,100,1500,0.0170390625,0.22415625,3.2212265625,-0.5550807291666666,7.497893229166667,-2.039005208333333,-0.3275494791666667,-1.6380859375,2.0718072916666666,-0.12904427083333334,0,0,0.0001310821230990714,0.00012803942199179157,0.0015497502967756584,0.005609526920813516,0.012727991605582176,0.0034692149937530126,0.013130931467654164,0.011599385396524895,0.006007202797885457,0.007413738021934738,0,0,378500,1331,903206070,131216.89,158484.27,12
1925,1060,1,1.0,100,620,-0.5738020833333334,0.02880729166666667,-1.8020885416666668,-2.8210078125,-1.4518255208333333,-2.2650416666666664,-4.3872734375,-0.0013541666666666667,-1.41603125,-1.1455677083333333,0,0,0.003838020522401231,0.0016388605059215692,0.009926269228822393,0.01478318696233218,0.01546323817839647,0.007900470587726293,0.02291996803447051,0.008889367247177916,0.0062143030025192045,0.004639154888836955,0,0,327000,2006,903201090,135746.36,125021.664,12
1915,1595,1,2.0,120,1500,-1.4086458333333332,-0.12441666666666668,-4.161079427083333,-2.3654166666666665,-1.2173580729166666,-1.8992473958333334,-4.141497395833333,-0.5293450520833334,-3.7404348958333333,-0.9752317708333333,0,0,0.004220426584551298,0.00015924639829379209,0.015413929917085461,0.008970122178166501,0.014150364504654851,0.005511112879285422,0.017402703957235813,0.006694563107029557,0.017672376512382324,0.006939352014967732,0,0,152500,2602,535380010,145024.77,140081.06,12
1920,1317,0,1.0,80,1500,0.049828125,-0.18301041666666665,-2.2226614583333335,-0.3750859375,-1.7906588541666668,-0.25029947916666667,-1.462390625,-0.72646875,-1.628640625,-0.1110625,0,0,0.002218684576955733,0.0015673684701630987,0.006446460138497081,0.006776645578465421,0.012374569940584659,0.0037559601570675482,0.012725376604232421,0.008235869775917413,0.006072575855600633,0.005037082347897363,0,0,278000,1556,911102170,84664.51,108306.97,12
2004,1114,0,2.0,100,420,0.6299479166666666,0.17521875,-6.127177083333333,-0.375484375,-1.7925598958333333,2.1462161458333333,6.0860078125,-1.096,-5.891213541666667,-0.12947135416666666,0,0,0.0018493351979499346,0.0010398173262045909,0.023691111750190924,0.006776645578465421,0.012374569940584659,0.005078832531459677,0.015563885874651635,0.010546768594646741,0.022992675034768612,0.007413738021934738,0,0,232000,1136,531375110,146923.02,154292.25,12
1932,1609,2,3.0,140,700,-0.7078997395833334,-0.5451458333333333,-3.7262213541666664,-3.8699036458333333,-2.5540846354166664,-0.79820703125,-0.9888216145833334,-7.641018229166667,-2.1966002604166666,-2.5691145833333335,0,0,0.0027201385198881785,0.00047218881637993486,0.012182511448267604,0.010153790718079706,0.015200827764761131,0.002133829669344841,1.1564823173178713e-18,0.05266238723276176,0.0,0.0,0,0,168000,2866,909282060,277394.9,206684.72,12
2007,1689,0,3.0,140,360,0.9731067708333334,-0.18985677083333335,-2.305796875,-0.3891171875,-1.8576380208333332,-0.13442447916666667,0.015638020833333335,-0.4770963541666667,-1.7390546875,-0.11858854166666667,0,0,0.002522916610234204,0.0007487705370079028,0.006983128676100345,0.005606053555766921,0.017089411631836485,0.003411771628697376,0.01284506621327889,0.009340468656111538,0.004427351880869433,0.007800167381412259,0,0,582933,1786,528435060,211210.11,254820.5,13
1998,1633,1,2.0,120,540,3.307734375,1.7615572916666666,-4.111739583333333,7.199963541666667,9.37275,3.6855208333333334,5.589510416666667,7.322557291666667,-2.8531770833333336,7.1210078125,0,0,0.0037238694008812517,0.0027626152726661865,0.001536798976687187,0.007234572326182754,0.011925698107744014,0.004244275021419995,0.009593397349484105,0.00735748868859379,0.005213941332280896,0.006691279926690864,0,0,218000,1005,527162180,188765.73,204474.6,13
1972,1092,0,1.0,120,1060,-0.9762278645833333,-0.6852213541666666,-3.9536041666666666,-2.2474765625,-2.7099427083333336,-1.0530559895833334,-1.37583203125,-3.4663815104166664,-3.6806263020833336,-0.9596328125,0,0,0.004593829852856035,0.0043441371106954126,0.013060936425234202,0.008758287549997246,0.021145767730224325,0.005673073863306332,0.02488275963691225,0.032237766242250054,0.03585312101653861,0.018252089979381766,0,0,167900,2372,527451460,118735.46,110565.38,13
2001,1677,0,2.0,120,480,0.788171875,-0.13494791666666667,-2.7838776041666664,-0.4697942708333333,1.7129817708333333,2.6852734375,6.8288125,-1.2774427083333333,-2.1303619791666666,-0.14527604166666666,0,0,0.0012153790793651396,0.0014864956262198924,0.011562031774396188,0.007747650690520227,0.011891706346920832,0.0015866500927060468,0.01914164323868323,0.00598535613993847,0.0036745444442460875,0.004928486727267857,0,0,185500,1144,531385060,163046.7,203182.31,13
1986,1088,0,2.0,160,780,-2.1645065104166665,-0.24686848958333335,-3.63466796875,-2.066171875,-5.9658502604166666,1.18307421875,-4.362374348958333,-6.3175826822916665,-2.1078470052083333,-0.549572265625,0,0,0.0039461071628588565,-1.1564823173178713e-18,0.012182511448267604,0.009029699918724798,0.02886222338991888,0.005028722131838977,0.022755533018200828,0.03218249506722984,0.0,0.0,0,0,111000,1632,527182040,219505.66,155652.83,13
1998,2393,1,2.0,200,520,2.5678828125,-0.4494140625,-6.30703125,-0.3865052083333333,-1.8451770833333332,1.6723880208333333,3.4324140625,2.7051067708333334,-6.013072916666667,-0.13215104166666666,0,0,0.00517154427292655,0.0007487705370079028,0.015793758055417877,0.006735773188560374,0.017089411631836485,0.004033612294659975,0.016884043084514647,0.012042596455933547,0.016199296221845183,0.007180816356578521,0,0,113000,1178,533236090,343566.56,276823.03,13
1929,1316,0,2.0,100,480,-1.8369765625,-0.440703125,-4.014432291666666,-4.169231770833333,-2.75163671875,1.33223046875,-3.6421796875,0.6016979166666666,-3.4323098958333333,-4.0143828125,0,0,0.0030424803481751417,-1.1564823173178713e-18,0.008169807876358072,0.012507510174074346,0.01579146188190154,0.00609160589019457,0.027763666242134284,0.00976469143008565,0.012424375858694077,0.022609975455859126,0,0,306000,178,902206040,130257.36,124220.51,13
1961,988,0,2.0,100,1280,-0.3610846354166667,-0.6712591145833333,-3.9328098958333335,-2.23565625,-2.6956901041666663,-1.79505859375,-4.167174479166667,2.13321484375,-4.3498984375,-1.1341302083333333,0,0,0.0035121572324817853,0.004155261584143437,0.013060936425234202,0.008307162014674657,0.020054216487477794,0.007337567969895804,0.020268353508401057,0.008986864533286001,0.005659102635559603,0.007793622723937061,0,0,300000,1826,532377140,140356.12,126435.07,13
1967,941,1,1.0,100,1160,-0.3333111979166667,0.37896875,-4.37095703125,-4.539501302083333,-1.2787604166666668,-0.7985729166666666,-0.87170703125,-2.83976171875,-3.24978515625,-3.8009192708333335,0,0,0.002778750826274101,0.0013774992072469745,0.017168322844527444,0.01802027460220463,0.014820951818753005,0.003908054621208252,0.00987925311352984,0.019546683129284072,0.019510471914739258,0.021416217723253698,0,0,187500,2498,532378220,142768.73,132654.17,13
1967,1342,1,2.0,120,1160,0.010895833333333334,-0.5693958333333333,-2.1027291666666663,-0.3548463541666667,-1.6940364583333332,-1.3034791666666667,-0.2660989583333333,-3.3907734375,-1.5372682291666668,-0.10483072916666668,0,0,0.002112020664743389,0.0014003430352685737,0.005347050375139296,0.0050326630534866445,0.01455078810811556,0.004170988595577154,0.007907429030715145,0.012864081774639713,0.0023702146193257056,0.004932920908735293,0,0,135000,599,534252240,174119.69,160193.77,13
1926,1422,0,1.0,100,1500,1.2228619791666668,-0.11965104166666667,-2.4682578125,-0.41653125,-1.9885182291666668,1.6485390625,3.1426744791666663,-1.1394583333333332,-1.9002473958333332,-0.12958333333333336,0,0,0.0017668197012152764,0.0022598809288749888,0.003092405323272007,0.0037065973090448763,0.013011244526824329,0.0025241632664362566,0.014267688714993216,0.010987571227889606,0.009245214729040784,0.007413738021934738,0,0,184000,2199,909251030,103493.2,126419.4,13
2008,1652,1,2.0,160,340,0.7430755208333334,-0.0810546875,-1.9155390625,-2.9986041666666665,-3.6156328125,-0.20096354166666666,-1.6756770833333332,-0.04496875,-1.5824166666666668,-1.280171875,0,0,0.001987077110206847,0.0024073624731536865,0.010932338407620085,0.014201312981849266,0.02442334067623262,0.005878665647872307,0.011960985368803604,0.006493645980347914,0.0020237643668028307,0.005176510898098009,0,0,157000,1560,911370410,236235.02,249975.25,13
1925,844,0,1.0,100,1500,-3.4324427083333333,-0.9098177083333334,-1.9357369791666668,-0.3266614583333333,1.1911276041666667,-2.4330260416666665,-4.759953125,2.5902708333333333,-1.6613203125,-0.11329166666666667,0,0,0.015646569283311172,0.006854445468447388,0.010997422595687381,0.009412474186592341,0.013309302160779588,0.01198231094843744,0.025115481246770432,0.0063576002905777855,0.006072575855600633,0.005037082347897363,0,0,190000,2647,902111010,99628.16,93713.37,14
1969,1620,0,2.0,100,1120,-2.8242005208333336,-0.4839322916666667,-1.7221666666666668,-0.29062760416666666,-3.2506354166666664,-1.0158958333333334,-11.588265625,8.691959635416666,-1.8045651041666668,-0.12305989583333334,0,0,0.006499770934567577,0.0004810989537782663,0.006765643930263411,0.007477659093400631,0.01908826915329588,0.0034292174419155675,0.07147312571963925,0.02211729128124897,0.012717734218015246,0.009026781513480991,0,0,119500,1656,527356050,136862.31,153652.31,14
1950,1952,2,1.0,140,400,0.12582552083333332,-0.7482630208333334,-5.755205729166667,-3.2716171875,1.2859921875,1.5640338541666667,3.5288111979166663,-3.0730729166666664,-4.839565104166667,-1.2617994791666667,0,0,0.00158854051985696,0.0014003430352685737,0.01126664495464453,0.009066688958278371,0.01191476118605457,0.003413044208447531,0.011440409176765925,0.01318093080717721,0.019448130637122245,0.005176510898098009,0,0,275000,2036,903456110,232209.73,182485.27,14
1920,1245,0,1.0,100,1260,-0.6265533854166666,0.17792838541666667,-3.4234947916666667,-1.9461302083333332,-5.619236979166667,-1.56258984375,-3.3886731770833336,-2.49345703125,-3.4355143229166667,-0.8957291666666666,0,0,0.020453197280759682,0.0028407218445499574,0.03384704559805636,0.02445851162840421,0.07494179195046956,0.031136431734915006,0.02621129328436866,0.019810579313875514,0.012424375858694077,0.012002954758615224,0,0,395192,181,902206240,111868.055,106652.84,14
1956,1196,1,1.0,120,1380,3.3639739583333337,1.0632473958333333,-3.0003802083333335,-0.506328125,1.8462083333333332,1.8935546875,4.807,11.635234375,-2.7139583333333337,-0.18507552083333334,0,0,0.003563360939289986,0.0008136190974713583,0.003682203488227068,0.0037243766176478944,0.01085051247408853,0.0026892299130429915,0.010138036024985956,0.02194180412967413,0.0064860437055058165,0.004587399702074003,0,0,102776,1242,535178060,160757.89,145027.8,14
2005,1248,0,2.0,140,380,2.6466692708333337,1.8102682291666667,-3.1445286458333337,-0.5306588541666666,1.9349036458333333,3.9109114583333335,4.843244791666667,7.813653645833333,-2.49896875,-0.17041145833333335,0,0,0.0010713764096145118,0.00045178494049820785,0.003682203488227068,0.006914628599683913,0.009395216393735466,0.002738289880440458,0.00899044895802216,0.010226405556387838,0.003726463768100802,0.006495160663252173,0,0,118000,2426,528228545,191218.66,177385.83,14
1960,1329,2,2.0,140,1300,-0.3383411458333333,-0.11441145833333333,-2.3601979166666665,-0.3982942708333333,-1.9014583333333333,1.7684244791666668,-1.3071015625,-0.8828854166666666,-1.6283671875,-0.11104166666666668,0,0,0.0021416525234825077,0.0007046957545345431,0.005853409043306893,0.005606053555766921,0.017324610073328677,0.0031497387082436053,0.012295590813733465,0.00815709252122568,0.006072575855600633,0.005037082347897363,0,0,242000,633,535154060,220154.31,180310.4,14
1999,1416,0,2.0,140,520,0.2928020833333333,1.39671875,2.8730026041666665,-0.496046875,-2.3681197916666665,2.1997552083333334,-2.899109375,4.749049479166667,2.3906744791666665,-0.14718229166666666,0,0,0.0011756344728064063,0.0021096687176475055,0.0035508266424777416,0.0037243766176478944,0.00935114378915707,0.0033723923774746103,0.01382117210104562,0.00857165383269115,0.005211913541223266,0.004928486727267857,0,0,149000,103,533223020,187098.94,176565.73,14
1930,1098,1,1.0,140,600,2.3469114583333335,0.7841432291666667,-2.6070052083333333,-0.4399453125,-2.1002994791666665,1.5052447916666667,5.137755208333333,12.795411458333334,-2.7957083333333337,-0.19065104166666666,0,0,0.0032030451142126327,0.0013095103712072256,0.011787701648677706,0.009208031898806007,0.017365484334342287,0.0035092607741920284,0.009868225323840017,0.021171834351215946,0.0064860437055058165,0.015072775915631546,0,0,162000,2202,909252150,154633.27,115000.4,14
2000,2234,1,3.0,160,500,1.47071875,0.040401041666666665,-6.9621953125,-0.42665625,1.5556901041666666,2.3104765625,4.517473958333333,-0.8548359375,-5.61740625,-0.12345572916666667,0,0,0.003168999982101555,0.001374350218327866,0.013721372929939118,0.009143663823684235,0.011586082768633547,0.0032336205054110155,0.015054603323042075,0.008928885874876485,0.014971264534025513,0.006655800020001394,0,0,154000,2445,528315080,297673.38,296039.88,14
1970,1092,0,1.0,80,1100,1.36909375,-1.1261901041666667,-2.3960598958333335,-0.40434895833333334,-1.9303567708333333,1.5121666666666667,4.510018229166667,3.3912734375,-2.2344322916666663,-0.15236979166666667,0,0,0.0015739949699679287,0.0038695447911180508,0.005853409043306893,0.006215299796217099,0.016366689145350014,0.00380796094378281,0.011501345984937118,0.006119649063804093,0.005413148745762037,0.003375972223121164,0,0,128000,980,923228230,95038.836,109061.23,14
1928,1981,2,2.0,80,1500,0.7885572916666667,-0.11785416666666668,-2.7852369791666667,-0.47002604166666667,1.7138229166666668,2.6865911458333334,7.0389375,-0.22738541666666665,-2.1958932291666664,-0.1497421875,0,0,0.0011807786545207418,0.0014864956262198924,0.011562031774396188,0.008689786757536682,0.011891706346920832,0.0015866500927060468,0.019514861265389986,0.0050084603718814485,0.003080785232605061,0.004384211515859382,0,0,137900,912,909250220,127299.55,196585.98,14
2006,1352,1,2.0,140,360,-2.134484375,0.5870716145833333,-3.5842552083333334,-0.21964973958333334,-5.883106770833333,-1.6359700520833333,-8.4255078125,3.0256809895833334,-4.071104166666666,-0.08947395833333333,0,0,0.0036065949957577725,0.0048491249128447276,0.012182511448267604,0.005480699645404728,0.025949461552018827,0.0021900285466179645,0.04899522991476787,0.01428778986493041,0.019979706118928565,0.007620477415547599,0,0,386250,1838,533208010,205812.17,211798.48,15
1910,1521,0,3.0,120,460,0.295890625,2.105515625,-4.914598958333333,8.605822916666666,21.21572916666667,5.464015625,6.597734375,7.48409375,-2.9161197916666666,7.278098958333333,0,0,0.0,0.0,0.0,0.0021123438251593094,0.01579343956499503,0.0006330993333193343,0.0167633962172568,0.01578897018602809,0.013820501166413797,0.014608960628703236,0,0,12789,726,902406070,166758.6,146292.03,15
1967,1296,0,2.0,80,1160,-0.8034127604166666,-0.24676953125,-2.37325,-2.4647643229166665,-7.375126302083333,-1.0832278645833333,-2.219490234375,-6.643224609375,-2.0045553385416666,-2.3445084635416666,0,0,0.0,0.0,0.0,0.0,0.03893814974197411,0.0,1.1564823173178713e-18,0.028318397090349355,0.0,0.0,0,0,118900,2707,905101330,120940.21,142562.47,15
1980,1217,1,1.0,120,900,2.5392291666666664,-1.4185833333333333,-4.758109375,8.331807291666665,20.540192708333333,4.589583333333333,12.405994791666666,24.87904166666667,-4.140078125,10.332885416666667,0,0,0.00011510896969442463,0.0,0.0,0.003649142801846496,0.01598486324679986,0.0006330993333193343,0.0013008906345326602,0.019704172525009337,0.0,0.0017817476568601682,0,0,153000,548,531452010,149994.1,152248.38,15
1992,1280,0,2.0,160,660,3.4248802083333336,-1.0982291666666668,-3.9082864583333334,6.843700520833333,8.9089765625,3.50315625,6.910166666666667,16.563046875,-3.4387135416666665,8.582296875,0,0,0.0001504182845832279,0.0035141542670655834,0.010557700729074618,0.0031256584425678508,0.009507523399651387,4.26661980580297e-05,0.006823833064005606,0.02523257459021265,-0.0005641007329919771,0.006351403875741283,0,0,270000,1003,527145090,220191.89,165182.9,15
1958,960,0,2.0,100,1340,-4.012140625,1.007578125,-1.9950130208333332,-0.33666666666666667,-1.6072578125,-0.35725,-6.209408854166667,3.8381875,-1.6752604166666667,-0.11423958333333332,0,0,0.010027998850517352,0.004842862837581304,0.008160915281986312,0.007468688581181541,0.014479200230313962,0.004596212097941036,0.03393247404045908,0.008455270293207421,0.007779961121664579,0.005037082347897363,0,0,200000,2669,902406030,134830.7,122238.68,15
1946,1230,0,1.0,80,1500,-0.309640625,-0.3568528645833333,-3.3725390625,-1.9171614583333332,-5.535596354166667,-1.5393307291666667,-3.1796276041666665,-3.18852734375,-3.31903515625,-0.8653619791666667,0,0,0.015339897960569763,0.012499176116019807,0.03384704559805636,0.02445851162840421,0.07562402724090708,0.028571059921364907,0.02261068547580399,0.019638778137309267,0.019510471914739258,0.011144298259939706,0,0,120000,2555,534451050,90504.39,110513.83,15
1997,1525,1,2.0,120,540,2.11575,0.4213385416666667,-6.648611979166667,-0.4074375,-1.9451119791666667,3.0028046875,3.8083854166666664,1.5383515625,-5.880424479166667,-0.129234375,0,0,0.002081547679238402,0.0007536232226125681,0.016129755828978153,0.006505491764211473,0.016366689145350014,0.003778113814797526,0.012717208000542398,0.007698268999520562,0.022992675034768612,0.007413738021934738,0,0,180500,2311,527105060,197708.8,209372.69,15
2005,2798,1,3.0,180,380,1.1502760416666666,-0.7133359375,-2.6918958333333336,-0.4542708333333333,1.656390625,1.6988697916666669,3.9417890625,3.7058359375,-2.2196197916666667,-0.15136197916666666,0,0,0.0008111009300028193,0.0005308912950785326,0.009276162770996986,0.006401067100514682,0.01233073585328961,0.001790473317590125,0.010741516300064802,0.007919428230378648,0.005413148745762037,0.003375972223121164,0,0,185000,2330,527210030,358242.1,397911.1,15
1964,1977,1,2.0,120,940,-2.2319869791666664,0.3041393229166667,-3.7479817708333334,-2.1305885416666666,-2.5690013020833335,-1.7106979166666667,-7.0169296875,0.3040924479166667,-3.3904973958333335,-0.8839934895833333,0,0,0.005862059096319912,-1.1564823173178713e-18,0.01114557104653521,0.01023243903304085,0.015926685124514596,0.004117003229551403,0.049419982393963606,0.009535265135298038,0.012424375858694077,0.013355073925159153,0,0,184000,1906,534475170,168303.56,194604.81,15
1910,899,0,1.0,100,1500,1.0694114583333332,0.5592473958333334,-6.89171875,-0.4223385416666667,1.5399427083333332,1.8751692708333332,3.0798177083333336,-0.5665755208333334,-5.381114583333333,-0.11826302083333333,0,0,0.001957006077438579,0.001811311429903515,0.01834171288774444,0.0065420574103204655,0.009674928060319834,0.0026623149449120967,0.009165413077125336,0.009359818367502602,0.025335348629152498,0.007800167381412259,0,0,160000,1298,902134100,95229.63,90954.24,15
1979,1224,2,2.0,100,920,0.279875,-1.231859375,-4.648635416666667,8.140109375,20.0676171875,5.168322916666667,6.185361979166667,4.564432291666667,-2.7338489583333336,6.8231953125,0,0,0.00011510896969442463,0.0,0.0,0.003649142801846496,0.01808444845547469,0.0012661986666386692,0.010832961873353832,0.008663503427060985,0.0064860437055058165,0.009070429170606274,0,0,140000,809,906226080,182125.03,175078.28,15
2001,1337,1,2.0,120,480,0.8869453125,-0.5690989583333333,-2.1016380208333336,-0.3546640625,-3.9668984375,-0.12252083333333333,0.0139921875,-3.4028411458333334,-1.5563932291666667,-0.10613802083333333,0,0,0.002745584801756422,0.0014003430352685737,0.005347050375139296,0.0050326630534866445,0.02032019569892948,0.003974081287559181,0.007907429030715145,0.013331748714382356,0.0020237643668028307,0.004932920908735293,0,0,148500,1674,527427160,190098.25,200485.1,16
1972,1092,0,1.0,80,1060,0.23628385416666667,-0.6845052083333334,-5.107421875,-0.3129921875,-3.5008098958333336,0.5460911458333334,2.0764309895833333,-4.0734609375,-4.564828125,-0.10032291666666668,0,0,0.00345455465913405,0.0038011190787964073,0.02382817373062853,0.008723448537270681,0.025218210978678775,0.004271687738783715,0.010077053983259946,0.01938624229119587,0.019881426231006014,0.003780065435764107,0,0,149000,2915,923226290,92897.05,110565.38,16
1993,1655,1,2.0,120,620,-0.6114375,-0.3656380208333333,1.8768958333333332,-3.0060390625,-3.6245989583333333,-2.413609375,-5.523286458333333,2.6654036458333334,1.9748177083333334,-1.4421770833333332,0,0,0.006886296393041839,0.004213778328799599,0.0035122424561534324,0.01743145870986771,0.024877892226329523,0.01109386230467109,0.03256958498163072,0.0076106600562989655,0.0023249339592558314,0.01129620269546245,0,0,244000,11,527163010,192232.16,208598.19,16
1973,988,0,1.0,80,1040,1.8987083333333332,1.1331666666666667,-3.3229322916666666,-0.560765625,7.5746640625,2.097125,4.778033854166667,5.518247395833333,-2.3671875,-0.16142447916666666,0,0,0.00037102027810129976,0.00015649262687885668,0.007337494470032486,0.005609526920813516,0.012727991605582176,0.00037239991717835484,0.012149993638351436,0.009848474556833369,0.004198024594202116,0.003216327499052958,0,0,129000,974,923225360,94179.89,112001.7,16
2005,1838,1,2.0,100,400,2.686765625,2.3128958333333336,-3.0362578125,-0.5123828125,1.86828125,1.85728125,5.113716145833333,7.927432291666667,-2.5192630208333333,-0.171796875,0,0,0.0021444545855090775,0.0019011525912637167,0.003682203488227068,0.0037243766176478944,0.011484607720792238,0.0015127348978298087,0.008613942583450152,0.009848474556833369,0.010204402819512333,0.006495160663252173,0,0,140000,2431,528231050,186920.6,242293.33,16
1948,1082,1,1.0,120,1500,-1.7707955729166667,-0.5331536458333334,-3.6442473958333337,-2.0716197916666665,-2.4978971354166664,-1.6633489583333332,-2.76345703125,-7.837434895833333,-2.2530572916666665,-0.5874309895833334,0,0,0.0035121572324817853,-1.1564823173178713e-18,0.012182511448267604,0.009029699918724798,0.013500615615656636,0.0029026539598983017,0.01030426127168128,0.06459283196316674,0.0,0.0,0,0,167000,1958,535450220,132424.12,120551.45,16
1963,1382,1,2.0,80,920,-1.8643307291666666,-0.09234114583333333,-3.0883020833333337,-1.7555833333333333,-5.069059895833333,-1.40959765625,-5.30571875,-0.5050143229166667,-3.5130182291666667,-0.9159348958333333,0,0,0.0193169085429397,0.0,0.035552633824150144,0.019914126756700155,0.04901973508048321,0.012499176116019807,0.03839259866871143,0.010698290945099095,0.027089320723672757,0.013775619565005698,0,0,139000,2706,905100030,127012.99,162557.33,16
1959,1194,1,2.0,120,1320,-1.7565091145833334,0.10258203125,-3.4521848958333337,-3.5853020833333336,-2.3662513020833336,-1.5756861979166668,-3.5754127604166666,1.563921875,-3.6649075520833336,-4.286444010416667,0,0,0.03183352896586978,0.00795402116473988,0.04163836342994803,0.04460234966570088,0.03893814974197411,0.03156399370384002,0.030521897756388222,0.013214639630688925,0.029093035928723854,0.035124477885978646,0,0,135000,2613,535403150,171780.73,154481.89,16
1948,1687,2,2.0,100,1500,0.7883645833333334,-0.6806770833333333,-5.100825520833333,-0.31258854166666666,-3.4962890625,-0.0459140625,-0.835359375,1.4091822916666668,-5.002125,-0.10993229166666667,0,0,0.002083240917566673,0.0035077622097328225,0.02382817373062853,0.007565450372061271,0.02523908736499054,0.005873764724597041,0.009709779346370991,0.004996068030888263,0.022053955822740074,0.0045582382284893985,0,0,148000,315,916125360,157572.94,181480.58,16
2007,2656,1,3.0,180,360,-0.22221614583333335,0.6911223958333333,-5.332807291666667,-3.0315,-1.56015625,1.2934140625,-1.0316432291666668,-1.4205989583333332,-4.1790390625,-1.0895833333333333,0,0,0.005963749207104761,0.0009735591273573701,0.029893767344909887,0.01743145870986771,0.01884072461347941,0.004496601392497441,0.009129086892661516,0.008372266322243934,0.007200161818250683,0.008402598325699423,0,0,137900,1692,528106050,347053.94,392710.47,16
1980,1564,1,2.0,120,880,-2.9251966145833337,-0.2769544270833333,-1.4545377604166667,-2.27694921875,-6.57444140625,1.3292643229166667,-5.747591145833333,2.854765625,-1.5506640625,-1.2544869791666668,0,0,0.006852216007480441,0.0009018906431218759,0.004429789957802525,0.005840893517359399,0.0329544629930848,0.0061609820935116365,0.028035690803799973,0.00812296061295561,0.0020237643668028307,0.005176510898098009,0,0,141000,82,531453040,165537.73,180027.58,16
1994,2494,1,3.0,160,600,1.333234375,-0.7552421875,-6.879638020833333,-0.4215963541666667,1.5372447916666667,2.7775598958333334,6.182455729166667,2.04578125,-6.401864583333333,-0.1406953125,0,0,0.001526237165976508,0.00244511458702146,0.01834171288774444,0.0065420574103204655,0.009674928060319834,0.0031505029820139553,0.015641995393243534,0.00762633414503875,0.014074989194775843,0.008192861684660591,0,0,174500,2452,528363070,303266.97,338742.34,16
2007,2696,1,3.0,140,360,0.5364348958333334,0.7990677083333334,-5.1361640625,-0.31475260416666667,-3.5205130208333335,-1.1349166666666668,-1.32021875,3.9004401041666665,-5.417588541666667,-0.11906510416666667,0,0,0.002431154591730385,0.0016388605059215692,0.02382817373062853,0.008723448537270681,0.026229880353347428,0.007735625389655961,0.014637097921701474,0.008912684107652006,0.025335348629152498,0.007800167381412259,0,0,250000,2097,906340080,240177.25,392710.47,17
1995,2501,1,3.0,160,600,0.9324036458333333,0.574734375,-3.293328125,-0.555765625,7.507177083333333,3.1766848958333336,7.444151041666667,1.7975546875,-2.3223072916666667,-0.15836458333333334,0,0,0.00027315177954230496,0.00015649262687885668,0.007494974000004214,0.005609526920813516,0.012727991605582176,0.001091766989685352,0.018137574440244796,0.005897249012621137,0.00562391571589006,0.003945243180941983,0,0,237000,1105,528363020,307156.53,339110.8,17
1950,932,1,1.0,120,1500,-2.37351953125,-0.3835377604166667,-3.9856471354166665,2.5344114583333335,-6.541938802083333,-1.81917578125,-9.127536458333333,1.36558984375,-4.410333333333333,3.5474505208333333,0,0,0.00439256023210135,0.0004856334232194714,0.007455286562460098,0.012955452616539822,0.03144547291089776,0.0037787465143869874,0.052938739562047775,0.0072626234727217395,0.025401436692497465,0.01580541302211713,0,0,254000,1900,534430090,138321.19,115710.96,17
1994,1679,1,2.0,120,540,1.5518255208333334,0.2289921875,-2.9078776041666665,-0.4907213541666667,1.7892864583333332,3.2329609375,6.261434895833333,-1.3629661458333333,-2.0895416666666664,-0.1424921875,0,0,0.0014239111068117076,0.005087054855424567,0.009309154398779083,0.007749568922648997,0.013980712872967429,0.0027071215839658412,0.015632211540554594,0.009557928844470613,0.008264822958477483,0.005495359793359036,0,0,213000,1142,531382120,189350.98,215310.14,17
1989,1337,1,2.0,160,720,2.2590833333333333,1.8350520833333333,-3.9536458333333333,6.923130208333333,9.012375,2.4951666666666665,6.217119791666667,10.795653645833333,-3.0801875,7.687513020833333,0,0,0.0003727485257355734,7.618963938934205e-06,0.010557700729074618,0.0031256584425678508,0.007478222072201481,0.0007409256731077864,0.013012783289331314,0.0174462105280553,0.013820501166413797,0.009883868956273974,0,0,236000,1010,527183060,247511.5,186728.53,17
2005,1541,1,2.0,140,400,-2.302203125,-0.924203125,2.1060598958333334,-3.3730807291666665,1.325875,-2.7083229166666665,-6.074888020833333,2.5306458333333337,1.929796875,-1.4092994791666666,0,0,0.006389826840757512,0.002943029761562512,0.0038799050837197277,0.011398757622768919,0.011956900737150604,0.007545070958041847,0.03215938194413905,0.007900357476816772,0.0029190790060286726,0.010316694765381666,0,0,236500,41,528120100,214661.02,226393.4,17
2005,1270,0,2.0,140,380,-1.1746744791666668,-0.56241015625,-1.56605078125,-2.45151171875,-2.9559622395833336,-1.968375,-4.073591145833333,-3.4335625,-1.1749583333333333,-0.9505494791666667,0,0,0.005554126969287369,0.002678560226188086,0.0073644521717419085,0.01206155745176525,0.01967454260778974,0.0065933481382668595,0.03129972677367006,0.03130137019797419,0.017560492097715867,0.018252089979381766,0,0,252000,2111,906392080,191381.22,178743.67,17
1980,1229,1,2.0,120,660,0.1600546875,-0.45094270833333333,-2.658515625,-0.4486380208333333,1.6358489583333333,1.9895286458333332,5.0449921875,2.7429947916666664,-2.2298203125,-0.15205989583333335,0,0,0.0006860520490030997,0.00017357952247777698,0.009276162770996986,0.007178482785907051,0.012661548898055878,0.001960577524475123,0.011884231247880628,0.006049480414294185,0.005413148745762037,0.003375972223121164,0,0,158900,934,909451100,174076.52,159284.0,17
1923,968,0,2.0,100,380,-3.2603802083333333,-0.69266015625,-4.4471015625,-2.5280130208333333,-1.3010377604166667,1.4758151041666667,-6.48250390625,1.0102005208333333,-3.6740716145833336,-0.95792578125,0,0,0.008535230060545861,0.003175463725874184,0.017168322844527444,0.012496983629298181,0.016281012705755632,0.002665082320608468,0.05689647470141525,0.014416615111123686,0.029093035928723854,0.018252089979381766,0,0,181000,1989,902207150,146055.05,105056.336,17
1971,987,0,1.0,120,1080,3.70925,1.2893385416666667,-4.140817708333333,7.250885416666667,9.4390390625,4.136854166666667,6.847203125,15.908828125,-3.3987083333333334,8.482552083333333,0,0,0.0037238694008812517,0.0017841890302635788,0.001536798976687187,0.007234572326182754,0.011789192364412407,0.004244275021419995,0.010341332657050496,0.025151212570697083,-0.0005641007329919771,0.008697252265593427,0,0,155000,1044,527451290,128990.03,114857.37,17
1979,1353,1,2.0,120,520,-0.64377734375,0.47809114583333334,-3.6890260416666667,2.3457942708333337,-11.464041666666667,-1.68378515625,-5.795106770833333,-1.2093385416666667,-4.391122395833333,3.5320104166666666,0,0,0.0018516420352888425,0.0010775833139654942,0.012182511448267604,0.0053879165698274755,0.06824672177980089,0.0035434394080976063,0.02873358443948191,0.009049477897334648,0.025401436692497465,0.01580541302211713,0,0,118000,1655,527354050,183855.14,162894.23,17
2005,2482,1,3.0,160,380,3.7760729166666667,1.0735494791666667,-3.3679375,-0.568359375,7.67725,0.832125,4.025427083333334,4.5668046875,-2.2726927083333335,-0.154984375,0,0,0.0006851341464284728,0.00012803942199179157,0.007337494470032486,0.005609526920813516,0.012727991605582176,0.00015649262687885668,0.009525163816090478,0.007988361658542756,0.005001328693693782,0.003375972223121164,0,0,164500,2277,921205070,297374.6,364393.72,17
1920,1740,1,1.0,100,1500,1.2658463541666667,0.18128125,-6.100578125,-0.3738541666666667,-1.7847734375,1.3981302083333333,3.9611302083333335,2.5984921875,-6.0893515625,-0.133828125,0,0,0.0030729679730211773,0.000848973076564642,0.02288220580785498,0.006776645578465421,0.012374569940584659,0.0036572979733094486,0.016758987949086417,0.009483344463269473,0.016751835413569175,0.009190253434528065,0,0,170000,1295,902109160,111750.23,142296.11,18
2007,1496,0,2.0,160,360,-0.1940078125,0.40630859375,-4.655852864583333,-2.6466783854166667,-3.19128515625,0.13446354166666666,-0.9967747395833334,-2.1497734375,-4.037794270833333,-1.0527578125,0,0,0.0014278624999875306,0.0008039931286732869,0.018344533771358387,0.010593026983561014,0.021802339103951796,0.0016111919008491393,0.012610844843692539,0.013461261616914353,0.019979706118928565,0.009868322490714503,0,0,360000,1789,528439050,219580.61,201823.33,18
1925,1040,0,2.0,120,660,0.508375,-0.6449114583333334,-4.960270833333333,-0.3039739583333333,-3.3999505208333334,-0.4310026041666667,-1.0709479166666667,-2.0975364583333334,-4.248546875,-0.09336979166666667,0,0,0.0022004418797579098,0.0024229109086330897,0.020257772879216235,0.008374601966491164,0.02051296785285813,0.005580407855533457,0.007923205760018573,0.010323731956553915,0.008076443784278856,0.007308470092478621,0,0,149900,1364,903455140,135380.36,114490.35,18
2004,1374,1,2.0,140,420,-1.52978125,0.79343359375,-4.844169270833333,-0.296859375,-1.417203125,-2.21103125,-5.578502604166667,2.9522721354166666,-4.5104114583333335,-0.099125,0,0,0.004480652209392083,0.0011565545960144832,0.022757124633082597,0.0065882485056494395,0.014653690328825556,0.00582155294331106,0.025831484850851374,0.011391317966977,0.019881426231006014,0.006706196064489044,0,0,180400,55,528231020,203126.33,197504.33,18
1910,1232,0,2.0,100,1500,-1.0223958333333334,0.3045859375,-3.7534713541666664,-0.23001953125,-6.1608515625,-1.713203125,-4.592747395833333,0.5004205729166666,-4.110416666666667,-0.09033463541666667,0,0,0.003446680047650937,-1.1564823173178713e-18,0.01114557104653521,0.006604677190867183,0.03217678514739084,0.004220697138087612,0.019802796349223953,0.007006143048673302,0.007200161818250683,0.0051298781801900695,0,0,168000,1993,902301130,109390.59,106925.68,18
1939,1132,0,1.0,120,1500,-0.3433567708333333,-0.325158203125,-1.8761028645833333,-1.0664947916666667,-11.659822916666666,-0.8563125,-3.0205013020833333,-4.420419270833333,-3.06225,-0.79841015625,0,0,0.0,0.0,0.0,0.0,0.06559054907193766,0.0,0.044941383348423646,0.06983438482837831,0.04931948349025746,0.023956970074332833,0,0,611657,195,903226160,119636.59,108805.555,18
1964,1516,0,2.0,120,1220,0.0107109375,-1.0133802083333334,-2.0673463541666663,-0.3488776041666667,-1.66553125,-1.2815494791666668,-0.3358828125,3.0669973958333334,-1.9404140625,-0.1323203125,0,0,0.0028199308241774732,0.0036555371563993314,0.008394115872067351,0.00751624752665289,0.018074287100415812,0.005310416219168348,0.013479483749301342,0.012419597646153191,0.008833641103121596,0.007180816356578521,0,0,109000,606,534400050,150320.73,158708.42,18
2005,1200,0,2.0,120,400,1.333234375,-0.7552421875,-6.879638020833333,-0.4215963541666667,1.5372447916666667,2.7775598958333334,6.006375,1.1045,-6.2195078125,-0.1366875,0,0,0.001526237165976508,0.00244511458702146,0.01834171288774444,0.0065420574103204655,0.009674928060319834,0.0031505029820139553,0.01596411116825486,0.00762633414503875,0.014074989194775843,0.008192861684660591,0,0,107000,1163,533212050,176890.69,175949.84,18
2003,1928,1,2.0,140,420,1.0096145833333334,0.8956848958333333,-2.3923046875,-0.4037135416666667,-1.9273333333333333,-0.13946875,0.02055989583333333,8.294354166666666,-2.2866354166666665,-0.15593489583333334,0,0,0.001369891492989017,0.0007487705370079028,0.005853409043306893,0.006215299796217099,0.01691844528413276,0.0036679106008005386,0.0045683807182211045,0.016631041359739748,0.005001328693693782,0.003375972223121164,0,0,184900,2159,907401060,217622.64,231609.27,18
2004,1680,0,2.0,140,420,1.4772447916666667,-0.9125052083333334,3.6897526041666664,-0.6370572916666666,8.605322916666665,3.7714739583333334,-6.804145833333333,17.1070078125,3.1258020833333333,-0.19240104166666666,0,0,0.00014889449179544129,0.0,0.0018421071850337914,0.007628020678268631,0.011419383967936583,0.0006779688720046518,0.023861483310288662,0.035503596566406566,0.00238354118711166,0.015072775915631546,0,0,170000,95,533208090,172864.72,194299.39,18
2006,1554,1,2.0,160,380,-0.02011458333333333,0.439703125,-2.5195885416666663,-0.42519270833333334,1.5503619791666667,-0.4511979166666667,-1.2388828125,-0.66284375,-1.6471822916666667,-0.11232552083333333,0,0,0.00201107397694965,0.0022256161944497034,0.011723333573555938,0.009143663823684235,0.010164733354870394,0.003456165884521853,0.012707031431606801,0.008236417703879692,0.006072575855600633,0.005037082347897363,0,0,148800,1721,528181070,237687.19,229236.02,18
1956,1200,2,1.0,80,1380,0.5959869791666667,-0.4468697916666667,-4.544411458333333,-2.583328125,-3.1149010416666667,-0.3232213541666667,-0.9838033854166667,-2.9435807291666665,-3.8784348958333337,-1.0112083333333333,0,0,0.001929723992644645,0.0009798931039766239,0.010970678953345837,0.00787793806676534,0.018156815128567767,0.001738543734121992,0.012804647575781964,0.016956697549963713,0.01778726590992111,0.008816689793872436,0,0,154000,639,535179160,147268.67,164478.98,18
1980,1032,1,2.0,120,900,-0.026125,0.028671875,-4.9409479166666666,-2.8087421875,-1.4455130208333333,-0.0448828125,-1.238203125,-0.11855208333333332,-4.403130208333333,-1.148015625,0,0,0.002508477102396003,0.001802746556513726,0.020257772879216235,0.015592338556762073,0.01546323817839647,0.005062028262294077,0.011545132459187177,0.007811338374171121,0.025401436692497465,0.004639154888836955,0,0,184000,1543,909451020,157246.14,154602.3,19
1975,1076,1,2.0,100,1000,0.03916927083333334,-0.4730989583333333,-4.811161458333333,-2.7349661458333334,-1.407546875,-0.19675,-1.0489466145833333,-4.102529947916667,-3.6247825520833334,-0.945078125,0,0,0.0010435653350814773,0.0002532053766992279,0.022757124633082597,0.01062462906547638,0.014023704434619486,0.0029097011559207865,0.01912530347040636,0.0357590476993617,0.028237283076496405,0.018252089979381766,0,0,240000,1449,907202190,144287.94,143826.33,19
2002,1660,0,2.0,140,460,1.3001614583333332,-2.2510520833333336,-4.592265625,8.041401041666667,19.8242734375,4.429619791666667,9.350315104166667,4.610565104166667,-2.9169583333333335,7.280203125,0,0,0.0002302179393888487,0.0,0.0005755448484721223,0.004630800030879905,0.020265158047656846,0.0012661986666386692,0.01904388430479335,0.012357363980665184,0.013820501166413797,0.014608960628703236,0,0,107500,847,907192030,184790.66,199858.17,19
2002,1989,1,2.0,160,460,1.2591901041666667,0.03521614583333334,-6.068526041666667,-0.371890625,-1.7753958333333333,1.39078125,3.5622552083333336,-0.5670338541666666,-5.476169270833333,-0.1203515625,0,0,0.0030247110191214603,0.000848973076564642,0.011387014305625947,0.006776645578465421,0.012374569940584659,0.003806349413330564,0.009165413077125336,0.009066335030956702,0.025335348629152498,0.01002409465097577,0,0,124500,2790,907251100,267034.56,249980.97,19
2000,2787,2,4.0,140,500,1.8387109375,1.0982578125,-3.4454401041666665,-0.5814401041666666,7.853924479166667,3.8306223958333336,7.451083333333333,4.9965234375,-2.4865442708333334,-0.16956510416666665,0,0,0.0001310821230990714,2.8453204887063956e-05,0.007337494470032486,0.0051439865262836015,0.010059837898311913,0.00037239991717835484,0.012707338349004393,0.006777448544126451,0.003726463768100802,0.006495160663252173,0,0,122000,817,906230020,278603.84,375414.1,19
1972,1641,1,2.0,100,1060,0.13189583333333335,0.7396484375,-6.032783854166667,-0.3696979166666667,-1.7649427083333333,1.6394661458333333,3.928515625,-1.535203125,-5.387734375,-0.11840625,0,0,0.0018493351979499346,0.002243208778663315,0.011387014305625947,0.006776645578465421,0.012374569940584659,0.0046351898268387065,0.010700291544021584,0.011150963615966032,0.025335348629152498,0.007800167381412259,0,0,64000,1157,532479020,136001.25,173487.84,19
2006,1976,1,3.0,160,360,-0.013625,-0.8143684895833334,-4.698764322916667,-2.6710690104166663,-1.3746653645833333,-0.30555859375,-0.9138580729166667,-3.5506575520833334,-3.7701158854166663,-0.98296484375,0,0,0.0014278624999875306,0.0013796779062913338,0.018344533771358387,0.012922409934169453,0.014284434096619773,0.0016470953892477522,0.011648879911091588,0.017093599346548142,0.017672376512382324,0.006939352014967732,0,0,138000,1700,528114050,293561.88,300900.62,19
1962,864,0,1.0,100,1260,-1.2883880208333331,-0.6397942708333334,-2.6810026041666664,4.694635416666667,1.6496848958333332,-1.5815052083333332,-7.501296875,2.5143567708333334,-1.8318229166666666,4.5718984375,0,0,0.0019621990614622194,0.0004247130360628259,0.009276162770996986,0.005911690321780715,0.01233073585328961,0.00600034999279722,0.027969032170885484,0.011418960144839214,0.006798288052515833,0.013833663194842973,0,0,142900,2634,535478090,120283.305,116682.35,19
1900,1627,0,2.0,100,380,2.21853125,-1.2409817708333333,-2.5316640625,-3.9630963541666664,1.5577942708333332,2.2692369791666667,4.305830729166667,3.36815625,-2.1427109375,-1.7334479166666668,0,0,0.004381510166592741,0.001693887409950079,0.011723333573555938,0.01038880133010303,0.011586082768633547,0.0032336205054110155,0.010758954740715013,0.006851227669800099,0.003937551283914157,0.0049139130764045596,0,0,174000,1308,902300110,129336.78,114692.96,19
1924,1142,0,1.0,100,1500,1.1774010416666667,-0.829765625,-11.451958333333334,7.282125,17.9524375,4.011369791666667,10.501252604166666,14.993677083333335,-10.165130208333334,8.176328125,0,0,0.0016121293899504009,0.0003453269090832733,0.0,0.006659027477710633,0.027018371325820453,0.0039944697109297695,0.012809579701722036,0.01929935608405671,0.018275017132498534,0.004608109983691828,0,0,150000,738,903228070,110352.695,110081.93,19
1990,2810,1,2.0,160,700,-3.1265989583333336,0.2592395833333333,-5.2502265625,-0.3217447916666667,1.1731536458333331,-1.1246692708333332,-7.4990859375,0.7147591145833334,-3.6234817708333336,-0.0796328125,0,0,0.013337842592638621,0.0008850537521430634,0.02870212868838032,0.009412474186592341,0.013231201135098838,0.006138645639147315,0.06266252973355342,0.014244760442264174,0.028237283076496405,0.013325185012681508,0,0,284000,1833,533120030,243024.16,299696.38,19
1991,2127,1,3.0,140,680,0.6537942708333334,-0.7723255208333334,-2.15715625,-0.36403125,-1.7378854166666668,-1.1024036458333333,-0.8991875,-2.3857994791666663,-1.5574010416666668,-0.106203125,0,0,0.002112020664743389,0.002584411316523829,0.01036095820559529,0.008351857412070621,0.014153936913536076,0.004539729191860712,0.008225341216825256,0.01058951554030771,0.0020237643668028307,0.004932920908735293,0,0,229800,2094,906203140,252987.5,280794.6,19
1984,1868,1,2.0,120,440,-2.8132630208333333,0.24220442708333334,-1.6923125,-0.2855859375,-3.1942864583333335,-2.1270755208333334,-5.79088671875,-2.11445703125,-1.23571484375,-0.08426692708333333,0,0,0.005538711686104123,0.0010583706578352861,0.00874319504061425,0.007552555139392669,0.021802339103951796,0.005532354075104962,0.03513319828912248,0.011641737730659601,0.005609425463452602,0.007870197165044564,0,0,125000,1646,527302020,189129.55,212905.22,20
1980,1229,1,2.0,120,900,1.355359375,0.173078125,-6.993822916666667,-0.42859375,1.5627552083333334,2.4497786458333333,5.530502604166667,-1.4393828125,-5.726765625,-0.125859375,0,0,0.003008354007048442,0.0012490143922804376,0.013721372929939118,0.009143663823684235,0.011475832979605766,0.0032336205054110155,0.016583130978991948,0.010587858368018309,0.021328226665085753,0.007143635959935838,0,0,328000,935,909451140,162615.78,159284.0,20
1970,864,0,2.0,80,1100,-0.58816796875,-0.3479921875,-3.8446536458333336,-3.9929036458333336,-2.63526171875,-0.6132447916666667,-1.0044765625,-4.300399739583333,-2.9140963541666665,-3.4083033854166667,0,0,0.003446680047650937,0.0020776307920717194,0.011707559819266435,0.02028465242983092,0.018969275911475864,0.0023406651871670744,0.023758908749866543,0.06378307897657942,0.05007589239753274,0.0500237290727795,0,0,222000,398,527405130,103804.375,117634.63,20
1952,1044,0,2.0,100,1460,-0.16654557291666666,-0.5397578125,-4.151506510416667,-0.25441145833333334,-6.81417578125,0.040438802083333336,-0.8805989583333333,-2.1157421875,-4.285416666666667,-0.09418229166666667,0,0,0.0011940711477844406,0.0011678069208211482,0.015413929917085461,0.008625133364094194,0.03379372179083482,0.0025594828433079557,0.00762771501916204,0.009349871745686867,0.005659102635559603,0.006634185437164322,0,0,112000,307,911204090,118150.69,113173.98,20
1959,1678,0,0.0,100,1320,0.6219140625,-0.1808671875,-6.049036458333333,-0.3706953125,-1.7696979166666666,2.11884375,6.21059375,-0.47342708333333333,-6.011807291666667,-0.132125,0,0,0.0023362671321244537,0.0010398173262045909,0.011387014305625947,0.006776645578465421,0.012374569940584659,0.005378919057700735,0.01805541171489672,0.010246085223712948,0.016199296221845183,0.007180816356578521,0,0,131500,900,908275040,108749.02,131015.7,20
1964,1445,1,2.0,120,1220,-0.4414739583333333,-0.35660416666666667,-2.1023567708333335,-0.3547838541666667,-1.6937369791666668,-1.0577213541666668,-1.5226588541666668,2.3856614583333333,-1.8294583333333332,-0.12475520833333333,0,0,0.002986685646164826,0.0015064899078420788,0.005347050375139296,0.0050326630534866445,0.01455078810811556,0.0043569692563167756,0.01357807714479146,0.011366741099986902,0.006798288052515833,0.006655800020001394,0,0,107500,611,534403370,171729.8,165715.27,20
1925,1601,0,0.0,100,440,0.788171875,-0.13494791666666667,-2.7838776041666664,-0.4697942708333333,1.7129817708333333,2.6852734375,6.8947421875,-0.9479791666666666,-2.1509322916666664,-0.14667708333333335,0,0,0.0012153790793651396,0.0014864956262198924,0.011562031774396188,0.007747650690520227,0.011891706346920832,0.0015866500927060468,0.017807526969719364,0.00598535613993847,0.003937551283914157,0.004928486727267857,0,0,141000,2235,910201050,109758.95,106315.29,20
1992,1730,0,2.0,120,660,1.5718151041666668,-0.62253125,-3.17259375,-0.5353880208333334,7.2319635416666666,2.1189609375,3.6814140625,4.078638020833333,-2.2259791666666664,-0.15179947916666667,0,0,0.0006516052636968082,0.002883418322337861,0.012173052225487525,0.009826678124433174,0.011505747124032831,0.0022701396603333245,0.010559329863209253,0.00859001479646548,0.005413148745762037,0.003375972223121164,0,0,128000,547,531450120,165668.66,186254.02,20
2006,2576,1,3.0,160,380,1.5431484375,-0.7439739583333334,-2.807515625,-0.4737838541666667,1.7275338541666667,2.8226692708333334,6.003291666666667,2.1669010416666663,-2.255390625,-0.15380729166666665,0,0,0.0019677963388265943,0.0030556264104296404,0.009204783619171193,0.007749568922648997,0.011755392526919798,0.0029101722416479364,0.01300905380859929,0.006083648000069231,0.005001328693693782,0.003375972223121164,0,0,200000,2334,527212040,290722.06,353769.4,20
1949,1040,0,2.0,80,1500,-1.581015625,0.3842161458333333,-4.40271875,-2.50278125,-1.2880533854166667,-1.2554049479166667,-2.4337265625,-3.23553515625,-3.4842434895833336,-0.9084322916666666,0,0,0.0053481803124981134,0.0013176079373666712,0.017168322844527444,0.01158221734127664,0.01528439758056811,0.004176404524528267,0.02230771162016265,0.023772916588450783,0.014197040665084553,0.012002954758615224,0,0,80400,679,535451170,102417.78,113042.055,20
1920,1406,0,0.0,120,1500,0.5120677083333334,-0.4807942708333333,-4.996291666666667,-0.30618229166666666,-3.4246354166666664,-0.4341328125,-1.2941666666666667,2.4738984375,-5.1340390625,-0.11283333333333333,0,0,0.002071546650292558,0.0024229109086330897,0.020257772879216235,0.008374601966491164,0.021323566568504718,0.005873764724597041,0.012740425346549638,0.0063576002905777855,0.026754954619460165,0.005037082347897363,0,0,159000,1366,903458110,99631.39,92611.24,20
1977,980,0,2.0,100,960,1.3665052083333333,0.6894635416666667,-4.826598958333333,8.451734375,20.8358515625,4.655645833333333,12.351338541666665,19.607419270833333,-3.853171875,9.6168125,0,0,0.0,0.0,0.0,0.0021123438251593094,0.01579343956499503,0.0006330993333193343,0.004084464857877573,0.015859316040426754,0.0,0.000653546190876214,0,0,178000,556,532353130,138264.61,123502.32,20
2007,1800,0,2.0,180,360,0.22781770833333334,1.2061614583333333,-3.7839583333333335,6.626002604166667,8.625588541666666,2.831765625,6.335401041666667,5.626723958333333,-2.8001614583333336,6.988703125,0,0,2.133309902901485e-05,3.3523441331308884e-05,0.010557700729074618,0.004368053483464178,0.011419383967936583,0.000668826115277931,0.01021738822100605,0.008663503427060985,0.0064860437055058165,0.007963382299915785,0,0,110000,826,906380100,264684.0,223587.53,21
1926,1479,2,1.0,140,560,-1.0081770833333334,-0.8265677083333334,-5.306830729166667,3.37453125,-3.6374921875,-1.1367942708333332,-2.6499635416666667,2.812078125,-5.886697916666667,4.734981770833333,0,0,0.00734076776587173,0.005862648109634224,0.02870212868838032,0.006429734057602856,0.024877892226329523,0.007641579824649176,0.01760584894196611,0.011408742589863111,0.022992675034768612,0.01321628898723641,0,0,106000,2850,909250070,202825.52,161701.2,21
1966,1209,0,2.0,100,1180,1.5034401041666667,-0.8328229166666666,-4.6786640625,-0.2867161458333333,-7.679432291666667,1.0392825520833333,4.035322916666667,2.9835,-6.168489583333333,-0.13556510416666664,0,0,0.002170122897958265,0.0013437478194642223,0.018344533771358387,0.007552555139392669,0.04135912569032196,0.0017885394546869663,0.017143388965738797,0.009483344463269473,0.030509137922968384,0.011540780313237206,0,0,96000,121,534401110,147311.94,141960.77,21
1960,1118,0,1.0,100,500,0.5181341145833334,0.54158984375,-4.79266015625,-2.7244466145833335,-3.28505859375,-0.07810026041666668,-0.2597109375,-1.93896875,-4.2368515625,-1.1046536458333334,0,0,0.0016267660943215297,0.0011565545960144832,0.022757124633082597,0.01062462906547638,0.020130988896326623,0.002714525249857794,0.00954905611613199,0.009797023039791382,0.008076443784278856,0.007089967213383338,0,0,335000,1219,534428100,130301.47,120246.375,21
1979,914,0,2.0,100,920,1.10559375,-1.8354375,-3.905046875,-0.6589947916666666,16.857611979166666,3.766734375,7.8280625,3.7160494791666667,-2.4420963541666665,-0.16653385416666666,0,0,0.0007211163668665581,0.007731139387544284,0.010557700729074618,0.007628020678268631,0.025774560121241387,4.26661980580297e-05,0.014846563298453177,0.005897249012621137,0.004198024594202116,0.006495160663252173,0,0,100000,855,907201280,133056.06,125188.1,21
1963,912,0,1.0,100,600,1.4886041666666667,-1.2709479166666668,-5.25784375,9.206890625,27.441997395833333,5.071625,12.825276041666665,21.97576822916667,-4.001057291666666,9.985817708333334,0,0,0.0,0.0,0.0,0.0021123438251593094,0.01808444845547469,0.0,0.0022834360076903985,0.015859316040426754,0.0,0.0012176469238681913,0,0,190000,560,532376110,129175.67,119703.24,21
1949,1728,1,1.0,100,1040,-0.8721497395833334,-0.5465026041666666,-3.2018854166666664,-1.82015234375,-5.255490885416667,-1.46144140625,-4.737002604166667,2.0790807291666664,-4.239520833333333,-1.1053515625,0,0,0.006817732426919895,0.0,0.035552633824150144,0.02559557044580007,0.05734209870171916,0.013067320484929798,0.022033394174084137,0.011167526051727624,0.008076443784278856,0.007089967213383338,0,0,144000,2564,534479240,129213.984,145729.48,21
1955,1152,0,0.0,80,1400,0.3058359375,0.37839973958333334,-4.876083333333333,-0.2988151041666667,-3.3422395833333334,-1.6690520833333333,-4.940328125,5.557125,-5.199708333333333,-0.11427604166666668,0,0,0.0010435653350814773,0.0005179701304046982,0.022757124633082597,0.0065882485056494395,0.020130988896326623,0.004646767994509096,0.02605745465144409,0.013374496837352314,0.026754954619460165,0.005037082347897363,0,0,180500,1501,908201100,94436.305,103391.5,21
1977,894,0,1.0,100,960,-1.4543528645833332,-0.09502994791666668,-3.1782721354166665,-1.8067291666666667,-5.216731770833333,-1.4506627604166666,-4.046432291666666,-0.300296875,-3.8132708333333336,-0.9942174479166667,0,0,0.0193169085429397,0.0,0.035552633824150144,0.02559557044580007,0.05734209870171916,0.012499176116019807,0.020868213656794938,0.006457039927318767,0.01778726590992111,0.008701800396333646,0,0,274900,1819,532353120,118811.805,116538.78,21
1997,2551,2,3.0,160,540,-0.19416145833333334,-0.3938567708333333,-3.0293216145833335,-0.18564322916666665,-9.413942708333334,-1.3826770833333333,-4.163626302083333,-1.8017747395833332,-3.6494778645833335,-0.08020572916666667,0,0,0.0,0.0,0.029871190135050237,0.011362887378199824,0.09005784356707372,0.011931031747109818,0.031182668419063825,0.02048331271369622,0.029093035928723854,0.013325185012681508,0,0,335000,1762,528322020,360910.7,369307.38,21
1946,1499,1,3.0,100,1500,1.4091328125,0.03940625,-6.791145833333333,-0.416171875,1.5174739583333332,1.5563932291666667,3.6148541666666665,-0.14961979166666667,-5.557026041666667,-0.12212760416666667,0,0,0.002413870005694996,0.002087614786855194,0.01825762928704409,0.0037065973090448763,0.009674928060319834,0.0025932391056741767,0.008721911583908604,0.009066335030956702,0.028098809408201107,0.00908833248808517,0,0,220000,1302,902202090,159340.22,170453.19,21
1999,2060,1,2.0,140,520,1.5409713541666668,0.4345729166666667,-2.8875390625,-0.48728645833333334,1.7767734375,2.785265625,9.550213541666666,16.217817708333335,-3.18709375,-0.21734375,0,0,0.0015654443930479243,0.0027530677083085313,0.009309154398779083,0.007749568922648997,0.013980712872967429,0.0014943767440757064,0.014882975103389477,0.025796420397637652,0.013820501166413797,0.009251746883289162,0,0,128950,493,528292070,217346.98,237442.95,21
1914,864,0,1.0,60,1500,2.0788333333333333,-1.3898333333333333,-3.7821197916666667,6.622768229166667,8.621372395833333,3.45634375,7.1006953125,2.3319270833333334,-2.6677083333333336,6.658044270833333,0,0,0.00015651345573437433,0.0,0.010557700729074618,0.004368053483464178,0.011419383967936583,0.0006764450792168646,0.013088361266127469,0.008210710792677555,0.0064860437055058165,0.009749153741666445,0,0,205000,288,909101070,71996.305,99080.12,22
1993,2495,1,2.0,120,640,0.758046875,0.46873177083333334,2.6252109375,-0.4532630208333333,-2.1638723958333337,-0.642671875,-1.5811302083333332,1.5646770833333332,2.23934375,-0.13786458333333335,0,0,0.0007816369388620459,0.00024034087727692216,0.0030109142385605025,0.007178482785907051,0.014912777185846002,0.004645537089252381,0.00982484106368853,0.00746431848479816,0.004785737596046058,0.008192861684660591,0,0,115000,112,534151175,196517.38,281239.2,22
1963,1008,0,2.0,120,1240,-0.22476953125,0.30303515625,-1.7364440104166667,-0.29303515625,-7.848649739583333,-0.4154908854166667,-3.0590520833333334,0.9398776041666667,-1.6423723958333332,-0.11199739583333333,0,0,0.001133995826759773,0.0005999167568792549,0.006765643930263411,0.007477659093400631,0.03642352267707419,0.0029996991408073664,0.018547435405984067,0.0066382703374804715,0.006072575855600633,0.005037082347897363,0,0,131000,2572,535151080,152130.23,133591.98,22
1998,1337,0,2.0,120,520,4.648145833333333,0.5264427083333334,-5.08721875,8.908109375,21.96094270833333,5.082348958333333,7.383302083333333,26.22776041666667,-4.013208333333333,10.01625,0,0,0.0,0.0,0.0,0.0021123438251593094,0.012213470531980075,0.0,-2.0631890145502856e-05,0.026910557860368518,0.0,0.0012176469238681913,0,0,320000,1039,527427110,169577.16,167627.1,22
1970,768,0,2.0,100,1100,1.7133723958333333,-0.5512317708333334,-5.605729166666667,-0.3435286458333333,-3.8423697916666666,1.2452161458333333,3.0245390625,-3.6750833333333337,-4.842260416666667,-0.10641927083333333,0,0,0.004647866032969052,0.0016183036886656145,0.018154519532980164,0.007468688581181541,0.018099891198437388,0.0037347341144613492,0.010823214145767555,0.01359798283390475,0.019448130637122245,0.004932920908735293,0,0,156000,2298,923230180,124729.89,113598.945,22
1967,1214,1,1.0,100,1160,-1.2319661458333333,-0.16970963541666667,-2.5353515625,-1.4412526041666667,-7.87887109375,-1.15721484375,-2.676296875,-8.204290364583334,-2.1819947916666664,-0.5689049479166667,0,0,0.0,0.0,0.0,0.0,0.05552412454094444,0.0,0.00772819595376096,0.06459283196316674,0.0,0.0,0,0,552000,1876,534202030,150360.16,149371.0,22
2006,1278,0,2.0,160,380,1.3392135416666668,-0.206625,-6.910497395833333,-0.423484375,1.544140625,2.4205963541666664,5.6426328125,-0.8399453125,-5.842861979166667,-0.12841145833333334,0,0,0.003250985453745004,0.0012490143922804376,0.013721372929939118,0.006630203163574836,0.009135261528026118,0.0034978693892972292,0.015054603323042075,0.010587858368018309,0.022992675034768612,0.006526261752329276,0,0,110000,2461,528456200,217853.55,183545.4,22
2007,1208,0,2.0,140,360,-0.27288541666666666,-0.5162916666666666,-1.9483125,-0.3287890625,-3.6774895833333336,-0.884296875,-3.7578333333333336,2.9033203125,-1.7389505208333333,-0.11858072916666668,0,0,0.006886296393041839,0.005862648109634224,0.010997422595687381,0.010300922830358692,0.02444079231428862,0.007641579824649176,0.021469577650003173,0.007843798697482434,0.004427351880869433,0.007800167381412259,0,0,270000,2108,906380200,191784.62,181141.84,22
1941,2039,3,3.0,140,1240,-2.6134700520833336,0.10193880208333334,-3.5647317708333337,-2.0264166666666665,-5.851055989583333,0.9452330729166666,-5.95837109375,-0.5233697916666666,-3.3770130208333335,-0.8804752604166667,0,0,0.004395698181043839,0.0032327499418964858,0.008574294105319446,0.007826960804408745,0.025949461552018827,0.005028722131838977,0.03839259866871143,0.01109386946541028,0.012424375858694077,0.016384812481572548,0,0,113000,2591,535325460,253465.66,239004.19,22
1927,1718,1,2.0,140,660,2.4718463541666664,0.6045416666666666,-7.449901041666667,4.366692708333333,-2.1795364583333336,1.9754322916666667,3.51759375,0.5321041666666666,-5.932744791666667,1.52665625,0,0,0.0016456022812615446,0.00024034087727692216,0.014111638751136803,0.005855384087297296,0.014912777185846002,0.001790473317590125,0.016859929269032806,0.009490563816215852,0.016199296221845183,0.007276431933433463,0,0,82000,2212,909275110,167396.27,154598.17,22
2000,2153,2,3.0,180,500,1.3552552083333333,-0.12310677083333332,-2.5395286458333333,-0.4285598958333333,-2.0459401041666667,2.4495833333333334,6.3102421875,-1.1020546875,-2.1058515625,-0.14360416666666664,0,0,0.003008354007048442,0.0014305023290608037,0.011723333573555938,0.009143663823684235,0.017530566958302483,0.0032336205054110155,0.01788768405663243,0.005249640236958231,0.0036745444442460875,0.002702550206080529,0,0,93369,867,907253130,424432.2,339908.94,22
2003,848,0,2.0,120,440,1.9680677083333333,-0.4452369791666667,-6.439044270833333,-0.39459635416666666,-1.8837942708333333,2.90815625,3.9196822916666667,3.7233020833333335,-6.275364583333333,-0.13791666666666666,0,0,0.003441151169696559,0.0007046957545345431,0.016129755828978153,0.005606053555766921,0.017089411631836485,0.005180849195396181,0.012964219540002948,0.00981663512942584,0.014074989194775843,0.008192861684660591,0,0,262500,269,907290170,163657.84,142807.55,22
1957,1244,2,1.0,120,1360,0.0401484375,-0.521890625,-4.931432291666667,-0.3022083333333333,-3.3801796875,-0.20166666666666666,-1.1420078125,-3.4930065104166665,-3.9463684895833335,-0.08673046875,0,0,0.001170515609184079,0.0012035259384019794,0.022757124633082597,0.0073424668088798144,0.021698047822441537,0.0035192154268021488,0.012716336082182852,0.01673289758751334,0.018125330428222883,0.00670507595897429,0,0,181000,1923,535176070,178658.45,163104.72,23
2004,1646,1,2.0,160,400,0.18180989583333335,-0.4942239583333333,-1.8251380208333332,-2.8570911458333335,-3.4449973958333335,-0.3520390625,-1.7179908854166668,-4.491188802083333,-1.2788658854166668,-1.0346119791666668,0,0,0.002428164668399047,0.002684261042870263,0.009926269228822393,0.01478318696233218,0.023083707782886227,0.005873764724597041,0.012446110170068733,0.020721412205208567,0.011648805045171406,0.007938801049096727,0,0,152000,1563,911370540,235196.69,217587.14,23
1926,1461,1,1.0,120,680,3.2191458333333336,1.1230572916666668,-3.5232447916666665,-0.5945677083333334,8.0312734375,3.5198697916666664,4.201390625,4.588875,-2.2836796875,-0.15573177083333334,0,0,0.00014530872554260424,-5.782411586589357e-19,0.018531961997178787,0.012606964877714469,0.009852865342307967,0.00019917243420945348,0.009525163816090478,0.007434180617767361,0.005001328693693782,0.003375972223121164,0,0,160000,2205,909254100,145355.69,132394.95,23
1953,1152,0,2.0,100,1440,3.465578125,-1.4216822916666667,-3.8687916666666666,6.774541666666667,8.818953125,3.2369114583333336,5.149166666666667,2.4076197916666664,-2.5558645833333333,6.378971354166667,0,0,0.00017175138361224274,0.001757077133532791,0.010557700729074618,0.0031256584425678508,0.009507523399651387,4.26661980580297e-05,0.012836603730664243,0.009386691474199283,0.006325380146167634,0.01328782845015449,0,0,55993,1247,535302130,132398.11,123559.93,23
2004,1709,0,2.0,140,420,0.4911536458333333,0.5857083333333334,-4.777204427083333,-4.96141796875,-3.2744700520833336,1.67334765625,4.618541666666667,-2.7186119791666665,-4.47071875,-5.228890625,0,0,0.0016267660943215297,0.0018332343518334272,0.021857144784216784,0.019218283059377735,0.020130988896326623,0.0033875391994106366,0.016476267493743264,0.013373839294853994,0.026954346975159568,0.023393719351739995,0,0,91300,2832,908188140,176265.27,191865.86,23
2007,2674,2,3.0,200,360,1.3507408854166667,0.40387239583333334,-4.65816796875,-4.837790364583333,-3.1928763020833335,0.41793880208333334,1.7934192708333332,-3.2908763020833334,-3.7660325520833333,-4.404717447916667,0,0,0.0020545914815727965,0.0008039931286732869,0.018344533771358387,0.021479259974110102,0.021802339103951796,0.001854619119694522,0.009603730133653026,0.017006941081127713,0.017672376512382324,0.01714318154106363,0,0,155000,433,528110020,457873.2,448223.47,23
1994,2687,0,2.0,160,620,1.0346692708333332,-0.4610572916666667,-6.667809895833333,-0.40861458333333334,1.4899114583333333,1.8142447916666666,3.5485286458333336,3.6611979166666666,-6.200078125,-0.13626041666666666,0,0,0.0024474122273028635,0.001811311429903515,0.012184112244125024,0.004303291498697432,0.011044812826542232,0.0031505029820139553,0.012964219540002948,0.011602227980817137,0.014074989194775843,0.008192861684660591,0,0,154000,2323,527146135,221456.72,263239.53,23
1954,948,1,1.0,80,1420,-0.21103515625,0.23333463541666666,-1.63035546875,-4.66273046875,-3.0773424479166667,-1.1555481770833333,-2.1174635416666665,-2.56019921875,-1.1368307291666668,-4.125692708333333,0,0,0.003871572889674818,0.0012400440654507384,0.005643830213700349,0.028463599016237958,0.022026363404876386,0.0045859599003346295,0.02459524060107516,0.02148879089957886,0.015566082437231859,0.02984928380779825,0,0,120000,2194,908276230,109505.73,123573.836,23
2003,1626,0,2.0,140,440,-0.7626419270833333,-0.4685104166666667,-1.6076354166666667,-2.516609375,-3.0344557291666665,-2.0206432291666667,-3.7786666666666666,-3.3797213541666666,-1.2017200520833333,-0.9721901041666666,0,0,0.003910594531019536,0.0022982544936081244,0.006066907701925756,0.012509108864906844,0.018217757752921716,0.005496036154688221,0.031182668419063825,0.033944304918230056,0.017560492097715867,0.02034762840540396,0,0,185000,51,528188120,184702.56,190319.38,23
1958,1215,0,1.0,120,540,-0.2671276041666667,-0.5045963541666667,-5.131481770833333,-0.3144661458333333,-1.5012604166666668,-0.8457760416666666,-1.0571575520833332,-2.9049153645833337,-4.08646484375,-0.08980989583333333,0,0,0.00566829556664411,0.0033610837752010296,0.02382817373062853,0.008723448537270681,0.019262288735628602,0.007406767599798156,0.012414277806713817,0.01714592748139863,0.019979706118928565,0.007620477415547599,0,0,132000,636,535175050,150291.2,129959.69,23
2004,1728,0,2.0,140,420,0.8023723958333334,0.4945807291666667,-2.8340442708333335,-0.4782604166666667,1.7438515625,2.7336640625,7.405651041666667,1.6051666666666669,-2.3103203125,-0.15754427083333333,0,0,0.0015248435272630792,0.0008932190472665821,0.009309154398779083,0.007749568922648997,0.013980712872967429,0.002525037739721069,0.013838254206286284,0.0050084603718814485,0.005001328693693782,0.003340117487943749,0,0,136000,881,907412020,176851.89,192905.97,23
2004,2468,1,3.0,160,420,0.16108854166666667,-0.4226471354166667,-4.45325390625,-2.5315091145833333,-3.0524205729166667,-0.3119244791666667,-1.47724609375,-4.615040364583333,-3.4121184895833334,-0.8896302083333334,0,0,0.002017836919865788,0.0024080319259582477,0.017168322844527444,0.012496983629298181,0.018217757752921716,0.004034052238234966,0.01782032138124978,0.033954155560692256,0.012424375858694077,0.013355073925159153,0,0,128500,1709,528150120,281031.4,344949.06,23
1963,1088,0,2.0,80,1240,-1.0802239583333333,0.386,-2.21184375,-0.3732604166666667,-4.174921875,2.2237838541666664,-5.357286458333333,1.1789739583333332,-1.5231666666666668,-0.10386979166666667,0,0,0.003829623256328116,0.0010376337602456738,0.007239415205898504,0.006776645578465421,0.020417936916632896,0.005252458380040334,0.022596970113297903,0.006093235909207964,0.0023702146193257056,0.005979947525443564,0,0,224243,2170,908103090,114279.16,127968.4,24
1992,1482,1,2.0,140,660,-1.9183567708333333,-0.5132890625,-3.94791796875,-2.2442434895833334,-2.70604296875,-0.3430390625,-4.11889453125,-2.1323971354166664,-3.35815234375,-0.8755598958333334,0,0,0.007666442483860602,0.003494197241211526,0.013060936425234202,0.008307162014674657,0.021145767730224325,0.003091529486450276,0.02794093272277333,0.019784458152337345,0.012424375858694077,0.011144298259939706,0,0,97000,1629,527165100,215667.92,198109.69,24
1969,1026,0,2.0,120,400,0.7512161458333334,-1.2803177083333332,2.5528880208333335,-0.4407786458333333,-4.930075520833333,2.6094166666666667,-1.6140442708333333,3.3281197916666665,2.3646041666666666,-0.14557552083333333,0,0,0.0018439983304675636,0.0028132020069753356,0.0022737149940821495,0.009208031898806007,0.018389207916907825,0.0028560869870124512,0.0065010874362830895,0.006824926985833292,0.005211913541223266,0.004928486727267857,0,0,149500,395,527403040,174009.97,132403.78,24
1980,2362,1,2.0,140,900,0.28766796875,-0.5987213541666666,-3.4545182291666667,-1.9637643229166668,-5.67015625,-1.5767513020833333,-3.2068463541666663,-3.1323489583333335,-3.3259375,-0.8671614583333334,0,0,0.006817732426919895,0.02499835223203961,0.04163836342994803,0.02445851162840421,0.07289652378097744,0.03156399370384002,0.02230771162016265,0.020076963909605002,0.016480733358325863,0.011144298259939706,0,0,213000,1855,533251110,177045.95,230560.27,24
1994,1694,1,2.0,120,620,-0.2197578125,-0.44370703125,-4.675140625,-2.657640625,-3.2045104166666665,1.0714440104166667,-1.98950390625,-4.474522135416667,-3.3143111979166666,-0.8641276041666667,0,0,0.0014291314194202487,0.0010096060322298884,0.018344533771358387,0.012922409934169453,0.02136421435755717,0.0017924914968960215,0.01782032138124978,0.02858397593619155,0.019510471914739258,0.011144298259939706,0,0,124500,1622,527158090,191034.75,215500.16,24
1976,1855,1,2.0,120,620,-1.12168359375,0.01511328125,-2.6043971354166664,-1.4805013020833333,-8.0934375,-1.1887278645833332,-5.549744791666667,-0.0011067708333333333,-3.5919140625,-0.9365052083333334,0,0,0.0,0.0,0.0,0.0,0.05909680794345562,0.0,0.04223186806500201,0.01754234709958688,0.028237283076496405,0.014791855200310483,0,0,184500,1859,533254100,188740.36,180353.92,24
1929,1344,1,2.0,140,700,0.036772135416666664,-0.13506119791666665,-4.51699609375,-2.5677434895833335,-3.0961106770833333,-0.18472005208333334,-1.2751979166666667,-0.06632552083333333,-4.406614583333333,-1.1489244791666668,0,0,0.0032411103235628043,0.0024080319259582477,0.017168322844527444,0.012496983629298181,0.022026363404876386,0.003981647473911049,0.01174419328231678,0.008126785157681133,0.025401436692497465,0.004639154888836955,0,0,402000,2027,903426010,173718.3,140053.94,24
1984,887,0,1.0,100,820,1.9192682291666667,0.5212291666666666,-5.9727109375,-0.366015625,-4.09390625,1.8146796875,3.3153411458333335,-2.69821875,-5.067890625,-0.11137760416666667,0,0,0.0035230426292735674,0.0016831812805899356,0.018993296389698527,0.008351857412070621,0.0253523130358199,0.003579359573724832,0.012046598979136455,0.011396473987183702,0.01998138707979689,0.005037082347897363,0,0,211500,2305,923425030,128550.875,134716.05,24
1979,1930,1,2.0,140,920,-0.92565625,-0.5822994791666666,-1.9261927083333332,-0.3250546875,-1.5518125,-2.4210416666666665,-5.968354166666667,0.794,-1.4574765625,-0.099390625,0,0,0.007302888470030321,0.005496232602782085,0.010932338407620085,0.009412474186592341,0.017225651749470185,0.011715776355307536,0.027615883287830073,0.006900396759468968,0.005547542724394468,0.006706196064489044,0,0,112000,1649,527325090,192373.56,188003.62,24
1950,1368,0,1.0,100,1500,0.9534479166666666,0.9551822916666667,-3.3676484375,5.8970078125,2.0721953125,3.2483723958333335,9.518924479166666,5.4531484375,-2.9695885416666665,7.411481770833333,0,0,0.0001310821230990714,0.00012803942199179157,0.007337494470032486,0.004295808996644512,0.007210607107867536,0.00038814787017552727,0.017699679683982672,0.012357363980665184,0.013820501166413797,0.014608960628703236,0,0,136500,896,908225290,115531.234,121599.195,24
1977,1647,1,2.0,100,960,-0.6603723958333334,-0.34181380208333334,-3.4760455729166666,-1.9760026041666667,-5.705490885416667,-0.7446171875,-1.5849934895833333,-3.9850065104166665,-3.5209453125,-0.91800390625,0,0,0.022725774756399645,0.0193169085429397,0.04163836342994803,0.0270556175723681,0.07425890705869094,0.018327016974074784,0.021720753082064743,0.03336977047352086,0.027089320723672757,0.013775619565005698,0,0,58500,2869,909425180,148127.75,178432.0,24
2007,1702,1,3.0,160,360,1.8483463541666667,1.29675,-3.4635104166666664,6.064859375,2.1311796875,3.3408385416666664,9.923145833333335,11.60653125,-3.311546875,8.264932291666666,0,0,0.0001310821230990714,2.8453204887063956e-05,0.007337494470032486,0.0020864237035232353,0.006111364208947415,0.00037239991717835484,0.014508149233021796,0.019704172525009337,-0.0005641007329919771,0.00944102096520557,0,0,180500,511,528435050,277209.25,281530.9,24
1964,1200,0,3.0,80,1220,0.29523046875,-0.613859375,-4.707033854166667,-2.6757734375,-3.2263697916666665,0.8797903645833334,-3.19701171875,-2.9781653645833335,-3.3648580729166664,-0.87730859375,0,0,0.001383556462235583,0.0011211674814474723,0.018344533771358387,0.012922409934169453,0.02136421435755717,0.0019315729086305325,0.022469337366572296,0.019638778137309267,0.012424375858694077,0.011144298259939706,0,0,136000,1593,923204040,141422.16,163663.0,25
1925,1328,0,1.0,80,1500,-2.67285546875,-0.2727239583333333,-1.6078502604166667,-2.5169466145833335,-1.2953424479166666,-2.0209153645833333,-6.670328125,1.8561197916666667,-1.4233645833333333,-1.1515104166666668,0,0,0.007021264830791137,0.0018057713878349554,0.006066907701925756,0.012509108864906844,0.016281012705755632,0.005496036154688221,0.03438646077982142,0.007377713168647195,0.009320123567843421,0.004639154888836955,0,0,156500,2637,902100130,86897.39,118115.42,25
1959,1252,0,2.0,120,1320,0.45767578125,-0.59848828125,-4.465606770833333,-2.53853125,-3.0608854166666664,-0.38801953125,-0.961234375,-3.2865729166666666,-3.8132994791666666,-0.9942265625,0,0,0.001983066704764709,0.0031205750096991226,0.017168322844527444,0.012496983629298181,0.018217757752921716,0.003990135138837113,0.011599347229542398,0.017093599346548142,0.01778726590992111,0.008701800396333646,0,0,215000,1217,534427040,148809.23,137830.67,25
1961,1774,1,1.0,100,1280,2.2673697916666664,1.4166979166666667,-4.2486927083333335,-0.7169947916666666,18.341098958333333,4.098208333333333,8.0819140625,8.368744791666666,-2.6970885416666666,-0.18391927083333334,0,0,0.0016121293899504009,0.0010359807272498204,0.0005755448484721223,0.0021123438251593094,0.025430373541085516,0.002726459601605726,0.014883661427622595,0.01372508429317378,0.0064860437055058165,0.002849419257980371,0,0,87000,778,905200260,137204.45,164249.81,25
2006,2322,0,3.0,140,380,0.1396484375,-1.1070390625,-2.3195260416666663,-0.3914348958333333,-1.8686953125,1.7358385416666668,3.7131979166666667,-6.6861640625,-1.6412057291666668,-0.11191666666666668,0,0,0.001369891492989017,0.0015072464452251368,0.006983128676100345,0.005606053555766921,0.017089411631836485,0.003665550592315715,0.012688846007795017,0.03084428976318631,0.006072575855600633,0.005037082347897363,0,0,153000,2441,528292080,215031.88,307090.34,25
2010,1856,1,3.0,180,300,-2.27191796875,0.37941015625,-1.6978736979166666,-2.65787109375,-1.3678684895833333,-2.1340638020833333,-5.2900078125,0.3911692708333333,-1.389984375,-1.1245052083333333,0,0,0.0038358590076502113,0.0009947762755447868,0.00874319504061425,0.012922409934169453,0.014284434096619773,0.00644633264339571,0.026356044411619508,0.007287365175316723,0.00556075761536339,0.007793622723937061,0,0,195500,18,527258010,401274.88,307401.5,25
1966,1320,2,2.0,100,1180,0.24843489583333334,0.022984375,-3.9609466145833334,-4.113680989583333,-2.7149739583333337,-1.3558072916666668,-3.1445,-0.3426979166666667,-3.3095924479166667,-3.87087109375,0,0,0.002274346308549691,0.0015262764729754813,0.007455286562460098,0.011898616746240551,0.015154476288726368,0.0030703999208248115,0.021482397160397036,0.011041375678469715,0.019510471914739258,0.021416217723253698,0,0,132500,2710,905103140,188544.62,187897.69,25
2003,1700,0,2.0,120,440,2.7018645833333337,2.405703125,-5.062875,8.865463541666665,21.855809895833332,4.883546875,8.986489583333334,6.599458333333333,-2.99896875,7.484799479166667,0,0,0.0,0.0,0.0,0.0021123438251593094,0.012213470531980075,0.0,0.016994207232472525,0.01581022729683604,0.013820501166413797,0.009971740350779374,0,0,129500,2808,907405030,163495.77,195422.0,25
1959,864,0,1.0,120,1320,-1.4229895833333333,-0.8078828125,-1.8835625,-2.948546875,1.159,-2.3674557291666667,-5.709002604166667,1.2188815104166668,-1.4286901041666666,-1.1558098958333332,0,0,0.007302888470030321,0.004213778328799599,0.010932338407620085,0.014201312981849266,0.013034594696594551,0.00936024645890031,0.030335151265826067,0.00750631561147455,0.009320123567843421,0.004639154888836955,0,0,149000,2614,535403200,128469.26,116778.76,25
1999,1739,0,2.0,160,500,2.1938125,-0.9810104166666667,-4.11084375,-0.6937239583333333,17.7460625,4.570416666666667,7.104916666666667,3.1460364583333336,-2.371046875,-0.16169010416666665,0,0,0.002725251973148809,0.000748208303013759,0.001536798976687187,0.0021123438251593094,0.027018371325820453,0.005165750593203849,0.015138995062006333,0.006777448544126451,0.004198024594202116,0.003216327499052958,0,0,145000,574,533236050,209653.4,192587.78,25
1973,2223,2,2.0,140,1040,-2.0862760416666664,-0.19403645833333336,-2.8567239583333337,-1.6239361979166667,-8.877537760416667,0.89726953125,-2.8645286458333334,-7.187180989583333,-2.39799609375,-0.6252200520833334,0,0,0.0011362887378199803,0.0,0.01704433106729973,0.011362887378199824,0.078432665583049,0.0,0.022755533018200828,0.06763254530008012,0.0,0.0,0,0,120500,1614,526355170,199889.06,218658.44,25
1956,1005,1,1.0,100,1380,-1.0517005208333332,-0.18988020833333336,-1.8573216145833333,-1.0558177083333333,-11.543098958333333,-0.3710891927083333,-3.87677734375,-7.329947916666667,-1.94945703125,-0.5082760416666667,0,0,0.0,0.0,0.0,0.0,0.05909680794345562,0.0,0.00772819595376096,0.03858228904112494,0.0,0.0,0,0,164900,2588,535325340,147534.36,137789.02,25
1978,1034,1,2.0,120,940,2.6795104166666666,1.8798697916666667,-5.020963541666667,8.792088541666667,21.674919270833332,4.843135416666667,10.021200520833334,12.130723958333334,-3.3442708333333333,8.346609375,0,0,0.0,0.0,0.0,0.0021123438251593094,0.012284873391653512,0.0,0.013509008059671793,0.019704172525009337,-0.0005641007329919771,0.00944102096520557,0,0,128500,774,905107310,162414.14,150836.27,26
1939,1258,0,1.0,120,1500,1.1211979166666668,1.6966145833333333,-3.96015625,6.9345390625,9.0272265625,3.8199010416666663,10.035557291666667,8.034888020833334,-3.130765625,7.813734375,0,0,0.0007180687812909845,6.095171151146439e-06,0.010557700729074618,0.0031256584425678508,0.007478222072201481,4.26661980580297e-05,0.0167633962172568,0.012357363980665184,0.013820501166413797,0.009883868956273974,0,0,138400,798,905480030,119019.0,116565.125,26
1966,1056,0,1.0,80,1180,0.25564973958333337,0.1008671875,-4.075954427083333,-0.24978255208333333,-6.69016796875,-1.39517578125,-3.68735546875,-1.2509544270833333,-3.8809518229166664,-0.08529296875,0,0,0.0010774311119681388,0.0009018906431218759,0.008169807876358072,0.008625133364094194,0.03379372179083482,0.0037787465143869874,0.017572294881148205,0.010084033420579421,0.012336766103369553,0.011426261678975442,0,0,147000,2484,531478010,106044.72,134912.89,26
1955,1152,0,0.0,80,1400,-2.0754557291666664,-0.61184375,1.8986276041666668,-3.0408645833333336,-1.5649765625,-2.4415807291666667,-5.740552083333333,0.9948723958333334,1.82359375,-1.3317395833333332,0,0,0.011096156316237284,0.005862648109634224,0.002419492676051185,0.01743145870986771,0.018284935378274896,0.01198231094843744,0.027171815833086383,0.0066382703374804715,0.0026773199922067357,0.008290677729620971,0,0,187500,1504,908204160,94436.305,103391.5,26
1957,1176,2,1.0,100,1360,5.1651875,-1.3249947916666667,4.511635416666667,8.067052083333333,10.501515625,3.3639427083333335,7.643125,25.931375,4.724854166666667,10.769916666666665,0,0,0.0009018882006824775,0.0,0.0021123438251593094,0.004630800030879905,0.007578212444963476,0.0006906538181665466,-0.000789741026188768,0.012966103475692175,0.0,-0.0005641007329919771,0,0,110000,1238,535152200,168916.36,162587.1,26
1992,2872,1,2.0,160,500,-3.6495182291666666,0.4361145833333333,-1.814703125,-2.8407552083333334,1.1166484375,-2.2808984375,-4.600602864583333,-2.1021549479166666,-1.24121484375,-1.0041419270833334,0,0,0.014121416193557747,0.002212461682994119,0.009926269228822393,0.01478318696233218,0.013607223096109044,0.008642934956835942,0.02708006630595652,0.012800184710465325,0.005609425463452602,0.008701800396333646,0,0,269500,1834,533130170,255018.88,305722.2,26
1990,1339,1,2.0,140,700,-0.03204427083333333,0.14996875,-2.2006458333333336,-0.3713723958333333,-4.153786458333333,1.346140625,-1.3735442708333332,-1.63965625,-1.5741614583333332,-0.10734895833333333,0,0,0.002217592793976274,0.0010376337602456738,0.007239415205898504,0.006776645578465421,0.020417936916632896,0.003806349413330564,0.009733074926665093,0.009406594403576468,0.0020237643668028307,0.004932920908735293,0,0,44000,2897,916403020,212530.94,182193.47,26
1949,1588,0,0.0,60,660,1.4280963541666667,-0.8789557291666666,-6.7604375,-0.41429166666666667,1.510609375,2.2435208333333336,4.092109375,-3.5854401041666666,-5.088473958333333,-0.11183072916666667,0,0,0.0024474122273028635,0.002105397555571615,0.01825762928704409,0.0037065973090448763,0.009674928060319834,0.0031505029820139553,0.013624955086335072,0.016372246532203556,0.026754954619460165,0.005037082347897363,0,0,179781,1306,902207120,77049.25,105000.05,26
1977,1567,2,2.0,120,960,2.3532838541666665,0.751140625,-2.9252890625,-0.49365885416666666,1.7999973958333333,2.1918385416666664,4.513088541666667,4.6383671875,-2.3037369791666666,-0.15709895833333334,0,0,0.002235869398214426,0.0030962272762144853,0.009309154398779083,0.007738764285375943,0.01384709103510368,0.004831026536883847,0.009525163816090478,0.006281190076111557,0.005001328693693782,0.003340117487943749,0,0,308030,988,924100040,189153.72,200028.64,26
1945,1668,0,1.0,140,1500,0.6511145833333334,0.8079401041666666,-2.2638776041666664,-0.38204166666666667,-1.823859375,-1.3775442708333332,-1.1976171875,-1.6706145833333332,-1.5838645833333334,-0.10800520833333332,0,0,0.002170427623056016,0.000848973076564642,0.0077625368126009,0.0076540300278679675,0.015723726176508565,0.004753240605710714,0.009733074926665093,0.00970328512519254,0.0098412399236563,0.004932920908735293,0,0,202900,1329,903204010,123524.234,131530.61,26
1980,1036,1,2.0,160,900,1.097328125,-0.7361848958333334,-5.662322916666667,-0.34699739583333333,-3.8811614583333336,2.2860833333333335,5.161151041666667,-3.4138020833333336,-5.344315104166667,-0.117453125,0,0,0.0018931380323366134,0.0021096984502718893,0.018154519532980164,0.00751624752665289,0.018099891198437388,0.0036632577501770182,0.014813251128703703,0.01817234337111698,0.025335348629152498,0.007800167381412259,0,0,110000,2520,533253050,204488.25,154537.14,26
1993,1617,1,2.0,120,620,1.0056510416666666,0.2696979166666667,-5.189265625,-5.389364583333333,-1.5181640625,1.81768359375,4.2568359375,-2.6289244791666664,-4.407911458333333,-5.155432291666667,0,0,0.0026601681946638186,0.0010178118149645234,0.019011691504324982,0.02442665636428261,0.017225651749470185,0.004021372512654626,0.016741681924582735,0.012669323730555368,0.025401436692497465,0.023393719351739995,0,0,100000,1148,531451020,194126.03,204621.67,26
2007,2078,1,3.0,160,340,1.3103880208333332,-0.884359375,-6.761770833333333,-0.4143723958333333,1.5109088541666666,2.3684947916666665,6.2590078125,2.4550078125,-6.4811328125,-0.1424375,0,0,0.002413870005694996,0.0022435492340474542,0.01825762928704409,0.0037065973090448763,0.009674928060319834,0.003334678294037468,0.015632211540554594,0.00762633414503875,0.015396235644453528,0.005495359793359036,0,0,224900,1127,528480060,295817.22,321312.7,27
2004,1374,1,2.0,140,420,0.3809635416666667,-0.5948046875,-4.57490625,-0.2803567708333333,-3.1358046875,-2.0881328125,-3.6202721354166667,-1.8537369791666667,-3.7547122395833337,-0.08251822916666667,0,0,0.001210990122724995,0.0009725878794428647,0.018344533771358387,0.0033662966465798387,0.0181093906220591,0.00469905441875145,0.014184916320718739,0.010478242004771912,0.017672376512382324,0.005625982835529734,0,0,325000,1748,528235000,203126.33,197504.33,27
1966,2157,2,2.0,140,1180,-0.2588671875,-0.8821067708333333,-5.089606770833333,-0.3119010416666667,-3.4886015625,1.1287994791666667,-2.5337369791666666,-3.42633203125,-3.63810546875,-0.07995703125,0,0,0.003980544940178989,0.0050138435805393445,0.02382817373062853,0.007565450372061271,0.02523908736499054,0.003852670384625289,0.02924376988216685,0.030644435265250486,0.029093035928723854,0.013325185012681508,0,0,135000,2569,535125060,232090.62,249868.72,27
1992,883,1,2.0,100,640,1.4500416666666667,0.651625,-2.5377395833333334,-0.4282578125,-2.0444947916666667,1.601578125,4.669640625,4.658046875,-2.3134869791666666,-0.15776302083333335,0,0,0.0031668209119214254,0.0022256161944497034,0.011723333573555938,0.009143663823684235,0.017530566958302483,0.0027934190739887367,0.009525163816090478,0.006119649063804093,0.005001328693693782,0.003340117487943749,0,0,186000,985,923276260,177892.36,163074.08,27
1977,2288,2,2.0,140,660,0.8368567708333333,1.3262552083333332,-2.9096901041666667,-0.4910234375,1.7903984375,2.9068984375,-1.6751640625,8.445916666666665,-2.2154192708333333,-0.15107291666666667,0,0,0.0036373564137204,0.0008932190472665821,0.009309154398779083,0.007738764285375943,0.01384709103510368,0.001591950483237867,0.006450877264107509,0.021182675853150996,0.005413148745762037,0.003375972223121164,0,0,159500,590,534151120,238826.92,240686.28,27
1957,907,0,1.0,80,1360,0.5415859375,-0.8076640625,-5.18546875,-0.3177786458333333,-1.5170546875,-1.1458125,-1.2346015625,2.0867057291666664,-5.066255208333333,-0.11134375,0,0,0.0022430773754428955,0.004302283704013906,0.019011691504324982,0.00922451097445987,0.017225651749470185,0.005792197721229423,0.012295590813733465,0.006315513381137297,0.01998138707979689,0.005037082347897363,0,0,160000,1206,534277060,102119.83,113722.945,27
1950,1337,1,1.0,100,380,-0.3280182291666667,0.13804166666666665,-2.0256197916666667,-3.1709270833333334,-3.8234166666666667,2.0236796875,-1.2698489583333332,-1.31940625,-1.52409375,-1.2329895833333333,0,0,0.002807794972418515,0.0019454741767485695,0.008251439035653304,0.01235886446029991,0.018099891198437388,0.004115879424768942,0.008297207344688532,0.006346691900960898,0.0023702146193257056,0.004760235259106182,0,0,162500,1226,534477090,155017.02,133158.88,27
1999,1644,1,2.0,120,500,0.2605690104166667,-0.4068294270833333,-3.1291145833333336,-0.19175651041666666,-9.724053385416665,-1.4282265625,-3.6202721354166667,-1.8537369791666667,-3.7547122395833337,-0.08251822916666667,0,0,0.0,0.0,0.035552633824150144,0.011362887378199824,0.10410871074768872,0.012499176116019807,0.014184916320718739,0.010478242004771912,0.017672376512382324,0.005625982835529734,0,0,398800,1760,528294010,178821.75,209247.92,27
1973,2090,2,2.0,140,1040,3.2822291666666663,4.685104166666667,6.011369791666667,10.769760416666665,26.550427083333332,6.837947916666667,11.010723958333333,11.562614583333334,4.0704947916666665,9.170755208333334,0,0,0.0,0.0,0.0,0.0,0.004875180802549337,0.0,0.009245967137294362,0.006942260502388325,-0.0011282014659839542,8.94454578842371e-05,0,0,142000,583,534128010,199218.78,211853.03,27
1958,1352,0,1.0,100,1340,-1.35966796875,0.18681380208333334,-2.97134765625,-3.0859244791666667,-4.877092447916667,-1.3562174479166667,-2.2261015625,-6.28752734375,-2.0978203125,-2.45359375,0,0,0.0011362887378199803,0.0,0.01704433106729973,0.02559557044580007,0.04689594153180734,0.00852216553364987,1.1564823173178713e-18,0.030894462408269676,0.0,0.0,0,0,128500,2702,904101040,123499.49,136494.73,27
1977,1117,1,2.0,120,960,-0.7793736979166667,-0.5864270833333334,-1.59583203125,-2.4981315104166666,-3.01217578125,-2.014420572916667,-5.178497395833333,1.3869192708333333,-1.4723307291666667,-1.1911145833333332,0,0,0.0038674285590832858,0.0022982544936081244,0.005094691494320133,0.01158221734127664,0.017667556088353614,0.005165049618970881,0.025074020244782547,0.0072402866971433425,0.005547542724394468,0.008871721293957732,0,0,173000,1495,908151040,163869.47,142306.97,27
1915,1680,0,1.0,120,980,-0.20398697916666667,0.22554296875,-4.339658854166667,-2.4669348958333335,-2.9745598958333335,-1.1169544270833334,-2.2675625,-2.0831705729166665,-3.7775286458333337,-0.9848984375,0,0,0.002017836919865788,0.0013774992072469745,0.017180448080136107,0.01065532581764643,0.01700889149425288,0.003738444823707237,0.013801723962157165,0.010906095965668494,0.017672376512382324,0.006939352014967732,0,0,82500,1526,909252110,118957.266,127035.41,27
2000,1382,0,2.0,140,500,1.6105234375,-0.5432578125,-2.7685833333333334,-0.4672135416666667,1.7035755208333332,2.0719010416666666,5.7240078125,3.2015052083333333,-2.2939140625,-0.1564296875,0,0,0.0007097396977773207,0.0014864956262198924,0.011562031774396188,0.00742216199677854,0.011397837030818769,0.0020319039363206025,0.011748106956338187,0.005476437569784031,0.005001328693693782,0.003375972223121164,0,0,256000,2513,533223080,185677.28,172128.06,28
1981,1707,1,2.0,160,880,0.5919401041666666,0.29455729166666667,-2.0581276041666667,-0.3473203125,-3.8847682291666663,-1.2523463541666668,-1.15328125,-2.6098515625,-1.5252135416666668,-0.1040078125,0,0,0.0022683359300916203,0.0012708258942914306,0.008251439035653304,0.00751624752665289,0.018099891198437388,0.006518174427870005,0.00841209246719185,0.00970328512519254,0.0023702146193257056,0.005979947525443564,0,0,34900,2895,916326010,220709.5,198246.14,28
1976,1743,2,2.0,160,980,0.45017838541666666,-0.44068359375,-4.16409375,-2.3671302083333337,-6.834830729166667,1.3079153645833332,-0.24135286458333335,-3.48502734375,-3.9373580729166666,-1.0265755208333334,0,0,0.0010080549086510713,0.0011147247880565505,0.015413929917085461,0.008970122178166501,0.0355563817552785,0.0019425336928778857,0.013143177686488245,0.016176584880301638,0.018125330428222883,0.007938801049096727,0,0,241000,2119,906475170,237601.75,205789.8,28
1965,2380,1,2.0,120,920,-2.9343723958333334,-0.3361119791666667,-4.860846354166667,-0.2978828125,1.0861458333333334,-2.2186458333333334,-6.4107109375,2.41362109375,-4.244640625,-0.09328645833333332,0,0,0.008413832985891434,0.0002532053766992279,0.022757124633082597,0.0065882485056494395,0.013226938207479999,0.00582155294331106,0.031777586229504926,0.012044227645933218,0.008076443784278856,0.007308470092478621,0,0,174000,1916,535126180,163883.84,230559.39,28
1968,1743,1,2.0,120,1140,0.49997135416666666,0.3823203125,-2.2547369791666667,-0.3805078125,-4.255869791666667,1.3018359375,-3.9018203125,-0.6093046875,-1.4799635416666668,-0.100921875,0,0,0.002218684576955733,0.0011352394510245661,0.0077625368126009,0.0076540300278679675,0.020337159249856775,0.004694013057767404,0.02071213485143788,0.006544587758429979,0.005464916937460308,0.003780065435764107,0,0,143750,1659,527359010,167686.1,182922.78,28
1935,754,0,0.0,120,860,0.8574817708333333,1.1281953125,-2.3743151041666666,-0.4006796875,-1.9128385416666667,-0.4650390625,-1.5118880208333332,3.7779739583333334,-1.9209010416666668,-0.13099479166666667,0,0,0.0012307055230654325,0.0009151639896763254,0.005853409043306893,0.005606053555766921,0.01691844528413276,0.00378686611789354,0.013870748895035126,0.014861823046662037,0.00717602352794963,0.007180816356578521,0,0,113500,2697,903456090,126546.78,64977.336,28
1945,998,0,2.0,80,1500,0.5468359375,0.6541640625,-1.937546875,-3.0330572916666667,-3.6571744791666667,-0.463609375,-1.1943880208333333,-1.3501380208333333,-1.5270546875,-1.2353854166666667,0,0,0.0029027081357758467,0.0008850537521430634,0.010997422595687381,0.01743145870986771,0.024877892226329523,0.005792197721229423,0.008360178876976652,0.006874289537271745,0.0023702146193257056,0.004760235259106182,0,0,210000,2071,905228020,101376.06,112876.586,28
1993,1642,1,2.0,120,620,-1.75644140625,-0.18527473958333335,-2.72773828125,-0.16716145833333335,-8.476703125,-1.24502734375,-2.4194596354166666,-7.853134114583333,-2.6201888020833333,-0.05758463541666666,0,0,0.0,0.0,0.01704433106729973,0.0,0.07562402724090708,0.0,0.02247232345103148,0.08027395632913478,0.019320489884402398,0.0,0,0,130000,1630,527165170,192232.16,210190.14,28
1972,864,0,1.0,100,1060,2.3774921875,-0.23242708333333334,-2.822796875,-0.4763645833333333,1.7369375,1.7240104166666668,2.814546875,-0.8455625,-1.8956432291666667,-0.12927083333333333,0,0,0.0022985924815317376,0.0012363786151725355,0.009204783619171193,0.007749568922648997,0.011755392526919798,0.001591950483237867,0.013768747304895294,0.01056286619649235,0.011791633161564384,0.007413738021934738,0,0,107500,2786,907203010,108095.84,114006.914,28
2002,1689,2,3.0,160,460,0.199328125,0.1363671875,-2.0010677083333333,-3.1324921875,-3.7770677083333335,1.2240520833333333,-1.9872395833333332,-1.2806328125,-1.4793072916666667,-1.1967604166666668,0,0,0.002340132334237089,0.002320278778113647,0.008160915281986312,0.01178933344868178,0.017357836586641293,0.003006057442499142,0.013555994744616964,0.007321895427657166,0.005547542724394468,0.008871721293957732,0,0,240900,1565,914465060,332902.78,306958.88,28
2005,1714,1,2.0,180,400,2.0038255208333333,-0.5674270833333334,-3.345265625,5.857815104166667,2.0584244791666664,3.3633177083333337,7.765395833333333,3.39853125,-2.7627239583333334,6.895252604166667,0,0,0.0002802650807640708,-5.782411586589357e-19,0.007337494470032486,0.004295808996644512,0.007210607107867536,0.0009830526692587824,0.011175043123120832,0.00809457390059687,0.0064860437055058165,0.009231092729944459,0,0,206000,2340,527252090,309509.5,227883.94,28
1993,2646,1,3.0,140,640,2.199140625,2.0811979166666665,-4.120822916666667,7.215885416666667,9.393479166666665,4.581510416666667,9.04575,6.916244791666667,-3.0187395833333337,7.53415625,0,0,0.002725251973148809,0.0027626152726661865,0.001536798976687187,0.007234572326182754,0.011789192364412407,0.005165750593203849,0.016995931272626507,0.01581022729683604,0.013820501166413797,0.009971740350779374,0,0,136300,502,528365070,247324.16,336084.1,28
1977,1356,1,2.0,120,960,1.7003333333333333,-0.7455729166666666,-5.563080729166667,-0.3409166666666667,-3.8131354166666664,1.2357421875,2.9868919270833336,-3.9862682291666665,-4.781963541666667,-0.10509375,0,0,0.004869643541968454,0.0016183036886656145,0.017131489323968185,0.007468688581181541,0.017357836586641293,0.0036268472018836416,0.010872936594284222,0.01359798283390475,0.010283143009743097,0.004932920908735293,0,0,180000,2294,923229100,165045.12,161778.78,29
1976,1092,0,1.0,80,980,0.6392213541666666,0.03619270833333334,-2.2648880208333333,-0.3822109375,-1.8246770833333332,-0.5419348958333333,-1.3030885416666667,-0.31261197916666666,-1.6660260416666668,-0.113609375,0,0,0.002218684576955733,0.002192525304900498,0.0077625368126009,0.0076540300278679675,0.015723726176508565,0.00322088990497202,0.013687519182041984,0.00815709252122568,0.006072575855600633,0.005037082347897363,0,0,172500,2291,923228390,96830.91,111431.6,29
1999,2214,1,3.0,160,520,2.1132864583333335,-0.9906197916666666,-3.8447916666666666,6.73253125,8.7642578125,3.865546875,7.7743515625,6.386046875,-2.920796875,7.289703125,0,0,8.892327738169459e-05,0.0,0.010557700729074618,0.0031256584425678508,0.009518355483984539,0.000668826115277931,0.016994207232472525,0.015507509084208235,0.013820501166413797,0.014608960628703236,0,0,135000,2797,907270050,294890.78,290998.6,29
1956,925,0,1.0,100,440,-1.2756510416666667,-1.0386927083333333,2.1599635416666665,-0.37293489583333334,-1.7803828125,-2.7776432291666664,-5.981328125,2.8161979166666664,2.0555052083333334,-0.126546875,0,0,0.0037807513719464803,0.002671819494959289,0.004840574379407825,0.006776645578465421,0.012374569940584659,0.0060611278615406135,0.023517114717789837,0.011366741099986902,0.006007202797885457,0.007143635959935838,0,0,170000,1936,535325090,136181.0,114895.27,29
1972,864,0,1.0,100,1060,2.1553958333333334,0.7968333333333334,-7.047169270833333,-0.4318619791666667,1.5746744791666667,1.3171901041666667,3.7723723958333335,12.9206328125,-7.883682291666667,-0.17326302083333334,0,0,0.003814996670958435,0.0015960393002689634,0.013721372929939118,0.009208031898806007,0.015164465979287153,0.0035088938488677,0.011200484600907279,0.0369769314964657,0.005213941332280896,0.006042308918682284,0,0,94550,2788,907227090,108095.84,114006.914,29
1959,1256,0,1.0,100,1320,1.4031041666666668,0.8876822916666667,-7.240174479166667,-0.4436927083333333,1.6178046875,2.9231171875,5.4857265625,-1.6787135416666668,-5.680388020833333,-0.12484114583333333,0,0,0.0012942929021248692,0.0006683208481137447,0.014111638751136803,0.008153296341508012,0.014221250587017417,0.003467971053665573,0.017031599216465677,0.010587858368018309,0.021328226665085753,0.006655800020001394,0,0,254900,1271,535453020,124034.9,132610.02,29
1945,1340,0,1.0,120,1500,0.5034244791666667,-0.6405859375,-4.911986979166667,-2.79228125,-3.3668489583333336,1.6300924479166667,-0.9472994791666667,-3.5719713541666667,-3.7580182291666664,-0.9798125,0,0,0.0010435653350814773,0.0012035259384019794,0.022757124633082597,0.016718927307192575,0.020130988896326623,0.0029490940958498088,0.011648879911091588,0.017093599346548142,0.017672376512382324,0.006939352014967732,0,0,110000,2849,909201180,113768.4,115859.92,29
2008,1743,1,3.0,180,340,0.217515625,-0.6131666666666666,-4.701747395833333,-2.672765625,-3.2227473958333337,0.9307604166666666,2.07992578125,-4.1015625,-4.349190104166667,-1.1339505208333334,0,0,0.0014153536533808321,0.0011369756502836944,0.018344533771358387,0.012922409934169453,0.02136421435755717,0.0019315729086305325,0.011690989099443919,0.01781927533319587,0.005659102635559603,0.007793622723937061,0,0,206000,439,528120030,353441.97,304709.53,29
2006,1458,0,2.0,140,360,0.23934114583333335,-0.7263515625,2.3484010416666665,-3.7612213541666666,-4.535169270833333,2.9882942708333333,-2.4747630208333335,1.0020833333333334,2.040770833333333,-1.49034375,0,0,0.0020878222932958954,0.0025761247633413146,0.004659448589924985,0.011745106675255202,0.025618967693033692,0.0043845719943613574,0.01486225165117473,0.008667908629214825,0.006529393246408595,0.007610322671980548,0,0,462000,1731,528218100,185932.61,183218.36,29
1959,1225,0,0.0,80,1320,0.010822916666666666,-0.7477526041666667,-2.0885130208333336,-0.3524479166666667,-1.6825859375,-1.2946692708333332,-0.27631510416666666,-2.4453671875,-1.5962890625,-0.10885677083333332,0,0,0.001741496977672049,0.0014003430352685737,0.005347050375139296,0.0050326630534866445,0.015064534713977167,0.004274557298676039,0.008225341216825256,0.012864081774639713,0.0098412399236563,0.004760235259106182,0,0,184000,120,534276360,96091.66,111042.695,29
1989,1495,1,2.0,120,720,0.3580598958333333,-0.6529635416666666,-2.0730729166666664,-0.3498411458333333,-1.6701432291666667,-1.9540703125,-4.574231770833333,0.9377057291666666,-1.5515807291666668,-0.10580729166666668,0,0,0.0022874302434883055,0.0014537465938673018,0.005347050375139296,0.005482532513786399,0.015064534713977167,0.0045520146852894615,0.021076079514507025,0.005287271040546382,0.0020237643668028307,0.004932920908735293,0,0,167900,1580,916402015,194280.67,202173.16,29
1980,936,0,2.0,100,900,-0.73171484375,-0.407609375,-3.8515963541666665,-0.23603385416666667,-6.321908854166667,-0.82506640625,-1.72561328125,-3.3929453125,-3.8333229166666665,-0.08424609375,0,0,0.0035121572324817853,0.0026442573717276423,0.011707559819266435,0.007641616276229273,0.040346107128285034,0.0034310416535513607,0.014101703188860861,0.017896683801597334,0.01778726590992111,0.007870197165044564,0,0,245000,1978,902107050,129458.95,126134.71,29
2007,1978,1,3.0,180,360,0.16344010416666666,-0.8206640625,-2.7146744791666664,-0.4581145833333333,1.6704088541666668,3.0181588541666664,4.8215390625,1.160953125,-2.1310833333333337,-0.14532552083333333,0,0,0.001175642220817116,0.0011679608491727725,0.009276162770996986,0.006401067100514682,0.011397837030818769,0.002027338879274268,0.01096115608922251,0.004489650945255811,0.0036745444442460875,0.004928486727267857,0,0,144500,969,921128050,372030.72,307289.25,30
1969,1844,1,2.0,120,1120,-0.60488671875,-0.3130950520833333,-3.1840052083333337,-3.3067825520833334,-5.226145833333333,-0.6820572916666666,-1.35749609375,-3.4130286458333337,-3.0155859375,-3.52698828125,0,0,0.0017044331067299773,0.0,0.035552633824150144,0.0270556175723681,0.05734209870171916,0.011931031747109818,0.025073437905188494,0.05266238723276176,0.03967009374899449,0.052963286138511326,0,0,143000,2872,909475020,178764.12,184619.61,30
1949,1846,1,1.0,120,1500,-2.3020794270833336,-0.528578125,-1.47634765625,-2.3110911458333336,-2.7866471354166666,-1.85562890625,-6.87115234375,-1.7058606770833333,-1.1135390625,-0.9008619791666667,0,0,0.005554126969287369,0.00010616426552919472,0.00645997373787138,0.005840893517359399,0.016095908595818435,0.004291915497250243,0.05034451214281162,0.019661396276677873,0.013097452888767817,0.012002954758615224,0,0,179000,1959,535450310,142412.05,151650.05,30
1924,949,1,2.0,100,440,0.8792552083333334,0.19769791666666667,-2.90103125,-0.4895651041666667,6.612934895833333,-1.4825520833333332,-0.9335546875,-1.4323828125,-1.6169036458333332,-0.11026302083333332,0,0,0.0036675202015444552,0.004066752472520304,0.009309154398779083,0.007749568922648997,0.01238267700156206,0.008091680068058235,0.010791541978579788,0.008581406875133034,0.006493444950005525,0.005037082347897363,0,0,139000,1336,903226150,156092.53,118621.15,30
1915,1308,0,2.0,100,940,0.7453359375,0.4181106770833333,-4.8224140625,-2.7413619791666664,-3.3054557291666664,-0.04340364583333334,-0.6457083333333333,-3.3786510416666666,-3.8664817708333334,-1.0080950520833334,0,0,0.0016267660943215297,0.0005999167568792549,0.022757124633082597,0.01062462906547638,0.020130988896326623,0.0027359145320823286,0.011599347229542398,0.01871853734424795,0.01778726590992111,0.008816689793872436,0,0,157900,1363,903455030,128094.66,116492.555,30
1977,2022,1,2.0,140,960,0.6228307291666666,0.7063385416666667,-5.761104166666667,-0.3530494791666667,-3.9488671875,1.8752239583333332,-0.2797421875,-1.3486640625,-4.563604166666667,-0.10029427083333332,0,0,0.0023698422011290423,0.003066043273711392,0.01126664495464453,0.0050326630534866445,0.020437373470406806,0.00356030997743899,0.009675751955684445,0.007408588173565469,0.019881426231006014,0.003780065435764107,0,0,157000,1400,905352030,197298.0,200570.95,30
2003,2690,1,3.0,160,440,1.0438177083333333,-1.732890625,-3.686859375,6.455966145833333,8.404229166666665,3.5562760416666666,9.3123125,4.4206328125,-2.9050989583333333,7.250606770833333,0,0,0.003647407331350944,0.011141754235316064,0.018460828984961125,0.0021598585850952636,0.007052107478618841,0.0008333356641079756,0.01930043369124581,0.012357363980665184,0.013820501166413797,0.014608960628703236,0,0,200500,1069,528178090,284764.22,364351.7,30
1920,1128,0,2.0,80,1500,1.9525911458333332,-0.6759635416666666,-6.388411458333333,-0.3914921875,-1.868984375,2.8852864583333333,2.9249049479166667,-4.498591145833333,-4.682721354166667,-0.1029140625,0,0,0.0036145866675469196,0.0007046957545345431,0.015793758055417877,0.005606053555766921,0.017089411631836485,0.005432178421279616,0.010832541610795493,0.021654976426290898,0.021339139275458125,0.0037986402053963165,0,0,67500,305,911128180,95413.91,105704.45,30
1958,1344,1,1.0,100,840,-1.4570885416666668,0.5277161458333334,-4.30419140625,-2.44676953125,-1.2592278645833332,-1.9645677083333333,-4.052971354166666,-0.9421080729166667,-3.6604817708333335,-0.95438671875,0,0,0.006510072705414796,0.00015924639829379209,0.01609065784377508,0.01206155745176525,0.015154476288726368,0.006382771082818303,0.031182668419063825,0.015837532665972813,0.029093035928723854,0.018252089979381766,0,0,382500,1878,534252040,144119.06,149458.48,30
1978,1441,1,2.0,120,940,0.15397265625,-0.7832890625,-4.51944140625,-0.2769596354166667,-7.41808984375,1.58305859375,1.5279375,-5.934701822916667,-4.11126953125,-0.09035546875,0,0,0.0029671718559549586,0.005312587863829349,0.017168322844527444,0.004984181229096349,0.04530394672506671,0.0025578133418731855,0.014594885492949407,0.02296831330298519,0.007200161818250683,0.0051298781801900695,0,0,155000,416,527455060,170076.8,166897.8,30
1997,2199,1,2.0,160,560,1.2974635416666667,-2.370625,-4.582739583333333,8.024713541666667,19.783140625,4.420421875,12.40375,19.869325520833332,-3.8695572916666667,9.657619791666667,0,0,0.0002302179393888487,0.0,0.0005755448484721223,0.004630800030879905,0.020265158047656846,0.0012661986666386692,0.004084464857877573,0.015859316040426754,0.0,0.000653546190876214,0,0,272000,1099,528315060,271376.62,251154.98,30
1971,987,0,1.0,120,1080,3.5273489583333335,-1.1509895833333332,-3.8605625,6.760130208333333,8.800190104166665,2.8189583333333337,6.99528125,22.849239583333333,-3.802296875,9.489854166666666,0,0,0.00022867501245041623,0.0007028308534131161,0.010557700729074618,0.0031256584425678508,0.009507523399651387,4.26661980580297e-05,0.0013008906345326602,0.026910557860368518,0.0,0.000653546190876214,0,0,159000,1045,527451400,128990.03,114857.37,30
1961,1622,1,4.0,80,1000,-0.06299739583333333,-0.5637786458333334,-4.929052083333333,-0.3020625,-3.3785494791666664,-0.06738541666666667,-0.996,0.8636276041666666,-4.863111979166667,-0.10687760416666667,0,0,0.001805897940122168,0.0012035259384019794,0.022757124633082597,0.0073424668088798144,0.021698047822441537,0.0034150879113120443,0.009545745080833081,0.005133361014778379,0.019448130637122245,0.004932920908735293,0,0,173733,2283,923205025,142364.92,181969.12,31
1960,1556,0,0.0,100,1300,-1.4824947916666666,-0.06726302083333333,-3.8209739583333335,-2.1720794270833337,-2.6190338541666667,-1.74401171875,-4.1863359375,-0.556921875,-3.7249322916666667,-0.9711861979166666,0,0,0.004395698181043839,0.0002833132898279617,0.011707559819266435,0.008090820042520895,0.016695795254878583,0.006163774970206712,0.035025131662215214,0.016089316355338064,0.03585312101653861,0.02034762840540396,0,0,125000,2628,535456010,111132.11,126717.91,31
1959,3820,2,2.0,100,580,0.2788059895833333,0.5760846354166667,-4.445161458333333,-2.5269088541666664,-3.0468723958333337,-1.5215494791666668,-3.5483125,-1.069359375,-3.7346197916666664,-0.9737135416666667,0,0,0.002017836919865788,0.0013176079373666712,0.017168322844527444,0.012509108864906844,0.018217757752921716,0.004432655139899378,0.030419301992922875,0.02002145244287201,0.03585312101653861,0.02034762840540396,0,0,225000,1498,908154080,195751.97,312880.56,31
1910,1635,0,1.0,120,440,0.5189088541666667,0.22173177083333334,2.2160911458333334,-3.5423567708333334,-4.271270833333333,0.0606953125,-6.633994791666667,9.506356770833333,2.4279010416666664,-1.79390625,0,0,0.002218684576955733,0.0015673684701630987,0.004840574379407825,0.013041259829007985,0.020337159249856775,0.0037735597082858637,0.018726203800447073,0.023750203925259648,0.003412060569370855,0.003340117487943749,0,0,153000,2689,903430090,121588.64,113803.88,31
2008,2020,1,3.0,180,340,0.21469270833333334,-0.44044140625,-4.6407109375,-2.6380677083333337,-3.18090625,0.4961888020833333,1.8448111979166668,-5.48540234375,-4.0556341145833334,-1.0574075520833333,0,0,0.0009795290498900158,0.0009539157343574991,0.018344533771358387,0.01020732101737378,0.021802339103951796,0.0019333689508417126,0.017116878697524776,0.02822766202942078,0.019979706118928565,0.011722698181420185,0,0,254000,430,528108130,382168.44,333590.2,31
1953,930,0,1.0,80,1440,-0.3029114583333333,-0.3367578125,-1.7161979166666668,-2.6865520833333334,-3.2393723958333336,-1.3475859375,-5.367583333333333,2.1165390625,-1.5162473958333333,-1.2266536458333333,0,0,0.0010876800825516352,0.0005360562287403565,0.006765643930263411,0.01062462906547638,0.01865989326080182,0.003607661273383949,0.02857179027027856,0.00724854927583676,0.0033598892818161516,0.008871721293957732,0,0,501837,1508,908250090,95954.84,105374.12,31
2007,1620,1,3.0,180,340,1.3249010416666667,1.1796692708333332,-2.4826484375,-0.4189609375,-4.686067708333333,2.7601901041666665,7.554171875,5.5476015625,-2.5209505208333334,-0.17191145833333335,0,0,0.0015800608616278902,0.0018053354493447332,0.003092405323272007,0.0037065973090448763,0.020149625332395806,0.0033943477130027244,0.02110570382010151,0.01372508429317378,0.006325380146167634,0.006042308918682284,0,0,230000,958,916380070,349007.22,275084.25,31
1928,1576,1,1.0,100,1500,0.99940625,1.3011510416666667,-2.5763229166666664,-0.434765625,-2.0755807291666666,1.9280182291666668,-2.047192708333333,4.405528645833333,-1.9332317708333333,-0.1318359375,0,0,0.0019522185770763942,0.002726959498639419,0.011723333573555938,0.009208031898806007,0.017530566958302483,0.0032838237129152225,0.01543625002952285,0.014272723647246972,0.008833641103121596,0.007180816356578521,0,0,143500,2681,903233100,109131.45,143696.78,31
1956,882,0,1.0,100,1380,2.974,0.5865182291666666,-3.3608671875,-0.5671640625,7.661119791666667,2.0558411458333334,4.328505208333333,1.7309479166666668,-2.1324296875,-0.1454140625,0,0,0.0004492665915407287,9.24729158829606e-05,0.007337494470032486,0.005609526920813516,0.012727991605582176,0.00037239991717835484,0.010919074988435466,0.004460270036273475,0.0036745444442460875,0.004928486727267857,0,0,214900,1326,902427045,124559.31,115756.22,31
1949,1461,0,1.0,80,580,-1.0705924479166666,-0.4588528645833333,-4.33576953125,-2.4647200520833334,-1.2684661458333333,-1.15484765625,-1.381578125,-3.387046875,-3.6959973958333334,-0.9636419270833334,0,0,0.0038674285590832858,0.001599391684732558,0.017180448080136107,0.01065532581764643,0.014820951818753005,0.003738444823707237,0.02482547474729241,0.032237766242250054,0.03585312101653861,0.018252089979381766,0,0,143000,686,535454100,111277.94,114744.6,31
1946,1639,1,1.0,120,1500,2.0410260416666666,-1.0057760416666666,-3.8245625,6.69709375,8.7181328125,3.6891041666666666,10.632760416666667,15.39990625,-3.548359375,8.85596875,0,0,0.00014889449179544129,0.0,0.010557700729074618,0.0037988171950824497,0.009518355483984539,0.0006703499080657182,0.01244305079229125,0.019704172525009337,-0.0005641007329919771,0.006351403875741283,0,0,139900,792,905452040,125646.79,138407.88,31
1965,1256,0,1.0,100,1200,-1.82767578125,-0.369875,-3.5920520833333334,-0.22012890625,-5.895901041666667,-0.8617291666666667,-2.4397135416666664,-8.287752604166666,-2.5007825520833333,-0.054959635416666666,0,0,0.003446680047650937,-1.1564823173178713e-18,0.012182511448267604,0.005480699645404728,0.025949461552018827,0.003958762437732473,0.02373947096962078,0.07668753181634695,0.019320489884402398,0.0,0,0,166000,1489,908102260,128484.695,137207.33,31
1998,1478,0,2.0,160,540,-0.6603723958333334,-0.34181380208333334,-3.4760455729166666,-1.9760026041666667,-5.705490885416667,-0.7446171875,-1.5849934895833333,-3.9850065104166665,-3.5209453125,-0.91800390625,0,0,0.022725774756399645,0.0193169085429397,0.04163836342994803,0.0270556175723681,0.07425890705869094,0.018327016974074784,0.021720753082064743,0.03336977047352086,0.027089320723672757,0.013775619565005698,0,0,362500,352,527132090,227942.62,170107.78,32
1963,1040,0,1.0,100,1240,-1.6461106770833334,-0.06519140625,-4.242682291666667,-0.2599973958333333,-2.9080833333333334,-1.9364934895833332,-4.492845052083333,-0.06016927083333334,-3.9976419270833334,-0.08785677083333333,0,0,0.005901017571394138,0.0011147247880565505,0.01609065784377508,0.0058346508253888365,0.0176473971411037,0.00605051196338984,0.025140378957493475,0.008506908958585238,0.019979706118928565,0.007310983958744884,0,0,190000,88,532377100,120924.41,126896.52,32
2000,1842,1,2.0,140,500,-0.7419739583333333,0.8526119791666666,-2.4059791666666666,-0.40602083333333333,1.4804557291666667,-1.5894505208333332,-5.072997395833333,7.3171640625,-1.9809713541666667,-0.1350859375,0,0,0.0043977437493394325,0.0006900375447127037,0.0067239849472900196,0.006215299796217099,0.012938516832535657,0.0043463032181807896,0.023388098086769896,0.021585612718109843,0.008833641103121596,0.011540780313237206,0,0,185000,2132,907192040,217688.02,225365.66,32
1923,869,0,0.0,80,1340,-0.8338411458333334,-0.14286979166666666,-4.77815625,-0.2928125,-1.397890625,-2.1808984375,-4.992313802083333,-0.54380078125,-3.7828216145833333,-0.08313541666666667,0,0,0.0017979956565416075,0.0005176905384226526,0.021857144784216784,0.007477659093400631,0.014023704434619486,0.004731232873999963,0.02708006630595652,0.006585811997836483,0.017672376512382324,0.007870197165044564,0,0,153000,2556,534451120,88959.12,85859.29,32
1977,1208,1,2.0,120,960,1.7009661458333332,0.28652083333333334,-2.9240651041666665,-0.493453125,1.7992473958333333,3.2509557291666664,7.134833333333333,12.258239583333333,-2.85928125,-0.194984375,0,0,0.0014239111068117076,0.005764197670422876,0.009309154398779083,0.007738764285375943,0.01384709103510368,0.0014943767440757064,0.010138036024985956,0.016941741902309244,0.005213941332280896,0.015233439474969726,0,0,193500,2518,533252020,170449.3,152226.75,32
1976,1456,1,2.0,120,980,2.1278411458333335,-0.112890625,-6.413096354166667,-0.39300260416666666,-1.8762083333333333,2.3266171875,3.1668098958333335,-0.9008307291666666,-5.341111979166667,-0.1173828125,0,0,0.003582681240301339,0.0006900375447127037,0.016129755828978153,0.005606053555766921,0.017089411631836485,0.004342752947552877,0.009376127813426933,0.009127606295257813,0.025335348629152498,0.007800167381412259,0,0,213250,2378,527455100,160654.12,154748.33,32
1982,816,0,2.0,100,440,-2.5959114583333336,-1.0656666666666668,-2.0600807291666667,3.6073567708333334,-3.8884609375,-1.036453125,-8.453671875,13.183419270833333,-2.567453125,6.407888020833333,0,0,0.008440038796303758,0.0036555371563993314,0.008251439035653304,0.0065168613029219155,0.018099891198437388,0.0062056814734899,0.024196526215169267,0.03628150864227604,0.006325380146167634,0.01328782845015449,0,0,128000,1606,923277040,147913.89,129124.68,32
1940,2403,2,1.0,140,1500,0.6095026041666667,-0.1072578125,-2.2126015625,-0.37338802083333333,-1.7825546875,-1.0339817708333332,-1.0506979166666668,-0.9824817708333333,-1.6384453125,-0.11173177083333333,0,0,0.0020229610465305925,0.0010398173262045909,0.007239415205898504,0.006776645578465421,0.012374569940584659,0.003068276288547621,0.01211538510447047,0.008795321651392265,0.006072575855600633,0.005037082347897363,0,0,175500,209,904100140,165721.44,223017.03,32
1967,1829,0,2.0,120,1160,-0.03722916666666667,-0.9209661458333334,2.5042161458333334,-0.4315260416666667,-2.0601015625,-0.06396354166666667,-1.786640625,2.1744296875,2.2419895833333334,-0.1396171875,0,0,0.0019044943093943524,0.001693887409950079,0.0036266568842071986,0.009208031898806007,0.017530566958302483,0.003174683026748618,0.008685120865157336,0.007243232831168294,0.004785737596046058,0.008192861684660591,0,0,126000,111,534129040,161282.9,170943.03,32
2003,2314,1,2.0,140,400,1.8347552083333332,-0.18779166666666666,-6.280565104166667,-0.3848854166666667,-1.8374296875,2.0443072916666667,3.4167395833333334,-0.7779609375,-5.41171875,-0.1189375,0,0,0.002858861975877461,0.002671819494959289,0.023691111750190924,0.007276090348744509,0.01972056795226228,0.00426784556821796,0.009426445824377731,0.00894560712187684,0.025335348629152498,0.007800167381412259,0,0,37900,2825,908178050,220155.36,274810.5,32
1946,666,0,0.0,60,1500,-4.328057291666667,0.421734375,-5.9033984375,-0.3617682291666667,1.3191041666666667,2.3834166666666663,-8.053421875,4.7796484375,-4.564421875,-0.1003125,0,0,0.011366490114484842,0.0016363716953483505,0.018993296389698527,0.0066922602327786325,0.011956900737150604,0.003481409649056256,0.04309317302569717,0.01860874817726249,0.019881426231006014,0.003780065435764107,0,0,173000,1903,534450110,67610.27,63196.29,32
1923,1848,1,2.0,120,500,0.7959348958333333,0.4756822916666667,-2.8201536458333334,-0.4759166666666667,1.7353072916666668,2.5772369791666665,-1.6976979166666668,7.768986979166667,-2.1705442708333336,-0.14801302083333334,0,0,0.0015988495720538958,0.0011368242419756503,0.009204783619171193,0.007749568922648997,0.011755392526919798,0.002525037739721069,0.006244206711551915,0.01756461513147749,0.003937551283914157,0.004928486727267857,0,0,85000,1352,903400180,176729.48,158816.22,32
2005,1368,1,2.0,140,380,1.5888984375,-1.2398854166666669,-7.960450520833333,5.061927083333333,1.7787473958333333,2.9063515625,6.492955729166667,3.1175651041666663,-7.569059895833333,6.088190104166667,0,0,0.0015654443930479243,0.009100134558815977,0.031840564051973885,0.004540552783706238,0.013980712872967429,0.0026956710246087527,0.01244129401868784,0.006035137612299315,0.011630211330511786,0.010106774669039722,0,0,161500,2407,528181040,214075.92,208637.58,33
1996,1288,2,2.0,160,580,1.8806510416666666,0.0356796875,-6.148880208333333,-0.3768125,-1.7989088541666667,1.1492864583333333,2.5241432291666666,-0.5462161458333333,-5.275080729166667,-0.11593229166666667,0,0,0.00350391865558438,0.0014236893914434073,0.023691111750190924,0.007215337803166696,0.012374569940584659,0.004649534067497858,0.009165413077125336,0.009313139389549478,0.021229688572722654,0.006510254129511585,0,0,80000,1179,533250050,289965.84,214411.2,33
1950,1612,0,1.0,100,560,-2.1572083333333336,-0.46460286458333333,-3.5734596354166666,-2.03137890625,-2.4493802083333334,-1.6310416666666667,-4.856149739583333,-2.0417174479166667,-3.2153411458333334,-0.8383268229166666,0,0,0.0035121572324817853,-1.1564823173178713e-18,0.012182511448267604,0.007826960804408745,0.011418347465858675,0.002133829669344841,0.02794093272277333,0.010698290945099095,0.019510471914739258,0.01037108616718082,0,0,259000,192,903204040,138232.44,129852.9,33
1953,1728,1,1.0,100,420,-1.8414856770833332,0.30914453125,-2.5215325520833334,-1.4333932291666667,-7.835903645833333,-1.1509088541666668,-4.299704427083333,-0.98478515625,-3.5994231770833336,-0.9384661458333333,0,0,0.0,0.0,0.0,0.0,0.05552412454094444,0.0,0.030437169666158788,0.01630759109610439,0.028237283076496405,0.018252089979381766,0,0,192000,1945,535354260,144509.25,153409.56,33
1954,1640,1,2.0,120,380,0.18510677083333335,-0.07863020833333333,-1.8582604166666667,-2.9089375,-3.5075130208333336,-0.3584296875,-2.0811822916666665,-0.160421875,-1.5492421875,-1.2533333333333332,0,0,0.003838020522401231,0.002684261042870263,0.009117117634392501,0.01582095962588715,0.025218210978678775,0.006706707939001639,0.011495723044248285,0.005616787126452268,0.0020237643668028307,0.005176510898098009,0,0,187500,1542,909428190,175890.62,166669.88,33
1946,704,0,1.0,80,480,0.29703125,2.3442916666666664,-4.933625,8.639151041666667,21.297875,5.485171875,6.316174479166667,5.490640625,-2.791671875,6.967502604166667,0,0,0.0,0.0,0.0,0.0021123438251593094,0.012653409970677067,0.0006330993333193343,0.01021738822100605,0.008663503427060985,0.0064860437055058165,0.007963382299915785,0,0,125500,762,904100190,104798.07,73787.195,33
1980,1700,0,1.0,140,880,2.4957734375,1.3793203125,-8.4211953125,5.35490625,1.8817005208333333,1.7656901041666668,4.547611979166667,4.9300182291666665,-7.531971354166667,6.058364583333333,0,0,0.0020127280630704803,0.0006950537546126293,0.012855317606159017,0.009959633326548194,0.011484607720792238,0.001591184139928857,0.010202563282079222,0.008417891566011465,0.011630211330511786,0.010106774669039722,0,0,128900,2731,905351045,146313.94,156030.77,33
1992,996,0,2.0,120,660,0.8799895833333333,-1.1194505208333332,-3.1081953125,-0.5245234375,7.0851640625,2.4336927083333335,7.587440104166667,2.5136145833333337,-2.36703125,-0.1614140625,0,0,0.0007456406228568037,0.002162563741753395,0.003682203488227068,0.004247878911921982,0.012290622744364708,0.0014882049141310752,0.016641442742077364,0.005897249012621137,0.004198024594202116,0.003216327499052958,0,0,290000,249,906225210,171544.5,154127.97,33
1992,970,0,0.0,100,660,-0.28440885416666667,0.03170052083333333,-1.9839635416666668,-0.3348046875,-3.74478125,-0.99815625,-1.3356979166666667,-0.3122317708333333,-1.6639947916666666,-0.11347135416666668,0,0,0.002313373294716914,0.002320278778113647,0.008160915281986312,0.008580659899146238,0.016178140522239474,0.004564496898669227,0.013687519182041984,0.00815709252122568,0.006072575855600633,0.005037082347897363,0,0,137000,2928,923400125,130955.62,117946.13,33
1940,1750,0,1.0,120,800,-0.99688671875,-0.08371744791666667,-4.755709635416667,-0.29144140625,-1.39132421875,-2.1706549479166664,-4.086153645833334,-0.67636328125,-3.933234375,-0.08644140625,0,0,0.0018061868109446534,0.0005089270812368684,0.014065667194941208,0.007477659093400631,0.013358126623837714,0.004472981370670639,0.020946689444604986,0.009041427866454541,0.018125330428222883,0.00670507595897429,0,0,143000,1608,923400040,131046.57,137322.27,33
1965,1664,0,0.0,100,1200,1.7460416666666667,-0.141296875,-8.026979166666667,-0.49190625,6.6445755208333335,2.5212291666666666,5.1907578125,-0.9853723958333334,-5.730236979166667,-0.12593489583333334,0,0,0.0015248435272630792,0.007077882434634649,0.031840564051973885,0.007738764285375943,0.012690549742432075,0.00357360174163435,0.015168441952094472,0.009455483498589703,0.021328226665085753,0.007143635959935838,0,0,254900,276,908102130,112824.93,135170.47,33
1941,1376,1,1.0,100,1500,-3.3082630208333335,-0.06933723958333333,-4.512419270833333,-2.565140625,-1.3201458333333334,1.1965247395833332,-6.126373697916667,-0.031799479166666665,-3.4722317708333335,-0.90530078125,0,0,0.011044845609257356,0.0022982544936081244,0.017168322844527444,0.012496983629298181,0.015648225336232988,0.0034284372743044233,0.04393336625860243,0.01109386946541028,0.014197040665084553,0.012002954758615224,0,0,174000,1909,534479120,118599.32,133382.31,33
1967,912,1,1.0,100,1160,1.5929973958333332,0.394078125,-2.8982135416666663,-0.4890885416666667,1.7833359375,2.9138489583333333,5.455848958333333,-1.127640625,-2.0497421875,-0.13977864583333335,0,0,0.0015248435272630792,0.0030556264104296404,0.009309154398779083,0.007749568922648997,0.013980712872967429,0.0015048138220364953,0.01607725078795306,0.008813228383083134,0.008264822958477483,0.008192861684660591,0,0,184500,221,905104210,141910.14,135465.47,34
1920,1510,0,1.0,120,1500,-0.5987200520833333,-0.4610677083333333,-3.1515338541666664,-3.2730572916666665,-5.17284375,-0.6751015625,-0.9888216145833334,-7.641018229166667,-2.1966002604166666,-2.5691145833333335,0,0,0.0011362887378199803,0.0,0.035552633824150144,0.02445851162840421,0.05552412454094444,0.009658454271469854,1.1564823173178713e-18,0.05266238723276176,0.0,0.0,0,0,265979,2852,909250200,109344.18,116769.41,34
1941,1111,0,1.0,100,1500,0.7446354166666667,-0.7878151041666667,2.4446875,-3.9154375,-2.0150755208333333,1.57853125,-0.39161979166666666,2.4474661458333333,2.2809895833333336,-1.6657682291666667,0,0,0.0018016755328015123,0.002721417943973139,0.003629302984777287,0.011055233403864096,0.014600413011879436,0.0028521763923817704,0.010015842057999902,0.0074838239764923,0.004785737596046058,0.008270435943702322,0,0,377500,1418,905480240,103776.164,104351.67,34
1994,2526,1,3.0,160,620,1.5665104166666668,-0.4979010416666667,-8.083359375,5.140083333333333,1.8062161458333332,2.8314244791666665,7.510872395833333,3.2685755208333336,-7.777393229166667,6.255765625,0,0,0.002218044536605276,0.0006255483791513654,0.012855317606159017,0.007398840130432793,0.009882932929063677,0.003706904657322256,0.01244129401868784,0.005168604345728707,0.011630211330511786,0.006005728251182066,0,0,122000,2453,528365090,311765.72,326656.3,34
2006,2140,0,3.0,160,360,0.5374375,0.8428333333333333,-5.145770833333333,-0.31534375,-3.5270963541666664,-1.1370442708333333,-1.3271614583333333,4.047580729166667,-5.446109375,-0.11969010416666667,0,0,0.0025778330262621768,0.0016388605059215692,0.02382817373062853,0.008723448537270681,0.026229880353347428,0.007735625389655961,0.01487190404992388,0.008912684107652006,0.025335348629152498,0.007800167381412259,0,0,370878,2100,906378150,254463.77,289615.16,34
1974,1037,0,2.0,100,1020,-3.110765625,0.2579270833333333,-5.223643229166667,-0.3201145833333333,-1.5282213541666667,1.4195755208333332,-7.48761328125,0.6861484375,-3.61792578125,-0.07951171875,0,0,0.013068008957257043,0.0009735591273573701,0.025471982960361867,0.00922451097445987,0.017225651749470185,0.00351102323761929,0.062252371867144225,0.014244760442264174,0.028237283076496405,0.013325185012681508,0,0,350000,1830,532479050,128908.375,132393.81,34
2002,1720,1,2.0,140,440,0.8192057291666667,0.22786197916666664,-7.9679921875,-0.4882916666666667,6.5957473958333335,2.7910104166666665,6.121559895833333,-0.9183515625,-5.925598958333333,-0.13022916666666665,0,0,0.00341473868602179,0.004066752472520304,0.031840564051973885,0.007749568922648997,0.01238267700156206,0.0015951918744197837,0.01905399615753282,0.010246085223712948,0.016199296221845183,0.007180816356578521,0,0,318000,1090,528240050,210149.86,223217.05,34
2001,1665,0,2.0,160,480,-0.3879322916666667,-0.646765625,-2.0534036458333333,-0.34652083333333333,-1.654296875,-1.4068098958333333,-1.7719921875,1.0434296875,-1.7265182291666668,-0.11773697916666667,0,0,0.0027658655636238366,0.0018939246251164733,0.008251439035653304,0.007468688581181541,0.018074287100415812,0.005100226285689442,0.01487190404992388,0.008066974361127903,0.004427351880869433,0.007800167381412259,0,0,108000,593,534177230,212359.94,202601.84,34
2001,1491,0,2.0,160,480,-0.6603723958333334,-0.34181380208333334,-3.4760455729166666,-1.9760026041666667,-5.705490885416667,-0.7446171875,-1.5849934895833333,-3.9850065104166665,-3.5209453125,-0.91800390625,0,0,0.022725774756399645,0.0193169085429397,0.04163836342994803,0.0270556175723681,0.07425890705869094,0.018327016974074784,0.021720753082064743,0.03336977047352086,0.027089320723672757,0.013775619565005698,0,0,124900,2888,914474020,223421.28,193007.36,34
1925,572,0,1.0,80,1500,1.0564010416666667,-1.1752604166666667,-3.731296875,6.53378125,8.505528645833333,3.5991380208333337,9.103169270833334,3.3755442708333336,-2.8398645833333336,7.0877734375,0,0,0.00014889449179544129,6.095171151146439e-06,0.010557700729074618,0.005827565732882059,0.011817849369803795,0.000681016457580225,0.011352898221155757,0.009701380852840657,0.005213941332280896,0.006691279926690864,0,0,128000,944,911104060,85498.625,69383.32,34
1959,1183,0,1.0,100,1320,-1.1275208333333333,0.5917864583333333,-4.566330729166667,-2.5957890625,-1.335921875,-1.2162578125,-1.5413385416666667,-1.1806770833333333,-4.1233671875,-1.0750729166666668,0,0,0.0013920823459710717,0.0017233335347458867,0.017958827805171156,0.00787793806676534,0.012945752121573515,0.0017958306766971657,0.009032006637023205,0.008334601812465961,0.007200161818250683,0.008402598325699423,0,0,115000,684,535453100,126772.18,131525.6,34
1989,1191,1,2.0,160,720,1.5565,2.7765572916666663,-5.4976875,9.626859375,28.693760416666667,4.304645833333333,9.892705729166666,7.321033854166667,-3.0861979166666664,7.7025078125,0,0,0.0,0.0,0.0,0.0005755448484721223,0.01579343956499503,0.0,0.01689785126108994,0.012357363980665184,0.013820501166413797,0.009883868956273974,0,0,125000,300,909455040,256024.08,182814.12,34
1977,1392,0,1.0,120,960,2.3296848958333336,-0.6600833333333334,-2.7660442708333335,-0.4667864583333333,1.7020078125,1.4236953125,3.1640416666666664,2.9250442708333333,-2.1310494791666663,-0.14532291666666666,0,0,0.0007467110850053662,0.0018157936072863766,0.011562031774396188,0.00742216199677854,0.011397837030818769,0.002398756724969783,0.009583740039464175,0.006713261960551526,0.0036745444442460875,0.004928486727267857,0,0,215200,261,907200290,132281.61,134096.81,35
2004,1158,0,0.0,120,420,2.2678125,-1.0359270833333332,-2.8190416666666667,-0.4757291666666667,1.7346223958333333,2.5268255208333334,4.173580729166667,1.8622760416666668,-2.1304322916666667,-0.14527864583333333,0,0,0.0022985924815317376,0.005764197670422876,0.009204783619171193,0.007749568922648997,0.011755392526919798,0.002525037739721069,0.010676574913743353,0.004600749653975337,0.0036745444442460875,0.004928486727267857,0,0,172500,536,531363050,136134.38,136638.66,35
1991,1294,0,2.0,120,680,1.34971875,0.0404140625,-6.964708333333333,-0.42680989583333334,1.5562526041666667,2.4395807291666665,5.68571875,-0.6096276041666666,-5.887494791666667,-0.129390625,0,0,0.0032030451142126327,0.0012490143922804376,0.013721372929939118,0.009143663823684235,0.011586082768633547,0.0032962884184347297,0.014728917551084807,0.010587858368018309,0.022992675034768612,0.007413738021934738,0,0,155891,1146,531450090,166634.27,162129.7,35
1946,1389,2,1.0,140,660,-0.43503125,-0.7417213541666666,-2.0716666666666663,-0.34960416666666666,-1.6690130208333334,-1.0422838541666668,-1.2446901041666667,-2.9640963541666667,-1.4954869791666667,-0.10197916666666668,0,0,0.002112020664743389,0.0015064899078420788,0.005347050375139296,0.005482532513786399,0.015064534713977167,0.004782871274554018,0.011440146836162988,0.015106792217083753,0.0033598892818161516,0.003780065435764107,0,0,119000,703,902110080,191324.83,147827.88,35
1949,1716,1,1.0,100,340,3.392640625,2.630546875,5.711515625,10.2125,25.176625,4.364541666666667,8.295911458333334,7.7500625,3.640203125,8.297546875,0,0,0.0,0.0,0.0,0.0005755448484721223,0.006793205046383985,0.0,0.01304430107455458,0.008334383675008572,0.0012176469238681913,0.00944102096520557,0,0,123900,797,905478030,145909.84,145044.67,35
2006,1737,0,2.0,140,380,0.12872591145833334,-0.225306640625,-2.0523541666666665,-1.1666861979166667,-12.755204427083333,-0.7025084635416666,-3.87676171875,0.71529296875,-4.080303385416666,-1.0638450520833334,0,0,0.0,0.0,0.0,0.0,0.08154919271580566,0.0,0.024816931891725652,0.00938997074018116,0.019979706118928565,0.011722698181420185,0,0,93000,2809,907410040,183427.11,214075.31,35
1924,1296,1,1.0,100,520,2.1672161458333337,0.4493515625,-2.5748776041666663,-0.4345234375,-2.0744140625,1.5750546875,4.101927083333333,1.686609375,-2.1164713541666664,-0.144328125,0,0,0.003250985453745004,0.0012490143922804376,0.011723333573555938,0.009208031898806007,0.017530566958302483,0.0035088938488677,0.010919074988435466,0.004562898098715977,0.0036745444442460875,0.002702550206080529,0,0,181000,286,909100080,141359.05,129953.37,35
1958,864,0,2.0,100,1340,0.1283046875,-0.5085546875,-5.868442708333333,-0.3596302083333333,-1.7168619791666668,2.0555859375,4.5165859375,2.6283671875,-6.19421875,-0.1361328125,0,0,0.002257052889392132,0.002064912180503709,0.019006946937952695,0.0066922602327786325,0.014153936913536076,0.0034165558377055342,0.015202600155415006,0.009395318703501552,0.014074989194775843,0.008192861684660591,0,0,149500,2543,534276010,132907.05,121103.75,35
2004,2452,1,3.0,160,400,1.0442526041666667,-0.4653307291666667,-2.4437760416666667,-0.4123984375,-1.968796875,1.8310572916666668,3.9894479166666663,4.135721354166667,-2.2464348958333336,-0.15319270833333334,0,0,0.002413870005694996,0.0022598809288749888,0.0036890995129245613,0.0037065973090448763,0.013011244526824329,0.0021033799646648643,0.010559329863209253,0.007919428230378648,0.005001328693693782,0.003375972223121164,0,0,143000,2388,528118020,289962.0,335823.62,35
2005,2504,1,3.0,180,360,4.846760416666667,0.10290625,-5.477223958333333,9.591036458333335,28.58699479166667,3.350421875,8.257005208333334,26.58421875,-4.067755208333334,10.152385416666666,0,0,0.0,0.0,0.0,0.0005755448484721223,0.01579343956499503,0.0,-2.0631890145502856e-05,0.02507683570073586,0.0,0.0012176469238681913,0,0,147000,1012,527212050,370281.1,364284.62,35
1997,1511,1,2.0,120,560,1.0256588541666667,-0.7256145833333334,-6.609755208333333,-0.4050546875,1.4769375,1.7984505208333332,3.2540130208333333,1.0046901041666667,-5.685497395833333,-0.124953125,0,0,0.0016543341424787058,0.0025761247633413146,0.016129755828978153,0.006215299796217099,0.012938516832535657,0.003665715342322103,0.013165882632730108,0.009473913114727981,0.021328226665085753,0.006655800020001394,0,0,150000,2316,527107240,203784.1,204439.11,35
2000,1690,1,2.0,120,500,0.3222096354166667,-0.5030703125,-3.8693294270833336,-0.23711848958333334,-6.351014322916667,-1.76608203125,-3.6202721354166667,-1.8537369791666667,-3.7547122395833337,-0.08251822916666667,0,0,0.001757204272012855,0.003022008424831591,0.011707559819266435,0.005845644086286783,0.039931330967592084,0.006595130607246945,0.014184916320718739,0.010478242004771912,0.017672376512382324,0.005625982835529734,0,0,256300,1754,528275035,180122.55,215688.08,35
1965,960,0,1.0,80,480,1.7775104166666666,0.5178645833333334,-8.171630208333333,-0.5007708333333333,6.7643203125,2.5666614583333334,5.644466145833333,1.6003072916666667,-6.231098958333333,-0.13694270833333333,0,0,0.0021444545855090775,0.0007645591300738918,0.012855317606159017,0.0037243766176478944,0.02095772166670574,0.0033723923774746103,0.015447971234773133,0.007234926305860285,0.014074989194775843,0.008192861684660591,0,0,109500,2724,905200490,113850.78,121959.57,36
1942,1150,2,1.0,100,1500,2.3057838541666666,-0.11151822916666668,-6.334979166666667,-3.6011953125,1.4155416666666667,1.5382526041666666,3.9811145833333335,-0.7547135416666666,-5.313377604166667,-1.3853385416666668,0,0,0.004700919588602794,0.0007487705370079028,0.015793758055417877,0.011662961894942371,0.014171290750142855,0.003778113814797526,0.011872308909941853,0.009472949414606847,0.022598241924865932,0.00908833248808517,0,0,66500,2734,905403050,143394.64,144498.62,36
1967,1620,1,2.0,140,1160,0.5944114583333334,-0.5042747395833334,-3.8785859375,-2.2048307291666664,-6.366205729166667,-0.08211067708333333,0.012619791666666666,-1.6224088541666668,-4.355559895833333,-1.1356067708333333,0,0,0.0010868616215232193,0.003022008424831591,0.011707559819266435,0.00774517324194343,0.039931330967592084,0.002133829669344841,0.009034912024700501,0.009141716610471685,0.005659102635559603,0.007793622723937061,0,0,128000,1190,534129060,190551.66,175445.33,36
1973,987,0,1.0,120,1040,3.6081302083333333,0.5753802083333334,-4.0279375,7.05321875,9.181729166666667,3.3700572916666665,7.1005416666666665,17.923166666666667,-3.5244583333333335,8.796401041666666,0,0,2.133309902901485e-05,0.001757077133532791,0.010557700729074618,0.001857345112911659,0.007401611602266864,0.000736354294744426,0.004084464857877573,0.025151212570697083,-0.0005641007329919771,0.006351403875741283,0,0,138500,1040,527450110,120375.11,107923.93,36
1950,1164,0,1.0,100,1500,-0.015854166666666666,-0.47390885416666667,-5.468653645833333,-0.3351302083333333,-3.7484114583333334,2.2078958333333336,-1.232421875,2.174171875,-5.084330729166667,-0.11173958333333332,0,0,0.0023883342149899297,0.001312860822259754,0.017131489323968185,0.008580659899146238,0.016178140522239474,0.006064488593017021,0.012725376604232421,0.006315513381137297,0.026754954619460165,0.005037082347897363,0,0,189000,1416,905479110,119125.97,115684.04,36
1935,1873,2,2.0,160,1500,-0.21703125,0.6385703125,-5.208348958333333,-0.3191744791666667,-3.5699921875,0.150421875,-1.0955885416666666,-1.142234375,-4.438065104166667,-0.09753645833333333,0,0,0.003016577261842337,0.0020446755074611787,0.019011691504324982,0.00922451097445987,0.023801426625596176,0.005608513999119644,0.011545132459187177,0.009141716610471685,0.025401436692497465,0.0064407292963410525,0,0,200000,1537,909281110,249085.25,189592.94,36
2009,1358,1,2.0,140,300,-2.8248177083333337,0.3194661458333333,-1.8451927083333333,-2.888484375,-3.4828515625,1.8551497395833332,-3.2664557291666667,-8.04740234375,-0.8653216145833333,-0.70005078125,0,0,0.012370036507465732,0.001762573852779798,0.009926269228822393,0.01478318696233218,0.023083707782886227,0.003657786879139943,0.026039100559377342,0.08692945613705583,0.0,0.0064401632948008,0,0,189000,46,528175010,225356.84,228117.9,36
2006,1567,1,3.0,160,380,2.8517682291666664,1.5989166666666668,-3.5449322916666666,6.207447916666667,2.1812786458333333,3.1774739583333336,5.4934140625,6.536807291666667,-2.804125,6.998583333333333,0,0,0.00010822086888013308,-5.782411586589357e-19,0.018531961997178787,0.0020864237035232353,0.007485101793255744,0.00017783253054415478,0.009995776587661563,0.00735748868859379,0.0064860437055058165,0.007963382299915785,0,0,127500,2429,528228575,280932.53,272944.56,36
1957,1721,3,2.0,120,1120,-0.6736315104166666,0.2854713541666667,-2.5262200520833336,-2.6236315104166663,-7.85049609375,-1.1530455729166667,-3.7925911458333337,-1.3441744791666668,-2.9371653645833335,-3.43526953125,0,0,0.0,0.0,0.0,0.011362887378199824,0.05552412454094444,0.0,0.04781012534827676,0.02309404859186595,0.03967009374899449,0.0500237290727795,0,0,180000,1925,535177110,193509.22,195830.95,36
1967,1724,1,2.0,120,980,0.3006484375,-0.8672005208333333,-6.498619791666667,-0.3982473958333333,1.4521067708333333,2.1152786458333335,2.7429453125,1.832875,-5.735591145833333,-0.12605208333333334,0,0,0.0016980915190485733,0.001677957924699083,0.016129755828978153,0.005606053555766921,0.012428029996606374,0.00355257862903637,0.013455325592955446,0.010975539935679356,0.021328226665085753,0.007143635959935838,0,0,167500,587,534129080,163953.25,180293.72,36
1957,922,0,1.0,100,1360,-1.4950234375,-0.3487721354166667,1.3676497395833334,-4.001852864583333,-6.32466015625,-1.7587526041666668,-3.8313046875,-4.133334635416667,1.2170677083333332,-3.9871510416666665,0,0,0.004838904256681133,0.002549819608451655,0.0035919443798849834,0.02028465242983092,0.040346107128285034,0.006371162787279129,0.02794093272277333,0.028435644499101985,0.0022942629478761188,0.022609975455859126,0,0,160200,1926,535179120,121472.05,113013.06,36
1984,1822,1,2.0,120,820,0.6270807291666667,-0.5302265625,-2.2218776041666666,-0.374953125,-4.193854166666667,1.6224010416666668,-1.4441822916666667,2.5769609375,-1.8464192708333333,-0.12591145833333334,0,0,0.0019436655397904502,0.002192525304900498,0.006446460138497081,0.006776645578465421,0.02026676104498351,0.003806349413330564,0.0142084396513761,0.011387026270515653,0.011791633161564384,0.007143635959935838,0,0,229456,2090,906200230,186689.89,218411.47,36
2005,1904,1,2.0,160,400,1.4315104166666668,0.8301770833333334,-7.1719140625,-0.4395078125,1.6025572916666668,2.6184557291666666,5.743028645833333,4.335559895833333,-6.694846354166667,-0.1471328125,0,0,0.002017058424197034,0.0012490143922804376,0.01656407175746542,0.009208031898806007,0.014723541932441332,0.002928810687122946,0.013089618257342709,0.007810994535223182,0.011579658854533253,0.004928486727267857,0,0,172500,2402,528172020,259410.36,238986.86,37
1965,1136,1,1.0,120,1200,0.7314583333333333,0.9076354166666666,-2.5432239583333334,-0.42918229166666666,-2.0489192708333337,2.12784375,-1.2118333333333333,-1.3695416666666667,-1.6026432291666668,-0.10929166666666668,0,0,0.0020106216166848575,0.0027631837009306267,0.011723333573555938,0.009208031898806007,0.017530566958302483,0.003175217465802552,0.011495723044248285,0.00970328512519254,0.0098412399236563,0.0047867530651154455,0,0,169000,1211,534401190,157820.94,143898.9,37
1900,1290,0,1.0,120,500,0.014075520833333334,-0.9724010416666666,-2.7159739583333335,-0.4583333333333333,6.191098958333333,-1.6836328125,-0.27832552083333334,-2.2592890625,-1.6079036458333333,-0.1096484375,0,0,0.0012153790793651396,0.0014864956262198924,0.009276162770996986,0.006401067100514682,0.014789665098583827,0.006382737103371558,0.009534395635874894,0.012864081774639713,0.0098412399236563,0.0047867530651154455,0,0,169000,1334,903225160,125555.28,100291.45,37
1959,1357,1,1.0,120,380,-0.2593919270833333,-0.5735091145833334,-4.411092447916667,-2.5075403645833334,-3.02351953125,0.07110286458333333,-1.0872903645833332,-1.9991236979166667,-4.049196614583334,-1.0557330729166667,0,0,0.0031292621445381053,0.002353143209783186,0.017168322844527444,0.01158221734127664,0.018217757752921716,0.004016606445118333,0.012674992482757063,0.01327369901440601,0.019979706118928565,0.011722698181420185,0,0,189500,1404,905402090,164931.52,154693.73,37
2001,1786,1,2.0,140,460,-0.07426041666666668,0.4714895833333333,-2.1099427083333335,-0.3560651041666667,-3.9825859375,-0.07943229166666667,-1.0996822916666666,0.4815755208333333,-1.730453125,-0.11800520833333333,0,0,0.002257052889392132,0.0018130630680962083,0.005347050375139296,0.0050326630534866445,0.02442663112404763,0.004453959257747567,0.014527136003298462,0.009012518709571548,0.004427351880869433,0.007800167381412259,0,0,278000,1444,907196050,212375.33,230045.0,37
2006,1776,1,3.0,160,360,1.5058125,-0.8530026041666666,-2.8216536458333334,-0.4761692708333333,1.7362239583333332,3.13709375,6.946388020833333,2.2985677083333336,-2.3181458333333333,-0.158078125,0,0,0.0020164930616977314,0.005087054855424567,0.009204783619171193,0.007749568922648997,0.011755392526919798,0.0029507731074327817,0.012963940695745864,0.005279280106274413,0.005001328693693782,0.003340117487943749,0,0,235000,2275,921126010,277675.47,268814.22,37
2002,1795,1,2.0,160,460,0.3876953125,-0.4805442708333333,-1.8387057291666666,-2.8783307291666667,-1.481328125,-2.3110677083333333,-3.03290625,-4.825541666666667,-1.1498151041666667,-0.9302083333333334,0,0,0.002591022853138114,0.002684261042870263,0.009926269228822393,0.01478318696233218,0.01786359126329907,0.010009368792598845,0.029413095642139054,0.037027071771879534,0.015566082437231859,0.011916664841939604,0,0,185000,1454,907250020,245777.72,226041.97,37
1970,630,0,1.0,80,460,1.6698671875,0.23489322916666666,-2.8705963541666666,-0.4844296875,1.76634375,2.6233333333333335,5.455333333333333,1.4767552083333333,-2.1862395833333337,-0.14908333333333335,0,0,0.002235869398214426,0.0027530677083085313,0.009309154398779083,0.007749568922648997,0.013980712872967429,0.0026956710246087527,0.010881840829337106,0.0041119000289024455,0.003937551283914157,0.004928486727267857,0,0,127000,976,923226270,107070.27,79441.93,37
2008,1836,1,2.0,160,320,2.4792708333333335,0.9161380208333334,-2.71346875,-0.4579114583333333,-2.1860729166666664,2.710875,3.4894296875,-1.6101666666666667,-1.8966901041666668,-0.12934375,0,0,0.0012942929021248692,0.00024034087727692216,0.009276162770996986,0.006401067100514682,0.01456593116114382,0.001960577524475123,0.013414465335426987,0.011384060483281696,0.011791633161564384,0.007413738021934738,0,0,142125,528,528480170,254885.39,264719.84,37
1915,1214,0,3.0,60,1500,-3.77453125,0.4701197916666667,2.6330078125,-4.217046875,1.6576171875,3.3504505208333333,-5.092927083333333,0.962796875,1.8637604166666668,-1.361109375,0,0,0.010536782582267604,0.00024034087727692216,0.0030109142385605025,0.010540936878132331,0.01233073585328961,0.0025413530468944945,0.027047301527771645,0.007281848460878418,0.0026773199922067357,0.008290677729620971,0,0,129900,2604,535381060,100861.97,136014.86,37
1976,2499,1,2.0,160,980,2.1711822916666663,2.0547447916666663,-4.068463541666667,7.124177083333333,9.2741015625,3.924359375,9.099497395833334,7.203567708333333,-3.0366770833333336,7.578924479166667,0,0,0.000713497402927624,0.0,0.010557700729074618,0.001857345112911659,0.007222821387542948,0.0007409256731077864,0.01689785126108994,0.01581022729683604,0.013820501166413797,0.009971740350779374,0,0,148000,578,533254110,211341.08,233949.31,37
1991,1689,1,2.0,80,680,0.6476822916666666,-0.6850963541666666,2.2980755208333337,-0.39677864583333333,-4.4379921875,-1.0987604166666667,-1.0489088541666667,-4.875752604166667,1.8119817708333332,-0.11153125,0,0,0.0012530311908530555,0.0014534162150385249,0.005170195659481801,0.005606053555766921,0.025618967693033692,0.004010300668972008,0.010496018269819898,0.02223312810039925,0.0030981890866116266,0.005037082347897363,0,0,263435,1570,914476450,142260.02,207666.08,37
2005,1684,1,2.0,180,400,1.5702890625,-0.8895260416666666,-8.102869791666667,5.152489583333333,1.8105755208333332,3.271421875,7.354690104166667,2.4336796875,-7.6156640625,6.125682291666667,0,0,0.0021444545855090775,0.00024326881411442015,0.012855317606159017,0.007398840130432793,0.009882932929063677,0.004009456142866041,0.013352552099652746,0.005168604345728707,0.011630211330511786,0.010106774669039722,0,0,128200,1074,528186080,303538.38,230613.7,38
1971,2365,2,2.0,140,320,1.5522109375,0.2380078125,-2.9085963541666664,-0.4908411458333333,1.7897265625,3.2337578125,6.816578125,1.6046640625,-2.2748255208333337,-0.155125,0,0,0.0014239111068117076,0.005087054855424567,0.009309154398779083,0.007749568922648997,0.013980712872967429,0.00271755866192663,0.013576535232413126,0.005279280106274413,0.005001328693693782,0.003375972223121164,0,0,85000,938,909475040,225175.95,249609.58,38
1968,864,0,1.0,100,1140,-0.39040104166666667,-0.5417135416666666,-5.1196015625,-2.9103020833333333,1.1439661458333332,-0.9353541666666666,-1.0083489583333334,-3.4975234375,-3.7591953125,-0.9801197916666666,0,0,0.005341551331312886,0.0033610837752010296,0.02382817373062853,0.01582095962588715,0.012636241182793178,0.007452475885872895,0.011648879911091588,0.016876757711917625,0.017672376512382324,0.006939352014967732,0,0,185088,225,905106170,121080.31,116570.016,38
1992,1737,0,2.0,140,660,1.0348203125,0.6546848958333333,-5.33978125,-5.545682291666667,-1.5621979166666669,2.1558645833333334,4.398518229166667,-1.8715572916666667,-4.554596354166667,-5.327015625,0,0,0.001987077110206847,0.0007965483769287568,0.029893767344909887,0.02569389796646304,0.018284935378274896,0.0035360620846155272,0.022262216647357475,0.00925078435454512,0.019881426231006014,0.020516562183289726,0,0,84900,1145,531450030,185395.94,192524.42,38
1978,1548,1,2.0,120,940,-0.22033854166666667,-0.41133854166666667,-3.7469544270833337,-2.1300026041666666,-6.150154947916667,0.0603984375,-1.2279427083333332,0.7049583333333334,-4.573005208333333,-1.1922994791666668,0,0,0.001757204272012855,0.0002833132898279617,0.01114557104653521,0.01023243903304085,0.03217678514739084,0.0034865736213525365,0.01095089085815531,0.006572927381688643,0.019881426231006014,0.008871721293957732,0,0,177000,415,527455050,164820.2,177639.94,38
1953,1505,1,2.0,120,1440,1.5344739583333333,0.2817473958333333,-2.8753619791666667,-0.4852291666666667,1.76928125,2.7735208333333334,8.897776041666667,12.730072916666666,-2.9693333333333336,-0.20248958333333333,0,0,0.0017206521694084296,0.0027530677083085313,0.009309154398779083,0.007749568922648997,0.013980712872967429,0.00271755866192663,0.017426796264748728,0.025796420397637652,0.013820501166413797,0.009434451195128292,0,0,129000,617,534475185,158334.11,153238.19,38
1966,1988,1,2.0,120,520,-0.3901328125,-1.2078880208333334,2.6652057291666664,-0.4592630208333333,1.6745963541666666,-1.2352239583333333,-2.26809375,14.508494791666665,3.09375,-0.192703125,0,0,0.0018570481031108155,0.0014864956262198924,0.0030109142385605025,0.006401067100514682,0.011397837030818769,0.006223469714847998,0.022938767180493664,0.02521103303637517,0.00238354118711166,0.015072775915631546,0,0,125500,1234,535126140,198771.11,208559.8,38
1967,902,0,1.0,100,1160,-2.1485625,-0.5543541666666666,-1.2924635416666668,-2.023234375,-5.84187109375,-0.8011953125,-6.752307291666667,2.1363489583333335,-1.4408541666666668,-1.1656666666666669,0,0,0.0035121572324817853,-1.1564823173178713e-18,0.004629105088222108,0.006882583171648873,0.025949461552018827,0.0034865736213525365,0.036439124680291854,0.007377713168647195,0.009320123567843421,0.004639154888836955,0,0,324000,1827,532378240,125646.07,119397.69,38
1926,1281,0,2.0,100,1500,-2.8874270833333333,0.345046875,-3.9537278645833336,-2.2475520833333333,-1.1566966145833333,-1.8046028645833332,-3.862578125,-2.8739205729166666,-3.2334856770833333,-0.8430559895833334,0,0,0.00576189264733538,0.00263629572604856,0.007455286562460098,0.005756301818611769,0.011589143715960855,0.0029958543221681733,0.022469337366572296,0.019546683129284072,0.019510471914739258,0.01037108616718082,0,0,315000,2017,903233030,114332.14,123567.234,38
1996,1756,0,2.0,120,560,1.4045234375,1.329203125,-7.24753125,-0.444140625,1.6194505208333332,2.5386510416666663,6.761684895833333,5.1421640625,-7.0016223958333335,-0.15387760416666665,0,0,0.0012942929021248692,0.0007830348987171172,0.014111638751136803,0.008153296341508012,0.014221250587017417,0.0025413530468944945,0.013838254206286284,0.009325707076373695,0.0207067554786251,0.003375972223121164,0,0,275000,2267,916455010,176050.39,194378.53,38
2006,2473,1,3.0,180,380,1.4274088541666667,0.7365911458333334,-7.151377604166667,-0.43825,1.5979635416666667,2.6109635416666666,5.672947916666667,3.9137838541666663,-6.6131380208333335,-0.14533854166666665,0,0,0.0020106216166848575,0.0012490143922804376,0.01656407175746542,0.009208031898806007,0.014723541932441332,0.002868314708196156,0.013955656393713685,0.007810994535223182,0.011579658854533253,0.004928486727267857,0,0,185750,2332,527210050,363398.75,370335.8,38
1956,1229,0,1.0,80,1380,2.9829375,-1.43121875,5.463208333333333,9.787708333333335,24.129390625,5.391578125,12.131411458333334,17.553296875,4.484807291666667,10.104208333333334,0,0,0.0,0.0,0.0,0.0005755448484721223,0.009212699240677219,0.0,0.0018918250048899083,0.006942260502388325,-0.0005641007329919771,0.0012176469238681913,0,0,134000,784,905377010,108955.5,128495.72,38
1955,1216,0,1.0,100,1400,-0.8722747395833333,-0.54514453125,-1.7307643229166667,-2.7093580729166664,-1.39437109375,-2.1754075520833336,-4.512932291666667,0.8911380208333334,-1.47453125,-1.19290625,0,0,0.0017979956565416075,0.0003080228556702977,0.006765643930263411,0.01062462906547638,0.014023704434619486,0.004655811043676926,0.023287718267339146,0.007826461438940543,0.005547542724394468,0.008871721293957732,0,0,188500,1930,535300040,122090.72,120687.766,39
2004,848,1,2.0,120,420,-1.0453567708333333,0.08192057291666667,-3.31019921875,-1.88172265625,-5.4332734375,-1.5108802083333333,-4.412729166666667,-1.0186236979166667,-3.56784375,-0.9302330729166667,0,0,0.020453197280759682,0.0,0.03384704559805636,0.025027041037102134,0.06733794604179424,0.018327016974074784,0.03070682102875996,0.016514042193200313,0.028237283076496405,0.011916664841939604,0,0,185000,1484,907425030,174639.05,157737.72,39
1968,2110,2,2.0,140,1140,-1.8680078125,-0.3323046875,-3.67132421875,-2.0870104166666663,-2.5164544270833336,-1.6757083333333334,-3.1011848958333337,-3.85422265625,-3.17882421875,-0.8288020833333334,0,0,0.0036065949957577725,-1.1564823173178713e-18,0.012182511448267604,0.01023243903304085,0.014975264997099839,0.0034310416535513607,0.06168483930543171,0.06973795320767859,0.05915886300445702,0.027173433321420477,0,0,215000,4,526353030,226712.1,231947.47,39
1994,1592,1,2.0,160,600,-0.2123984375,-0.135109375,-1.6408880208333332,-0.27690885416666666,-7.4167421875,-1.1630143229166667,-2.90009375,-0.4271614583333333,-1.5570286458333333,-0.1061796875,0,0,0.0038674285590832858,0.002572192961215971,0.005643830213700349,0.004984181229096349,0.04530394672506671,0.004432655139899378,0.015035223096399972,0.006233063461786131,0.0020237643668028307,0.004932920908735293,0,0,143500,2152,907275080,248565.56,201195.3,39
1929,1158,1,1.0,120,1500,0.9459427083333334,2.2701145833333336,-4.777515625,8.365791666666667,20.62397395833333,2.8967291666666664,2.7136901041666666,5.73771875,-2.6073723958333335,6.507450520833333,0,0,5.755448484721232e-05,0.0,0.0,0.003649142801846496,0.01598486324679986,0.0,0.009885305785958086,0.011857953426594195,0.0064860437055058165,0.012045765733737666,0,0,166500,1337,903227080,125109.445,130577.125,39
1998,1924,1,2.0,160,540,0.17361979166666666,1.3006875,-2.8837265625,-0.4866432291666667,1.7744296875,3.2061145833333335,5.440848958333333,5.5456640625,-2.4048098958333335,-0.16398958333333336,0,0,0.006123490239434911,0.0011368242419756503,0.009309154398779083,0.007749568922648997,0.013980712872967429,0.0025053110298578025,0.012149993638351436,0.009569215196634394,0.004198024594202116,0.004504395568828022,0,0,177500,2448,528344060,260959.69,222774.9,39
1936,879,0,1.0,100,1500,0.28203776041666667,-0.37064453125,-3.50235546875,-1.9909609375,-5.748680989583333,-1.59858203125,-2.8918216145833333,-3.11895703125,-3.4034544270833336,-0.8873671875,0,0,0.0041307360368677305,0.0010775833139654942,0.008574294105319446,0.005845644086286783,0.024705134649584317,0.0020776307920717177,0.022192998472768843,0.019890315331695576,0.012424375858694077,0.013355073925159153,0,0,138000,2704,904302020,112626.375,104833.66,39
2005,1686,0,2.0,140,400,1.53615625,-0.13953385416666667,-2.8785078125,-0.48576302083333334,1.7712161458333333,3.2003072916666664,6.3030546875,-1.1404739583333332,-2.103453125,-0.1434375,0,0,0.0015988495720538958,0.005087054855424567,0.009309154398779083,0.007749568922648997,0.013980712872967429,0.002484436873936224,0.018584881302633274,0.005249640236958231,0.0036745444442460875,0.002702550206080529,0,0,167000,2476,531376030,185386.39,206386.89,39
1940,1196,2,2.0,120,1500,-2.8876653645833334,1.1628606770833332,-4.203748697916667,-4.365845052083333,-2.8813997395833333,1.47248046875,-7.463541666666667,3.30026953125,-3.4581119791666666,-4.044575520833334,0,0,0.00894738413858107,0.0015262764729754813,0.01609065784377508,0.014132417727096286,0.0176473971411037,0.0019425336928778857,0.056684333739247486,0.006537636462697919,0.014197040665084553,0.024489994940635373,0,0,224000,196,903227020,172677.55,155291.05,39
1960,1496,0,2.0,100,1300,-0.05177864583333334,-0.5429375,-4.051123697916666,-4.207334635416667,-2.77678515625,-0.05538671875,-0.6779635416666666,-2.7594401041666665,-3.31025,-3.8716380208333336,0,0,0.0010080549086510713,0.00010616426552919472,0.008169807876358072,0.013116403601908138,0.01579146188190154,0.0023755905972090443,0.009108979152124656,0.020698758736079667,0.019510471914739258,0.021416217723253698,0,0,185000,1224,534455030,140467.81,149914.0,39
1955,960,0,1.0,100,1400,-0.4326796875,-0.8199817708333333,-2.29025,-0.3864921875,1.4092447916666668,-1.5690807291666666,-1.500359375,-3.1961510416666665,-1.4618541666666667,-0.09969010416666667,0,0,0.0016127357793116002,0.0008050271099968471,0.006983128676100345,0.006735773188560374,0.014171290750142855,0.00378686611789354,0.011947695589026414,0.013903445859786586,0.005547542724394468,0.006706196064489044,0,0,144900,614,534431130,115926.125,108738.336,39
1972,780,0,1.0,100,1060,-0.02426692708333333,0.11358463541666668,-4.589756510416667,-2.60910546875,-3.1459856770833334,-0.041692708333333335,-1.1868763020833333,-1.0608216145833333,-4.220608072916667,-1.1004283854166668,0,0,0.0009795290498900158,0.0008039931286732869,0.018344533771358387,0.00787793806676534,0.0181093906220591,0.0017424957763310478,0.007923205760018573,0.008324315480741386,0.008076443784278856,0.007089967213383338,0,0,177500,1453,907227300,109854.35,110095.68,39
1968,1051,0,2.0,100,1140,1.1711536458333334,-0.7857161458333334,-6.043268229166667,-0.37034114583333333,-1.768015625,2.1168255208333333,5.161151041666667,-3.4138020833333336,-5.344315104166667,-0.117453125,0,0,0.0030247110191214603,0.0015717356020809338,0.011387014305625947,0.006776645578465421,0.012374569940584659,0.005378919057700735,0.014813251128703703,0.01817234337111698,0.025335348629152498,0.007800167381412259,0,0,150000,2533,534201230,135619.3,131598.12,40
1995,1499,1,2.0,120,600,0.5804166666666666,-0.6995520833333334,-2.9314244791666666,-0.49469270833333334,6.682216145833333,0.12239583333333333,2.1467864583333336,2.7550208333333335,-2.0626796875,-0.14065885416666665,0,0,0.0014537465838324072,0.0005907956914207336,0.004684844455606144,0.00457363910763978,0.01989712924730614,0.001591184139928857,0.01020646241355629,0.008261915526944165,0.008264822958477483,0.008192861684660591,0,0,129000,2771,907130110,198320.64,203385.88,40
2007,1861,1,3.0,160,360,1.123296875,1.7895416666666668,-3.9675572916666666,6.9475078125,9.044106770833334,3.8270416666666667,9.8630234375,7.172700520833333,-3.0769375,7.679401041666667,0,0,0.0007180687812909845,6.095171151146439e-06,0.010557700729074618,0.0031256584425678508,0.007478222072201481,4.26661980580297e-05,0.01689785126108994,0.012357363980665184,0.013820501166413797,0.009883868956273974,0,0,240000,1118,528431120,294699.06,291469.94,40
1978,2064,2,2.0,140,940,2.6567552083333337,-1.2569479166666668,-4.64959375,8.141796875,20.071770833333332,2.934390625,7.7726875,23.1408828125,-3.8508333333333336,9.610984375,0,0,0.0002877724242360616,0.0,0.0,0.003649142801846496,0.01808444845547469,0.0006330993333193343,0.0013008906345326602,0.025151212570697083,0.0,0.000653546190876214,0,0,245350,1021,527302185,227597.45,233063.89,40
1924,1221,0,1.0,100,1500,0.52525,-0.08852864583333332,-1.8262578125,-2.8588411458333334,-3.4471119791666665,-1.1112604166666666,-1.1753489583333332,-0.9518723958333334,-1.5544140625,-1.2575182291666667,0,0,0.0019724231453760715,0.0020239239870169716,0.009926269228822393,0.01478318696233218,0.023083707782886227,0.007269642741573943,0.009545745080833081,0.006874289537271745,0.0020237643668028307,0.005176510898098009,0,0,99500,2838,908228040,107969.945,111859.836,40
2006,2596,0,3.0,180,380,1.9494401041666667,2.701734375,-3.5467083333333336,-0.5985260416666667,8.0847578125,3.5658463541666667,6.923041666666667,7.702052083333333,-2.6009375,-0.1773671875,0,0,7.11330122176625e-05,4.9793108552362644e-05,0.018531961997178787,0.012606964877714469,0.010715225784071076,0.00019205913298768704,0.01569035444729875,0.01587865926135903,0.006325380146167634,0.0048002462022654615,0,0,227000,2381,528106010,313108.94,314863.66,40
2006,1625,1,2.0,160,360,0.8558567708333333,1.3634791666666668,-8.324484375,5.293411458333333,1.8600963541666666,2.9158828125,8.716453125,6.074604166666667,-8.437432291666665,6.786669270833333,0,0,0.0010018710341532487,0.0008136190974713583,0.012855317606159017,0.009959633326548194,0.01085051247408853,0.002797572551869822,0.01569035444729875,0.008802603700635656,0.03840805041704716,0.009749153741666445,0,0,129000,2246,911370450,233886.17,225687.84,40
2005,1236,0,2.0,120,400,-1.9303541666666668,0.2028984375,-2.0706927083333335,-3.241484375,-1.6682291666666667,2.0818645833333336,-6.527903645833333,8.146,-1.9000833333333333,-1.5371770833333334,0,0,0.006803208590091381,0.0011867560383547842,0.008394115872067351,0.014192435084694227,0.018074287100415812,0.0030151098178658416,0.028066599358872374,0.02221388392268448,0.009245214729040784,0.012656103812481037,0,0,216000,99,533212060,173071.23,176484.27,40
1963,816,0,2.0,100,1240,0.8794921875,-1.1415390625,-3.1064348958333334,-0.5242265625,7.081151041666667,2.4323151041666664,7.527080729166667,2.2119817708333334,-2.3482005208333336,-0.16013541666666667,0,0,0.0007456406228568037,0.002162563741753395,0.003682203488227068,0.004247878911921982,0.012290622744364708,0.0014882049141310752,0.017544564022311915,0.005897249012621137,0.00562391571589006,0.003216327499052958,0,0,205000,206,903450110,135217.66,115241.94,40
1919,1636,1,1.0,140,1500,-0.8389661458333334,-0.334109375,-3.3977083333333336,-1.93146875,-5.57691015625,-0.9049908854166666,-1.33430078125,-4.0399700520833335,-3.5695065104166663,-0.93066796875,0,0,0.021021341649669675,0.015908042329479753,0.03384704559805636,0.02445851162840421,0.07494179195046956,0.016335604298404766,0.01912530347040636,0.032237766242250054,0.028237283076496405,0.011916664841939604,0,0,160000,2854,909253080,141814.9,137312.97,40
2004,1598,1,2.0,140,400,2.3979427083333333,0.9939296875,-2.9808072916666664,-0.5030260416666666,1.8341588541666667,2.6718229166666667,4.891236979166667,7.730390625,-2.4967421875,-0.1702578125,0,0,0.00259418597324526,0.0010957251749513462,0.003682203488227068,0.0037243766176478944,0.01085051247408853,0.0033723923774746103,0.009703394518866131,0.010036660361608912,0.003726463768100802,0.006495160663252173,0,0,177625,2434,528235190,204390.38,204820.42,40
2003,1724,1,2.0,140,420,1.9008567708333333,0.8432734375,-6.5068359375,-0.39875,-1.9036302083333332,2.1179557291666664,3.3273359375,-1.5090234375,-5.270083333333333,-0.11582291666666668,0,0,0.0025041646152938624,0.0009151639896763254,0.016129755828978153,0.005606053555766921,0.01691844528413276,0.003326634702477679,0.010700291544021584,0.00894560712187684,0.021229688572722654,0.006510254129511585,0,0,45000,2823,908128100,208449.05,220470.1,40
1939,1274,0,1.0,100,540,-1.5745625,-0.36153385416666667,-1.0097825520833335,-1.5807252604166668,-8.64132421875,-1.26919921875,-6.703701822916667,-2.1405533854166667,-1.08640234375,-0.8789088541666666,0,0,0.0,0.0,0.0,0.011362887378199824,0.07485893015243121,0.0,0.04393336625860243,0.019661396276677873,0.007779458469596399,0.016384812481572548,0,0,336000,2010,903225040,130444.945,117838.086,41
1971,1050,0,1.0,100,1080,0.595796875,0.46290625,-2.0715442708333334,-0.3495859375,-3.9100963541666665,-1.2605104166666667,-1.3077265625,0.6620208333333334,-1.7294869791666667,-0.1179375,0,0,0.0023222793863804745,0.0012708258942914306,0.008394115872067351,0.00751624752665289,0.018099891198437388,0.005310416219168348,0.01434387497694311,0.008299568854880656,0.004427351880869433,0.007800167381412259,0,0,152000,397,527404030,113791.19,123688.91,41
1962,1734,1,2.0,120,880,-2.4142565104166667,0.11883723958333332,-3.99926171875,-2.2734322916666665,-1.17001953125,-1.825390625,-5.693549479166667,0.82066796875,-3.7697994791666667,-0.98288671875,0,0,0.005080626174953475,0.0013875240663413471,0.007455286562460098,0.005840893517359399,0.011852646904069416,0.00393799291268078,0.0318417712589298,0.00781681132596678,0.017672376512382324,0.006939352014967732,0,0,99900,2610,535402220,166079.16,183615.08,41
1915,1768,0,2.0,120,1500,1.5586927083333333,1.83575,-5.505421875,9.640411458333334,28.734151041666667,5.310432291666667,10.493536458333335,10.323533854166666,-3.2736041666666664,8.170317708333332,0,0,0.0,0.0,0.0,0.0005755448484721223,0.01579343956499503,0.0,0.014200745785099198,0.012357363980665184,0.013706262849373898,0.004608109983691828,0,0,240000,750,903427120,129531.56,132834.19,41
1978,1981,1,2.0,120,660,0.05623177083333333,1.1252526041666668,-2.5082578125,-0.4232838541666667,-2.0207473958333333,2.0985859375,-1.9535963541666668,8.036471354166666,-2.1756848958333337,-0.14836979166666667,0,0,0.0027355545529752228,0.0015077165021166717,0.01159878562709877,0.0065420574103204655,0.014600413011879436,0.0025241632664362566,0.009647521905271218,0.01750438984297771,0.003937551283914157,0.004928486727267857,0,0,260400,234,905352140,183611.75,195286.38,41
1949,924,1,2.0,100,380,-2.4068619791666666,-0.5172213541666666,-1.9100572916666667,-0.32233072916666666,-1.5388098958333332,-1.1840442708333332,-4.243955729166667,-2.84303125,-1.2889270833333333,-0.08789713541666667,0,0,0.01100731145186065,0.004946609342503876,0.010932338407620085,0.009412474186592341,0.017225651749470185,0.006688268899425523,0.0249926898948722,0.015595163405297001,0.011648805045171406,0.007310983958744884,0,0,244000,1957,535450190,163843.38,117906.99,41
1959,1440,0,1.0,100,540,3.7030416666666666,1.2619479166666667,-4.052848958333334,7.09684375,9.238518229166665,2.959375,6.175630208333333,15.712583333333335,-3.35678125,8.377916666666666,0,0,2.133309902901485e-05,0.0007028308534131161,0.010557700729074618,0.001857345112911659,0.007222821387542948,0.004601923988516568,0.010341332657050496,0.026910557860368518,-0.0005641007329919771,0.00944102096520557,0,0,68400,1239,535153140,137189.8,140524.08,41
1976,1479,0,2.0,120,400,-0.7828411458333334,1.1570625,2.4811197916666665,-0.4283854166666667,-2.0451067708333333,-1.6769921875,-5.6859921875,7.7004375,2.4596510416666666,-0.1513984375,0,0,0.0025752840794232555,0.003221420075214029,0.0036266568842071986,0.009143663823684235,0.017530566958302483,0.0032708374703183415,0.012554330129058202,0.018641894076262547,0.003412060569370855,0.003375972223121164,0,0,142000,109,533352170,164656.33,147383.19,41
1947,1043,1,1.0,100,1500,0.14095052083333334,-0.5586796875,-6.446901041666667,-0.3950755208333333,1.4405494791666666,1.7520052083333333,4.5224375,2.6698072916666664,-6.20225,-0.13630729166666666,0,0,0.0016127357793116002,0.0007536232226125681,0.016129755828978153,0.005606053555766921,0.012815627190790711,0.0031466790767064835,0.015202600155415006,0.009395318703501552,0.014074989194775843,0.008192861684660591,0,0,155000,2554,534431030,119472.06,123415.78,41
1940,1034,0,1.0,100,1500,-1.7748515625,0.4383072916666667,-3.8786770833333333,-2.2048828125,-2.6585846354166667,-1.7703502604166668,-3.7736315104166667,-1.6274674479166666,-3.5561888020833337,-0.9271901041666666,0,0,0.005974456850866157,-1.1564823173178713e-18,0.011707559819266435,0.00774517324194343,0.018969275911475864,0.006698824515783154,0.02960679663011958,0.016644739331796683,0.028237283076496405,0.011916664841939604,0,0,178000,1947,535375130,102968.87,111854.29,41
2004,1694,1,2.0,160,400,-0.2483984375,-0.7750364583333333,-5.961143229166667,-0.3653098958333333,1.3320052083333334,0.17215885416666665,-1.0498125,-2.0995598958333335,-4.252640625,-0.0934609375,0,0,0.0031950529529987276,0.0028665515326549667,0.018993296389698527,0.008351857412070621,0.012786699326796599,0.004714317278812819,0.007923205760018573,0.010405481328257417,0.008076443784278856,0.007308470092478621,0,0,296000,1791,528441080,234091.47,219383.03,41
1910,1594,0,0.0,80,580,1.4031041666666668,0.8876822916666667,-7.240174479166667,-0.4436927083333333,1.6178046875,2.9231171875,5.4857265625,-1.6787135416666668,-5.680388020833333,-0.12484114583333333,0,0,0.0012942929021248692,0.0006683208481137447,0.014111638751136803,0.008153296341508012,0.014221250587017417,0.003467971053665573,0.017031599216465677,0.010587858368018309,0.021328226665085753,0.006655800020001394,0,0,169900,1292,902109080,85768.04,95526.805,41
1929,854,0,2.0,140,480,-0.07176302083333333,0.6952994791666667,-5.614713541666667,-0.3440807291666667,-1.6426328125,-0.0767578125,-1.0987473958333334,3.4534635416666664,-5.36478125,-0.11790364583333333,0,0,0.002807794972418515,0.002320278778113647,0.018154519532980164,0.007468688581181541,0.017358165954107423,0.004673871392563598,0.013992078861539069,0.008827483470442442,0.025335348629152498,0.007800167381412259,0,0,260000,2019,903233140,152390.16,102269.04,42
1998,2582,1,3.0,160,520,0.2605690104166667,-0.4068294270833333,-3.1291145833333336,-0.19175651041666666,-9.724053385416665,-1.4282265625,-3.6202721354166667,-1.8537369791666667,-3.7547122395833337,-0.08251822916666667,0,0,0.0,0.0,0.035552633824150144,0.011362887378199824,0.10410871074768872,0.012499176116019807,0.014184916320718739,0.010478242004771912,0.017672376512382324,0.005625982835529734,0,0,404000,1766,528344020,298087.28,322406.06,42
2006,1492,0,2.0,140,380,1.673640625,1.4664166666666667,-3.9166875,6.8584140625,8.928130208333334,2.9346614583333337,5.37690625,10.6118125,-3.027703125,7.556598958333333,0,0,0.0003712247329477868,9.142756726720816e-06,0.010557700729074618,0.0031256584425678508,0.009507523399651387,4.26661980580297e-05,0.013012783289331314,0.017947433283179024,0.013820501166413797,0.009971740350779374,0,0,141500,2413,528218080,188922.78,198953.17,42
1915,1716,0,2.0,120,420,0.6568932291666666,-1.0330260416666668,-2.3275,-0.39277864583333333,-1.875125,1.2688072916666668,-2.0062708333333332,14.0885625,-2.5650364583333336,-0.17491927083333333,0,0,0.0017701636595814857,0.0015072464452251368,0.006983128676100345,0.005606053555766921,0.017089411631836485,0.003127413040455982,0.015014906718518987,0.04043864341567708,0.006325380146167634,0.0048002462022654615,0,0,75500,1354,903401030,150972.12,131312.53,42
1900,1699,0,2.0,60,1100,-0.4887473958333333,-0.553703125,-3.1947786458333334,-3.3179700520833335,-5.243826822916667,-0.5095872395833333,-1.02972265625,-3.9222708333333336,-2.9873424479166664,-3.4939700520833337,0,0,0.0011362887378199803,0.0,0.035552633824150144,0.03273706126146801,0.05734209870171916,0.009658454271469854,0.023806270576129634,0.06378307897657942,0.03967009374899449,0.049746822891423674,0,0,134800,651,535353140,77262.34,117767.984,42
1984,833,0,2.0,100,820,-0.6877942708333333,0.3159440104166667,-3.620390625,-2.0580572916666666,-5.942415364583333,-0.7755390625,-1.7518138020833331,-2.0719036458333333,-3.8915390625,-1.0146236979166667,0,0,0.001275737148075194,0.002873555503907987,0.012182511448267604,0.009029699918724798,0.02886222338991888,0.003958762437732473,0.012610844843692539,0.011425878745520595,0.012336766103369553,0.007620477415547599,0,0,169000,336,923276030,143757.77,132113.05,42
1967,1832,0,0.0,80,1160,0.6532369791666667,-0.7954453125,-2.1553151041666667,-0.3637213541666667,-1.7364036458333332,-1.1014557291666667,-0.8482161458333334,-3.7999635416666666,-1.4691041666666667,-0.10018229166666667,0,0,0.002112020664743389,0.002584411316523829,0.01036095820559529,0.0066922602327786325,0.014153936913536076,0.004542459301511545,0.009807996082045132,0.017027627390427798,0.005547542724394468,0.006706196064489044,0,0,199500,217,905101300,104146.375,139961.69,42
2005,1145,1,2.0,140,380,0.9595833333333333,1.2625338541666666,-2.6570364583333337,-0.448390625,1.6349375,-0.5204088541666666,-1.5118880208333332,3.7779739583333334,-1.9209010416666668,-0.13099479166666667,0,0,0.0007467110850053662,0.0006683208481137447,0.009276162770996986,0.007178482785907051,0.012661548898055878,0.0022179246886134857,0.013870748895035126,0.014861823046662037,0.00717602352794963,0.007180816356578521,0,0,205000,474,528228460,220736.86,196455.72,42
2006,1335,0,2.0,140,360,-0.18331901041666665,-0.7624778645833333,-4.399360677083333,-2.50087109375,-3.01548046875,0.12705598958333333,-0.92992578125,-3.5477278645833334,-3.7669986979166663,-0.9821536458333334,0,0,0.002778750826274101,0.002736353996473694,0.017168322844527444,0.01158221734127664,0.017667556088353614,0.003971722836353755,0.011648879911091588,0.017093599346548142,0.017672376512382324,0.006939352014967732,0,0,409900,1795,528456230,182224.4,185355.62,42
1939,845,0,1.0,40,1500,1.5503333333333333,-0.8782265625,-7.9998984375,5.0870078125,1.7875625,2.8021848958333333,7.354690104166667,2.4336796875,-7.6156640625,6.125682291666667,0,0,0.0014239111068117076,0.008089008496725312,0.031840564051973885,0.004540552783706238,0.013980712872967429,0.001591950483237867,0.013352552099652746,0.005168604345728707,0.011630211330511786,0.010106774669039722,0,0,122000,2242,910206010,51294.695,94853.125,42
1954,1350,1,2.0,80,1420,3.0864609375,1.0675390625,3.3510234375,-0.5785807291666666,2.1096458333333334,2.0939453125,6.1368125,16.981744791666667,3.6992552083333337,-0.22769791666666667,0,0,0.00028737838198583725,3.556650610883038e-05,0.0020887255728776013,0.0051439865262836015,0.006465742476619673,0.00019205913298768704,0.010732943659850986,0.030523158011217823,0.0012176469238681913,0.0012176469238681913,0,0,103500,2733,905402110,123543.91,149647.75,42
2009,1968,1,3.0,160,300,-0.3061953125,-0.6948489583333334,-1.8908671875,3.05203515625,-8.546630208333333,-0.9513177083333334,-1.5774869791666668,1.8773385416666668,-1.8933203125,1.5117265625,0,0,0.003016577261842337,0.004119075950587836,0.010932338407620085,0.006429734057602856,0.04631707500547668,0.005764666705595019,0.014147921578050383,0.00896462942822326,0.011791633161564384,0.006709137085215188,0,0,138500,319,916386090,320421.0,316268.16,42
1920,1336,0,1.0,80,1500,-0.60488671875,-0.3130950520833333,-3.1840052083333337,-3.3067825520833334,-5.226145833333333,-0.6820572916666666,-1.35749609375,-3.4130286458333337,-3.0155859375,-3.52698828125,0,0,0.0017044331067299773,0.0,0.035552633824150144,0.0270556175723681,0.05734209870171916,0.011931031747109818,0.025073437905188494,0.05266238723276176,0.03967009374899449,0.052963286138511326,0,0,85000,2879,911175360,84437.52,108815.31,43
1964,2154,1,2.0,120,560,-2.9210169270833335,0.4933854166666667,-3.98421484375,-2.2648763020833336,-1.1656158854166667,-1.8185208333333334,-7.062680989583333,2.7077604166666664,-4.0028997395833334,-1.04366015625,0,0,0.006510072705414796,0.002775048132682695,0.007455286562460098,0.005756301818611769,0.011852646904069416,0.0037787465143869874,0.03927949409254695,0.015176871571491111,0.019979706118928565,0.007938801049096727,0,0,286500,1894,534403290,190348.78,210450.28,43
1996,1628,1,2.0,140,560,-0.60488671875,-0.3130950520833333,-3.1840052083333337,-3.3067825520833334,-5.226145833333333,-0.6820572916666666,-1.35749609375,-3.4130286458333337,-3.0155859375,-3.52698828125,0,0,0.0017044331067299773,0.0,0.035552633824150144,0.0270556175723681,0.05734209870171916,0.011931031747109818,0.025073437905188494,0.05266238723276176,0.03967009374899449,0.052963286138511326,0,0,190000,347,527107130,219465.69,205373.77,43
1920,1657,1,1.0,80,900,-4.877078125,0.225078125,2.6882916666666663,-0.4641458333333333,6.269684895833333,-3.4570260416666665,-5.3509140625,2.498578125,2.068859375,-0.12734114583333334,0,0,0.013813979584178574,0.0004247130360628259,0.0026291193103353955,0.00742216199677854,0.014346622978829039,0.009747361122997449,0.02293360112737071,0.011601476829697302,0.006007202797885457,0.006526261752329276,0,0,59000,2639,902103090,97310.62,138483.53,43
1941,540,0,1.0,40,1500,0.7930846354166666,-0.22161979166666665,-4.60090625,-4.778317708333333,-3.1536276041666667,1.3082005208333332,5.006463541666667,-3.2474479166666663,-4.4743671875,-5.2331796875,0,0,0.0018003239717940332,0.0009798931039766239,0.018344533771358387,0.021479259974110102,0.021802339103951796,0.00262930851585654,0.01667517578432295,0.016255844021968117,0.026954346975159568,0.026858610118726464,0,0,152000,303,910203250,50033.062,68691.03,43
1951,1112,0,2.0,100,1480,-0.6499010416666666,-0.5929036458333333,-3.4209440104166666,-1.9446770833333333,-5.615046875,-0.7328138020833334,-1.634328125,-3.4192213541666665,-3.6305572916666664,-0.9465794270833334,0,0,0.020453197280759682,0.0193169085429397,0.03384704559805636,0.02445851162840421,0.07494179195046956,0.016335604298404766,0.02488275963691225,0.030558859980027744,0.028237283076496405,0.018252089979381766,0,0,166000,645,535304100,129676.18,111904.55,43
1955,925,2,1.0,100,1400,0.4513828125,0.7227786458333334,-2.1407395833333336,-0.3612578125,-1.72465625,-2.6906927083333336,-3.8057734375,-1.2024270833333333,-1.4428177083333333,-0.098390625,0,0,0.002112020664743389,0.0016482391528147347,0.005382166667719325,0.0066922602327786325,0.014153936913536076,0.007361527370926605,0.01744651101175024,0.006544587758429979,0.005547542724394468,0.006706196064489044,0,0,184100,1939,535327160,153307.77,138408.67,43
1953,2287,1,2.0,140,1440,-0.40775520833333334,0.6929921875,-5.347244791666667,-0.3276875,-1.5643828125,-0.9769427083333334,-1.1679713541666668,-1.480171875,-4.354265625,-0.09569791666666667,0,0,0.0068451861740758116,0.0007965483769287568,0.029893767344909887,0.009412474186592341,0.018284935378274896,0.007641579824649176,0.011687898857921928,0.009049477897334648,0.005659102635559603,0.008090989947423279,0,0,110000,2728,905225080,181148.23,190393.08,43
2005,1306,1,2.0,120,400,0.237890625,-0.6153229166666666,-2.3881901041666667,4.181893229166667,-4.507770833333333,-0.46064322916666667,-3.0185520833333337,4.912893229166667,-2.2470234375,5.608098958333333,0,0,0.002094055361487749,0.001978634585182504,0.005853409043306893,0.008770857167376257,0.025618967693033692,0.0038972694698844175,0.010951977449874467,0.009224883147099874,0.005001328693693782,0.009720450775467617,0,0,218500,453,528174060,193664.48,202164.88,43
2006,1208,0,2.0,140,380,0.9324036458333333,0.574734375,-3.293328125,-0.555765625,7.507177083333333,3.1766848958333336,7.452526041666667,1.83940625,-2.3249192708333335,-0.15854427083333333,0,0,0.00027315177954230496,0.00015649262687885668,0.007494974000004214,0.005609526920813516,0.012727991605582176,0.001091766989685352,0.018137574440244796,0.005897249012621137,0.00562391571589006,0.003216327499052958,0,0,221000,251,906380190,191748.78,177375.84,43
1968,1060,1,1.0,100,480,2.2245052083333334,0.4861614583333333,-2.7858020833333335,-0.4701197916666667,1.7141744791666667,0.688296875,2.8410963541666665,-0.3959947916666667,-1.9227473958333332,-0.1311171875,0,0,0.0007953091641533384,0.0005308912950785326,0.011562031774396188,0.008689786757536682,0.011891706346920832,0.004422417367201603,0.01714736471705449,0.010731018936763722,0.00717602352794963,0.007180816356578521,0,0,216500,222,905105070,151060.84,143703.08,43
1940,672,0,1.0,100,560,0.7028020833333334,-0.5962291666666666,-4.585852864583333,-2.6068841145833335,-3.1433033854166665,-0.09708333333333333,0.0123515625,-2.1042890625,-4.26221875,-1.1112708333333332,0,0,0.0015123911259785048,0.000890321352066999,0.018344533771358387,0.00787793806676534,0.0181093906220591,0.001738543734121992,0.009918079344939346,0.010405481328257417,0.008076443784278856,0.007089967213383338,0,0,231000,1395,905226030,131142.84,76943.734,43
1955,1098,0,1.0,100,1400,2.49321875,-0.8773802083333334,-3.1223307291666664,-0.5269088541666667,7.117380208333333,0.7714375,4.114966145833333,13.413809895833333,-2.7848854166666666,-0.18991145833333334,0,0,0.0011756344728064063,0.0014417091611689306,0.003682203488227068,0.004002579074934651,0.012524862112023093,0.0026125511880631842,0.009086537286377781,0.024518904445662126,0.0064860437055058165,0.015072775915631546,0,0,82000,1235,535150210,116112.78,111054.984,44
1965,1728,0,2.0,100,1200,-0.1994140625,-0.3542057291666667,-4.970859375,-0.30462239583333334,-3.4072057291666664,0.04841927083333333,-1.0569166666666667,2.3138932291666667,-5.143463541666667,-0.1130390625,0,0,0.002431154591730385,0.0020239239870169716,0.020257772879216235,0.008374601966491164,0.02051296785285813,0.004980085236997999,0.012707031431606801,0.006165549926808157,0.026754954619460165,0.005037082347897363,0,0,126000,1197,534225120,139637.44,163715.61,44
2007,1340,0,2.0,140,360,0.30056640625,0.10725390625,-3.6094453125,-2.0518346354166663,-5.92444921875,-1.6474635416666668,-4.1374296875,1.8501875,-4.29109375,-1.1187994791666667,0,0,0.0025143610659194883,0.0010775833139654942,0.012182511448267604,0.009029699918724798,0.026265249426744637,0.002246227423891087,0.019998767691595927,0.009315800817556912,0.005659102635559603,0.007793622723937061,0,0,485000,1737,528222040,185115.56,187918.12,44
1996,2260,0,2.0,140,560,3.3519557291666664,0.595671875,3.3361588541666665,-0.5760130208333334,2.1002890625,2.069578125,5.8066848958333335,1.7446171875,2.7397447916666664,-0.16863802083333335,0,0,0.0004421532903189623,-5.782411586589357e-19,0.0020887255728776013,0.0051439865262836015,0.006465742476619673,0.00019917243420945348,0.011720415232935405,0.004960528995870898,0.0023998202553792082,0.006495160663252173,0,0,222500,229,905109130,207542.14,219578.94,44
2005,1953,1,3.0,160,380,2.634796875,-1.1819479166666667,-8.099770833333332,-0.4963671875,6.7048359375,2.9385338541666663,5.517890625,15.043434895833334,-8.498463541666666,-0.18677604166666667,0,0,0.003563360939289986,0.00013901075092252516,0.012855317606159017,0.0037243766176478944,0.01989712924730614,0.003706904657322256,0.01020132186507223,0.03290066738876049,0.03840805041704716,0.004587399702074003,0,0,84900,526,528480040,304950.53,290451.03,44
1939,2192,1,1.0,100,560,-0.092828125,0.179734375,2.5778229166666664,-0.4450807291666667,-2.1248125,-0.09929166666666667,-1.1760546875,-1.44328125,2.0501067708333336,-0.1261875,0,0,0.0006860520490030997,0.0002937499611162387,0.002685425544818814,0.008153296341508012,0.015065495157136047,0.002406652607894523,0.01357807714479146,0.01056286619649235,0.006007202797885457,0.007143635959935838,0,0,185000,1518,909175050,152395.97,174921.23,44
1999,1337,1,2.0,140,520,-1.7160104166666668,0.3177578125,-2.3369114583333337,-3.6582265625,1.4379557291666667,2.0946692708333337,-5.6315859375,0.8603138020833334,-1.405578125,-1.1371223958333332,0,0,0.004483099489076405,0.0007487705370079028,0.006983128676100345,0.011662961894942371,0.012815627190790711,0.004117029704635561,0.029542453412027776,0.00750631561147455,0.004661392719857097,0.004639154888836955,0,0,213500,29,527427230,207665.28,185917.9,44
1967,992,0,1.0,100,400,0.7052578125,0.5966171875,-2.498875,-0.4217005208333333,-2.013184895833333,1.8700572916666667,-1.1275052083333332,-3.9085546875,-1.4415286458333332,-0.0983046875,0,0,0.0018016755328015123,0.001811311429903515,0.003092405323272007,0.0065420574103204655,0.014600413011879436,0.0025932391056741767,0.01253857965267159,0.01994902899354106,0.009320123567843421,0.007130086646838387,0,0,136000,1381,905104110,144971.8,126944.21,44
1958,792,0,1.0,60,1340,-0.5975950520833334,-0.5094283854166667,-3.90628125,-0.23938411458333334,-6.41166796875,-0.62307421875,-1.33223046875,-3.6736263020833335,-3.86494921875,-0.08494010416666667,0,0,0.0035121572324817853,0.003022008424831591,0.013060936425234202,0.006882583171648873,0.04387123342051439,0.0034310416535513607,0.013855258578901668,0.019989781101814163,0.01778726590992111,0.007870197165044564,0,0,160000,655,535375010,83368.68,106460.48,44
1915,1427,0,1.0,120,460,0.812390625,-0.563046875,-7.901708333333333,5.024572916666667,1.765625,2.7677942708333334,8.49353125,4.960611979166667,-8.2216796875,6.6131015625,0,0,0.003617743014946013,0.007159084166204339,0.031840564051973885,0.004540552783706238,0.013980712872967429,0.0027071215839658412,0.018118140498096034,0.008802603700635656,0.03840805041704716,0.009749153741666445,0,0,76500,757,903475100,143258.5,119707.58,44
2009,1508,2,2.0,140,300,0.6637916666666667,-1.149265625,-6.4563828125,-0.3956614583333333,1.4426640625,1.8357760416666666,6.995606770833333,3.4494817708333336,-6.771697916666667,-0.14882291666666667,0,0,0.0014907982436337176,0.001978634585182504,0.016129755828978153,0.005606053555766921,0.012815627190790711,0.0032596510399858286,0.01745475687151303,0.0060851256582289725,0.011579658854533253,0.004928486727267857,0,0,325000,242,905453080,266496.0,272619.4,44
1927,1642,1,1.0,120,1500,-1.1690768229166668,0.18944401041666667,-3.0131731770833334,-3.1293619791666667,-4.945743489583333,-1.37530859375,-2.3341608072916666,-6.224793619791667,-2.0768899739583335,-2.429111328125,0,0,0.0011362887378199803,0.0,0.029871190135050237,0.02559557044580007,0.04689594153180734,0.011931031747109818,1.1564823173178713e-18,0.026690442809449325,0.0,0.0,0,0,214000,1991,902300040,118337.766,147964.69,44
1990,1442,0,2.0,140,700,-0.5987200520833333,-0.4610677083333333,-3.1515338541666664,-3.2730572916666665,-5.17284375,-0.6751015625,-0.9888216145833334,-7.641018229166667,-2.1966002604166666,-2.5691145833333335,0,0,0.0011362887378199803,0.0,0.035552633824150144,0.02445851162840421,0.05552412454094444,0.009658454271469854,1.1564823173178713e-18,0.05266238723276176,0.0,0.0,0,0,285000,365,527180100,192841.95,169619.05,45
1970,904,0,3.0,100,1100,0.7513697916666666,0.5960377604166667,-4.861463541666667,-2.7635598958333336,-3.3322213541666663,-0.04376041666666666,-0.6754466145833333,-2.4594635416666666,-4.0445520833333335,-1.0545208333333334,0,0,0.0014807357957215947,0.0005999167568792549,0.022757124633082597,0.01322178826190157,0.020130988896326623,0.0029996991408073664,0.012509228628036093,0.014733819976353474,0.019979706118928565,0.009868322490714503,0,0,124500,1398,905300020,145766.73,141081.34,45
2000,1671,1,2.0,120,500,1.2644583333333332,-1.0374270833333332,-5.985783854166667,-0.3668203125,-1.7511953125,1.9864427083333334,3.70767578125,-6.053302083333333,-4.610416666666667,-0.10132552083333334,0,0,0.001881871162843602,0.004401276241216286,0.018993296389698527,0.008301724608509557,0.01543443186030952,0.003044011971372019,0.016798216134847575,0.028580609817430963,0.02204081516067284,0.003780065435764107,0,0,167000,2440,528290140,180401.56,215368.45,45
2005,1336,0,2.0,140,380,2.7063098958333334,-0.1306796875,-8.504424479166666,4.984799479166667,1.9002994791666667,3.8409713541666664,3.8144947916666667,-0.05394270833333334,-5.8898828125,1.515625,0,0,0.001665201185764165,-5.782411586589357e-19,0.012855317606159017,0.004469413552489186,0.011484607720792238,0.003036847399530256,0.012717208000542398,0.009510174842638833,0.022992675034768612,0.006709137085215188,0,0,80000,2813,907414040,188940.44,180982.45,45
1965,925,0,2.0,100,400,-0.2153125,0.4509322916666667,-5.167174479166667,-0.31665364583333333,-3.541765625,0.14922916666666666,-1.0116888020833334,-2.89683203125,-4.098186197916667,-0.09006640625,0,0,0.0029469608233830004,0.0020446755074611787,0.019011691504324982,0.008032872317930304,0.023801426625596176,0.005011487825575367,0.009632852493926439,0.010405481328257417,0.007200161818250683,0.0051298781801900695,0,0,127000,1195,534204030,152620.39,126627.91,45
1975,1040,0,2.0,100,1000,-3.5968489583333336,1.938046875,3.2968645833333334,5.89496875,2.0714791666666663,0.090296875,-8.671822916666667,8.285640625,2.7228151041666666,6.206434895833333,0,0,0.006553951914476874,0.00019917243420945348,0.0020887255728776013,0.004295808996644512,0.007210607107867536,0.00039159137425091747,0.03656718258959395,0.01305775168899413,0.0023998202553792082,0.007431619372870008,0,0,148500,1594,923225080,127751.35,131206.52,45
1967,899,0,1.0,100,420,0.23186979166666666,0.5796145833333334,-3.85121875,6.743783854166667,8.77890625,4.281770833333333,7.905395833333333,16.742416666666667,-3.494125,8.720604166666666,0,0,0.0007180687812909845,9.142756726720816e-06,0.010557700729074618,0.0031256584425678508,0.009518355483984539,0.0006703499080657182,0.007293002741976035,0.022689694870530106,-0.0005641007329919771,0.006351403875741283,0,0,140750,773,905105190,133878.44,118215.72,45
1968,1052,0,1.0,100,1140,0.14095052083333334,-0.5586796875,-6.446901041666667,-0.3950755208333333,1.4405494791666666,1.7520052083333333,4.5165859375,2.6283671875,-6.19421875,-0.1361328125,0,0,0.0016127357793116002,0.0007536232226125681,0.016129755828978153,0.005606053555766921,0.012815627190790711,0.0031466790767064835,0.015202600155415006,0.009395318703501552,0.014074989194775843,0.008192861684660591,0,0,176000,2536,534201280,122198.94,125804.7,45
1970,1302,0,2.0,100,1100,-0.22897395833333334,0.6997864583333334,-2.072671875,-3.2445859375,-1.6698203125,0.05559635416666667,-0.9740729166666666,-1.5635494791666666,-1.5277005208333332,-1.2359192708333333,0,0,0.0018944534354871387,0.0037837438165067715,0.005347050375139296,0.009066688958278371,0.015064534713977167,0.004048266696028353,0.0072764369416891865,0.007048414973602885,0.0023702146193257056,0.004760235259106182,0,0,123000,1679,527451020,126911.05,133973.08,45
1999,1709,1,2.0,180,500,2.4466640625,-0.6596979166666667,-6.009309895833333,-0.3682604166666667,-1.7580755208333332,0.5391666666666667,3.2192864583333334,0.7776067708333334,-5.639684895833333,-0.1239453125,0,0,0.0035785827573291957,0.003515234426991136,0.018993296389698527,0.008053692611897378,0.01543443186030952,0.004728175240712358,0.01268012285358211,0.009453627944199228,0.021328226665085753,0.006655800020001394,0,0,140000,1172,533215080,294419.25,208208.44,45
2001,1296,0,2.0,160,460,0.190578125,0.43040625,-3.1654140625,-0.5341822916666666,7.215596354166667,2.3688723958333333,4.502919270833333,-1.0949114583333333,-1.990234375,-0.13571875,0,0,0.001458574115623992,0.000205958451595561,0.012418352062474856,0.006914628599683913,0.011505747124032831,0.0013691354492461447,0.017596574687212332,0.01048151830055587,0.008833641103121596,0.011343044740392402,0,0,83000,966,916455070,222136.77,178494.45,45
1980,2014,2,3.0,160,900,-0.4732578125,0.1834140625,-1.87184375,-0.3158828125,-3.53315625,-2.3527265625,-6.0522578125,8.728888020833335,-2.0360625,-0.13884375,0,0,0.005596775754087655,0.0024368343491538067,0.01259111213002073,0.008723448537270681,0.026229880353347428,0.011584238298915247,0.024529679621234837,0.02322535653983483,0.008264822958477483,0.008192861684660591,0,0,136000,564,532478020,308797.78,281839.8,45
1950,1078,0,1.0,100,580,2.4357864583333333,0.9287526041666666,-8.218802083333333,-0.5036614583333333,6.803359375,1.7455963541666668,3.0662838541666666,-2.3241614583333337,-5.078541666666667,-0.111609375,0,0,0.00259418597324526,0.0009321844403300875,0.012855317606159017,0.0037243766176478944,0.020172597512217956,0.002738289880440458,0.01122437981990249,0.01086031299450325,0.026754954619460165,0.005037082347897363,0,0,105500,127,534430080,130348.195,108472.67,46
1925,1641,1,2.0,140,700,-1.4585546875,-0.3720546875,-1.5590651041666668,-2.4405768229166664,-2.9427799479166663,-1.9595963541666668,-4.700697916666667,2.1342994791666667,-1.5549322916666668,-1.2579505208333333,0,0,0.006510072705414796,0.0018415325112467185,0.0073644521717419085,0.01206155745176525,0.01967454260778974,0.006352621801689285,0.021041542384581207,0.007110594858507687,0.0020237643668028307,0.005176510898098009,0,0,105000,2641,902106040,175361.53,154327.7,46
1998,2385,1,3.0,140,540,-0.02149348958333333,-0.5316080729166667,-4.06465625,-4.221390625,-2.7860638020833335,-0.036921875,-1.150421875,1.549640625,-4.090989583333333,-4.784770833333333,0,0,0.0010080549086510713,0.00010616426552919472,0.008169807876358072,0.013116403601908138,0.016095908595818435,0.0023755905972090443,0.009898508033871718,0.010890520472816642,0.011138055155198945,0.015591826053539044,0,0,402861,1767,528348030,251671.92,316202.4,46
1935,1032,1,1.0,100,1500,-1.4728138020833332,0.08881770833333333,-3.2186158854166664,-1.8296627604166666,-5.282955729166667,-1.4690768229166666,-2.4543645833333336,-8.045708333333334,-2.3129375,-0.60304296875,0,0,0.020453197280759682,0.0,0.035552633824150144,0.02559557044580007,0.05909680794345562,0.014203609222749781,0.01030426127168128,0.0696589874560926,0.0,0.0,0,0,90000,2703,904301410,129571.72,128728.766,46
2003,1342,1,2.0,140,440,2.2869348958333333,0.4510208333333333,-2.5844140625,-0.4361328125,-2.0821041666666664,1.580890625,4.295471354166667,1.470265625,-2.1161588541666667,-0.14430729166666667,0,0,0.003250985453745004,0.0014305023290608037,0.011723333573555938,0.009208031898806007,0.017530566958302483,0.0034969414232120743,0.010881840829337106,0.004460270036273475,0.0036745444442460875,0.002702550206080529,0,0,171000,482,528250040,213320.44,195891.1,46
1950,1668,0,1.0,120,400,-0.5013567708333333,0.6771901041666666,-2.3875364583333334,-0.40290885416666666,-1.9234895833333332,1.5067864583333332,-1.586953125,3.623046875,-1.9066875,-0.1300234375,0,0,0.0031468588950295307,0.0008564309973811262,0.005853409043306893,0.006215299796217099,0.01691844528413276,0.0037795160129209427,0.013176231489858994,0.01473676791123381,0.00717602352794963,0.007180816356578521,0,0,97500,621,534477110,145804.83,134601.25,46
1948,1224,0,1.0,120,420,-1.1987239583333333,0.1298359375,-4.36942578125,-4.53791015625,-2.9949596354166665,1.76409375,-4.495526041666667,1.5051158854166666,-3.4907825520833335,-4.082770833333334,0,0,0.004624147841295333,0.001197825397606064,0.017168322844527444,0.01802027460220463,0.017667556088353614,0.00395719890258285,0.035284514560938285,0.008025905790562924,0.018494467351280623,0.02878742162683144,0,0,120000,162,535450210,141855.89,114493.3,46
1937,1938,1,1.0,100,600,-2.1505598958333336,0.23592447916666665,-2.9286953125,-0.4942317708333333,6.675986979166667,1.7886822916666667,-9.670666666666666,16.011609375,-2.4137083333333336,-0.16459635416666665,0,0,0.011253186892424693,0.005976378320160696,0.009309154398779083,0.007738764285375943,0.013319939374669507,0.005445995106861332,0.03635125128788023,0.042660669657804934,0.004198024594202116,0.006663708585965199,0,0,215000,1534,909277040,151888.14,159284.16,46
2003,1696,0,2.0,120,440,0.6833802083333333,-0.7602708333333333,-6.646911458333333,-0.4073359375,1.4852395833333332,2.328265625,6.552546875,1.2353984375,-6.342815104166667,-0.1393984375,0,0,0.0015973514227887343,0.0036134775719071323,0.016129755828978153,0.006215299796217099,0.012938516832535657,0.003127413040455982,0.015672066673146794,0.007150005282701044,0.014074989194775843,0.008192861684660591,0,0,143000,1133,531371070,163495.77,198618.0,46
1997,1837,0,2.0,120,540,-2.9101458333333334,0.3221080729166667,-3.9693932291666667,-0.24325130208333334,-6.5152578125,0.909703125,-6.534673177083333,0.33590234375,-3.7036393229166666,-0.08139713541666667,0,0,0.006036363156732062,0.002150662302829089,0.007455286562460098,0.007271677510714955,0.03144547291089776,0.005744724873609233,0.059062402880215824,0.01657240693091528,0.03585312101653861,0.011916664841939604,0,0,128900,2478,531379030,180752.7,201787.14,46
1971,858,0,0.0,80,1080,0.7009947916666667,0.46343229166666666,-1.9410208333333332,-3.0384947916666665,-3.6637317708333335,-0.380171875,-1.07421875,-3.9412213541666663,-1.3648098958333332,-1.1041432291666669,0,0,0.003160446282994071,0.0013461716372069655,0.010997422595687381,0.01743145870986771,0.024877892226329523,0.005608989967803355,0.007836510274777544,0.015287172499551978,0.006741483707516048,0.007089967213383338,0,0,163000,2362,527403120,87348.72,92532.84,46
1926,986,1,1.0,120,1500,0.4279270833333333,-0.80040625,-1.8661276041666668,-0.314921875,-3.5223645833333337,-2.345546875,-4.879958333333333,2.2667213541666666,-1.6311171875,-0.11122916666666667,0,0,0.003248898286979744,0.006271622579384082,0.01259111213002073,0.008723448537270681,0.026229880353347428,0.010881724744267135,0.024891002235207065,0.006611368474605227,0.006072575855600633,0.005037082347897363,0,0,263550,2021,903234160,127430.85,116547.56,46
1964,934,0,1.0,120,1220,-0.5841627604166666,-0.2561028645833333,-2.42036328125,-2.5136940104166667,-7.521536458333333,-1.1047291666666668,-3.571578125,-2.57300390625,-2.6783190104166663,-3.1325390625,0,0,0.0,0.0,0.0,0.0,0.04689594153180734,0.0,0.03363910382557253,0.020932745413783215,0.019320489884402398,0.027173433321420477,0,0,133500,2711,905103180,131508.67,117556.46,47
1976,1127,1,2.0,120,980,-0.3566380208333333,0.4921432291666667,-2.2023645833333334,-0.37165885416666666,-4.157026041666667,1.3450833333333332,-1.4343880208333333,0.6589921875,-1.7215625,-0.11740104166666668,0,0,0.0021452555872883625,0.0013206247857672207,0.007239415205898504,0.006776645578465421,0.020417936916632896,0.003759184242410306,0.01434387497694311,0.008196363662222867,0.004427351880869433,0.007800167381412259,0,0,174000,1491,908103280,160311.61,144267.58,47
1971,864,0,2.0,100,1080,3.4539010416666667,-0.9434947916666666,-3.9031770833333335,6.834765625,8.897346354166666,3.2656875,7.865036458333333,23.49095833333333,-3.87465625,9.670432291666666,0,0,0.0001504182845832279,0.001757077133532791,0.010557700729074618,0.0031256584425678508,0.009507523399651387,4.26661980580297e-05,0.0013008906345326602,0.02507683570073586,0.0,0.000653546190876214,0,0,187000,1037,527403360,125132.12,119887.41,47
1995,2814,1,2.0,120,460,-0.083640625,0.16194791666666666,2.322734375,-3.720109375,-1.914546875,-0.08946875,-1.1250755208333332,-1.36021875,1.9611927083333334,-1.4322682291666669,0,0,0.0020878222932958954,0.0007878924808687546,0.004659448589924985,0.011998959668502649,0.01691844528413276,0.0037801179729043425,0.01487190404992388,0.012269571884274631,0.0023249339592558314,0.011685248117524943,0,0,168500,1420,906204280,193975.2,311374.97,47
2001,2161,1,2.0,140,480,-0.2322109375,0.4311145833333333,-1.7939479166666668,-2.808265625,-3.386125,-1.2715,-2.59028125,-1.9747994791666668,-1.3906927083333334,-1.1250677083333334,0,0,0.0025240311342158415,0.002495068236010356,0.009926269228822393,0.015592338556762073,0.02051296785285813,0.006670473199780298,0.016153963798175058,0.009416225353396732,0.00556075761536339,0.007793622723937061,0,0,191000,1457,907253110,217047.89,265362.1,47
1995,2520,1,3.0,140,600,-0.013444010416666666,0.5684830729166667,-4.63669140625,-2.63578515625,-3.1781549479166666,-0.30152213541666667,-1.0258333333333332,-1.1658776041666667,-4.232046875,-1.1034088541666667,0,0,0.0014246897259235151,0.0009049318011345175,0.018344533771358387,0.01020732101737378,0.021802339103951796,0.0015849169805255967,0.008613736118589472,0.008372266322243934,0.008076443784278856,0.007089967213383338,0,0,451950,1771,528358040,264320.75,327011.62,47
1942,1453,2,1.0,100,1500,0.14520833333333336,-0.52191015625,-4.014235677083334,-0.24599869791666665,-6.588865885416667,-0.9036432291666666,-1.7365325520833332,-2.5469622395833333,-4.01102734375,-0.08815104166666667,0,0,0.0015024482019662462,-1.1564823173178713e-18,0.008169807876358072,0.007948405437404575,0.033692211752337664,0.0028598228653762547,0.012707347619928738,0.014236080574136641,0.019979706118928565,0.007310983958744884,0,0,500000,197,903227150,142066.4,149167.28,47
1974,1877,1,2.0,120,1020,0.6802135416666666,-0.18812760416666666,-2.2848333333333333,-0.385578125,-1.8407447916666668,-0.10253645833333333,-0.3273098958333333,-0.4204947916666667,-1.7208333333333332,-0.1173515625,0,0,0.0021452555872883625,0.002862663744599238,0.0077625368126009,0.007276090348744509,0.01972056795226228,0.003068276288547621,0.012799930369355544,0.009238285516278267,0.004427351880869433,0.007800167381412259,0,0,146000,1662,527377110,165624.42,183577.78,47
1940,1134,0,1.0,100,1500,0.8910651041666666,-0.7495755208333333,-2.0936119791666665,-0.3533072916666667,-3.9517526041666664,-0.051893229166666666,-0.8233932291666666,-1.9774817708333332,-1.5889817708333334,-0.10835677083333332,0,0,0.0034406306716328315,0.001070695204705627,0.005347050375139296,0.0050326630534866445,0.020437373470406806,0.004317587080021667,0.009496129790073601,0.010546527911438229,0.0098412399236563,0.004932920908735293,0,0,245000,2047,904301110,107128.59,109019.836,47
2003,1792,1,3.0,180,420,2.3125572916666663,-0.9947135416666666,-3.8606822916666665,6.7603359375,8.800455729166666,3.8815104166666665,7.952690104166667,4.46590625,-2.8293802083333337,7.061559895833333,0,0,8.892327738169459e-05,0.00035141542670655805,0.010557700729074618,0.0031256584425678508,0.009507523399651387,0.000668826115277931,0.011298314252090364,0.00809457390059687,0.0064860437055058165,0.007963382299915785,0,0,168500,2400,528164040,354206.25,265591.75,47
1966,1040,0,1.0,100,1180,1.0568463541666668,-0.12139322916666667,2.4476197916666664,-0.42259895833333333,-4.726778645833333,-0.14598697916666667,0.0175546875,-1.023125,2.1656979166666663,-0.13333072916666666,0,0,0.0018947531309094498,0.002058629391720011,0.003629302984777287,0.0065420574103204655,0.01998616239773597,0.0028046921255751164,0.013651878721103926,0.009739712944820495,0.004064831378355481,0.009190253434528065,0,0,253000,2054,905103110,125382.13,132021.61,47
1974,894,0,2.0,100,1020,-0.6961901041666666,-0.43189973958333333,-4.550756510416667,-0.27887890625,-3.1192513020833337,-1.2121080729166667,-1.2243723958333332,-5.289009114583333,-3.5520559895833337,-0.07806380208333333,0,0,0.0013455959726116652,0.0009798931039766239,0.017958827805171156,0.0033662966465798387,0.018156815128567767,0.0017572600800784424,0.018951134661358737,0.039583738292278306,0.028237283076496405,0.013715379528035603,0,0,234500,2135,907200130,128897.43,121568.0,47
1971,1696,2,2.0,140,1080,0.7043567708333334,0.1695390625,-6.8509609375,-0.4198385416666667,1.5308333333333333,2.3997395833333335,5.934778645833333,-1.8517317708333332,-5.744828125,-0.1262578125,0,0,0.0017851143435845015,0.002121729250399149,0.01834171288774444,0.0065420574103204655,0.009674928060319834,0.0021033799646648643,0.017433172783660102,0.010546768594646741,0.021328226665085753,0.007143635959935838,0,0,135000,2229,909475050,199991.45,201570.0,48
1924,1310,0,1.0,120,1500,-2.1280494791666666,-0.68765625,2.2232864583333334,-3.5608385416666666,-1.8325833333333332,1.4355755208333332,-5.078151041666667,0.915125,1.8608515625,-1.3589479166666667,0,0,0.005646213114957002,0.0030593745113119586,0.003926361813429654,0.016872990329750995,0.01972056795226228,0.0038662414738953837,0.027065646700397267,0.007281848460878418,0.0026773199922067357,0.008290677729620971,0,0,102900,2595,535355100,115636.61,114953.14,48
1998,1502,1,1.0,140,540,1.8015807291666668,-1.0205494791666667,-9.296359375,5.91140625,7.695341145833333,3.2563072916666664,7.142328125,1.298484375,-7.395802083333333,5.948809895833333,0,0,0.00019662318464860827,-5.782411586589357e-19,0.020882949470899397,0.004295808996644512,0.012727991605582176,0.00037239991717835484,0.01491553890053654,0.005168604345728707,0.011630211330511786,0.010106774669039722,0,0,123000,2257,916253320,199621.6,193586.94,48
1922,2068,1,1.0,140,400,0.34320833333333334,-0.53904296875,-4.121509114583333,-2.3429231770833336,-2.8250299479166667,-1.8811861979166666,-4.097151041666667,1.6345286458333332,-4.249322916666667,-1.10790625,0,0,0.0010774311119681388,0.0007431498587043666,0.015413929917085461,0.00655541483125737,0.01678997156442613,0.004978921538311656,0.020809289223150538,0.008599920514989139,0.008076443784278856,0.007089967213383338,0,0,214000,193,903206120,173595.25,146003.11,48
1915,1416,1,3.0,100,1500,1.9546953125,-1.0278385416666667,-3.2632578125,-0.5506901041666666,7.438622395833333,3.280859375,6.5094375,2.752734375,-2.3159088541666666,-0.15792447916666666,0,0,0.0004492665915407287,3.556650610883038e-05,0.007494974000004214,0.005609526920813516,0.011235395935296006,0.001143081448791356,0.011995411308880021,0.0057516341520889285,0.005001328693693782,0.003340117487943749,0,0,269500,1309,902300215,163588.88,167113.14,48
2004,2224,1,3.0,180,400,0.9677239583333334,0.7762942708333334,2.4382552083333335,-3.9051354166666665,-2.0097734375,-0.2617161458333333,-1.7599375,-2.3600364583333335,1.8410885416666667,-1.3445520833333333,0,0,0.001957006077438579,0.0013832106090584141,0.003629302984777287,0.01070374760609586,0.014600413011879436,0.0028046921255751164,0.01513591545603656,0.012055657569497913,0.0026773199922067357,0.008290677729620971,0,0,230000,443,528142040,368382.25,301292.28,48
1923,1635,1,2.0,120,1500,-0.81169140625,-0.07240104166666667,-4.711759114583333,-2.67845703125,-3.2296080729166663,1.43156640625,-3.9173984375,-0.18430729166666665,-3.8656640625,-1.0078815104166667,0,0,0.001390395865338925,0.000890321352066999,0.018344533771358387,0.012862407636301311,0.02136421435755717,0.0016970999234602719,0.021945658388444523,0.006585811997836483,0.01778726590992111,0.008701800396333646,0,0,340000,2009,903206170,141931.94,147153.97,48
1977,1040,0,2.0,100,340,1.6610885416666668,0.045625,-2.855515625,-0.4818854166666667,1.7570651041666667,2.6095494791666667,5.051791666666667,-1.113765625,-2.0245182291666666,-0.1380546875,0,0,0.002235869398214426,0.0027530677083085313,0.009309154398779083,0.007749568922648997,0.013980712872967429,0.0027071215839658412,0.01607725078795306,0.006768561973476282,0.005545571962604495,0.008192861684660591,0,0,95000,856,907202050,147425.92,131802.22,48
2001,2035,1,2.0,140,480,-3.776078125,-0.5305729166666666,-2.2233255208333333,-0.3751953125,1.3680651041666667,0.5493255208333334,-5.20578125,2.2078541666666665,-1.6085208333333332,-0.1096875,0,0,0.007952342200563282,0.0022879474297204726,0.006446460138497081,0.006776645578465421,0.01272103096070706,0.004088636425243115,0.02915955103493269,0.006191398699839014,0.0098412399236563,0.0045582382284893985,0,0,212000,59,528292020,224426.47,254737.16,48
1976,1664,1,2.0,140,980,0.7056744791666666,0.18335416666666665,-6.4116328125,4.077057291666667,-1.8757760416666667,-1.1898723958333333,-1.0133932291666665,-0.8238984375,-5.446177083333333,4.380630208333333,0,0,0.0017701636595814857,0.0007487705370079028,0.016129755828978153,0.010250597222393923,0.017089411631836485,0.003980466196218628,0.014111586700441641,0.009336526011401145,0.025335348629152498,0.00799961537548197,0,0,197900,2357,527376110,170951.67,176391.38,48
1976,1437,1,2.0,100,420,-2.6340807291666666,-0.2101796875,-4.363408854166667,-0.26739583333333333,-1.2765546875,-1.9915989583333333,-5.003401041666667,-2.3968138020833334,-3.3128489583333334,-0.07280729166666668,0,0,0.006186786215383789,0.0014352306494748346,0.017180448080136107,0.004759114578918007,0.014820951818753005,0.004885895745896648,0.032814922164941786,0.020193796427106822,0.019510471914739258,0.006277703419486037,0,0,196000,1857,533252130,167396.42,162533.92,48
1910,1484,0,1.0,80,1500,-0.20642708333333334,-0.6690104166666666,-5.145645833333333,-2.9251067708333336,-1.5054010416666668,1.7076341145833334,-0.8558489583333334,-1.6704635416666667,-4.164950520833333,-1.0859166666666666,0,0,0.00566829556664411,0.0050138435805393445,0.02382817373062853,0.01627804248663453,0.019262288735628602,0.0035220445876792436,0.009749003781761896,0.00868966585266036,0.007200161818250683,0.008402598325699423,0,0,275500,2044,903484080,84080.74,113340.64,48
1968,976,1,2.0,120,420,0.14095052083333334,-0.5586796875,-6.446901041666667,-0.3950755208333333,1.4405494791666666,1.7520052083333333,4.5165859375,2.6283671875,-6.19421875,-0.1361328125,0,0,0.0016127357793116002,0.0007536232226125681,0.016129755828978153,0.005606053555766921,0.012815627190790711,0.0031466790767064835,0.015202600155415006,0.009395318703501552,0.014074989194775843,0.008192861684660591,0,0,156500,2535,534201260,188142.27,138547.86,49
1971,1587,1,2.0,120,1080,-1.1520338541666668,-0.074453125,-4.229408854166667,-2.4042591145833336,-1.2373502604166668,-1.9304348958333333,-4.146658854166667,-0.6484869791666666,-3.7111770833333333,-0.9675989583333334,0,0,0.004257214646763425,0.0007431498587043666,0.01609065784377508,0.011384829525075633,0.014624074053337585,0.00605051196338984,0.034209106149021486,0.015559655206430736,0.03585312101653861,0.02034762840540396,0,0,76500,1612,526352080,154859.64,164919.88,49
1957,936,0,1.0,120,520,-1.01428125,0.5396302083333334,-4.40136328125,-2.5020091145833336,-1.28765625,-2.008920572916667,-4.103375,-1.0697018229166668,-3.61965625,-0.94373828125,0,0,0.004459481692770148,0.0016170642867681872,0.017168322844527444,0.01158221734127664,0.01528439758056811,0.005197456825891069,0.030948963141830207,0.016393166381327137,0.028237283076496405,0.018252089979381766,0,0,174000,1917,535151020,141798.4,112454.11,49
1961,1453,1,2.0,120,1280,-0.3563046875,-0.6074986979166667,-4.6725065104166665,-0.2863411458333333,-3.2027018229166666,-0.85366796875,-1.1085260416666667,-2.6242083333333337,-4.132674479166667,-0.09082552083333333,0,0,0.0015055359574973803,0.001017690970120805,0.018344533771358387,0.007552555139392669,0.021802339103951796,0.0018729718699346124,0.009461996374559772,0.01015528709960938,0.007200161818250683,0.0051298781801900695,0,0,144000,624,535104120,171132.89,158280.5,49
1950,1640,1,2.0,100,1500,-2.2768359375,-0.0787734375,-4.474822916666667,-0.27422526041666667,-1.3091484375,-2.0424505208333334,-3.8931393229166664,-0.596640625,-3.99058984375,-0.087703125,0,0,0.006717344203384837,0.0018057713878349554,0.017168322844527444,0.004984181229096349,0.015648225336232988,0.005767849621639279,0.021619628219335107,0.00994163584686125,0.019979706118928565,0.007310983958744884,0,0,92900,2701,904100170,140502.38,156769.98,49
1978,1386,1,2.0,120,940,-0.3160572916666667,0.6860859375,-2.2047473958333335,-0.3720625,-1.7762265625,-1.0006875,-1.2413046875,-2.1959010416666667,-1.5463958333333332,-0.105453125,0,0,0.0021452555872883625,0.0019017186913309978,0.007239415205898504,0.006776645578465421,0.012374569940584659,0.0032173450318425446,0.009534395635874894,0.009468421670537328,0.0023702146193257056,0.004932920908735293,0,0,180000,228,905107320,167261.1,162099.4,49
1996,2344,1,3.0,140,560,1.8633177083333332,1.677,-3.4915572916666666,-0.5892135416666666,7.959059895833333,3.8819010416666666,8.113739583333333,8.538872395833334,-2.7077161458333334,-0.18464583333333334,0,0,0.00010822086888013308,2.8453204887063956e-05,0.007337494470032486,0.008875475701999034,0.010059837898311913,0.00037239991717835484,0.013726060809628602,0.01372508429317378,0.0064860437055058165,0.002849419257980371,0,0,178900,500,528354050,260382.95,315400.4,49
1924,1032,0,1.0,120,1500,0.560375,1.2137526041666666,-2.5271119791666665,-3.9559713541666666,1.5549713541666668,1.5322369791666668,-4.753846354166667,5.637971354166667,-1.8031223958333333,-1.4587421875,0,0,0.0020106216166848575,0.0037325438709624455,0.011723333573555938,0.010236866448387722,0.011586082768633547,0.0028560869870124512,0.029993602836699572,0.01065917760339676,0.012717734218015246,0.01129620269546245,0,0,78500,2646,902110130,112863.13,109306.02,49
2000,1630,1,2.0,140,480,1.3791223958333332,0.4382083333333333,-2.5842604166666665,-0.4361067708333333,-2.0819739583333337,2.4927291666666664,6.315205729166667,-1.0755338541666668,-2.1075052083333334,-0.14371614583333334,0,0,0.0020468458189760643,0.0014305023290608037,0.011723333573555938,0.009208031898806007,0.017530566958302483,0.0031189863602910143,0.01788768405663243,0.005249640236958231,0.0036745444442460875,0.002702550206080529,0,0,114900,877,907290090,207558.56,205626.58,49
1998,1976,1,3.0,160,540,0.9434036458333334,1.0621536458333332,-3.3321692708333335,-0.5623203125,7.595723958333333,3.2141484375,8.093669270833333,5.0433515625,-2.5249322916666666,-0.17218229166666665,0,0,0.00014530872554260424,0.00015649262687885668,0.007337494470032486,0.005609526920813516,0.012727991605582176,0.0009830526692587824,0.022577649763734067,0.012323890133652966,0.006325380146167634,0.006042308918682284,0,0,145100,2444,528315070,309576.22,274224.34,49
1955,1150,0,1.0,100,1400,-1.2545546875,-0.9252682291666666,-1.8875989583333332,-2.9548723958333336,1.161484375,-2.3725338541666665,-6.1656953125,2.3552734375,-1.4901067708333333,-1.2055078125,0,0,0.007119680716604251,0.0051298170959299455,0.010932338407620085,0.014201312981849266,0.013034594696594551,0.009543454212326379,0.03086817082527506,0.007878264407432285,0.0033598892818161516,0.008871721293957732,0,0,167800,1907,534476080,121898.17,120928.56,49
1970,1002,0,2.0,100,1100,0.6304713541666667,-0.09275520833333332,-2.1920989583333337,-0.3699296875,-1.7660390625,-1.3338697916666666,-1.2727708333333332,-0.078609375,-1.683234375,-0.11478645833333333,0,0,0.0024777626448852274,0.000848973076564642,0.007239415205898504,0.006776645578465421,0.012374569940584659,0.003068276288547621,0.014616304437028736,0.008236417703879692,0.007779961121664579,0.006583993903806191,0,0,151000,394,527402220,129888.81,125794.51,49
1930,1108,1,1.0,140,1500,0.7673020833333334,-0.6161614583333334,-1.7209557291666668,-2.6939973958333336,-3.24834375,-2.163078125,-3.4440833333333334,-1.8721432291666666,-1.3393645833333332,-1.0835546875,0,0,0.0022752460504878915,0.00032624874999698006,0.006765643930263411,0.01062462906547638,0.01865989326080182,0.00445489527233498,0.017372481801501215,0.009264325930801986,0.009611557779537306,0.008402598325699423,0,0,248000,2032,903451110,132612.42,115942.16,50
2005,1274,0,2.0,140,360,0.22962239583333335,1.1641953125,-2.3051432291666667,-0.3890052083333333,-4.351020833333333,1.4547890625,-2.5567916666666664,4.3606171875,-1.903265625,-0.1297890625,0,0,0.0015739949699679287,0.0024536568198664827,0.006983128676100345,0.005606053555766921,0.01927485044914893,0.00355257862903637,0.01543625002952285,0.014371309064287397,0.00717602352794963,0.007180816356578521,0,0,310000,2105,906380120,188427.42,180600.39,50
1996,2032,0,3.0,140,560,0.8932135416666667,0.3295442708333333,-2.3025703125,-3.60446875,-1.8550364583333332,2.3003645833333333,-1.4717395833333333,-3.1299270833333335,-1.3898151041666666,-1.1243697916666668,0,0,0.002522916610234204,0.0009567623528434309,0.006983128676100345,0.011662961894942371,0.017089411631836485,0.0045091464002213,0.011405957301741279,0.012669323730555368,0.00556075761536339,0.007793622723937061,0,0,197500,1564,914453045,250789.27,252994.73,50
1950,1067,0,2.0,80,600,-0.01718489583333333,-0.17724479166666665,2.104015625,-3.3698125,-4.063221354166666,-0.38548958333333333,-1.36490625,-0.4434453125,2.0102994791666666,-1.4681302083333332,0,0,0.0030488743181307978,0.0016825210359659852,0.0038799050837197277,0.011398757622768919,0.02522922595151758,0.0043569692563167756,0.013345842902459307,0.00840189113774696,0.006529393246408595,0.007413738021934738,0,0,355000,232,905202090,124702.65,118238.61,50
1997,1692,1,2.0,140,540,1.2229583333333331,0.16822135416666667,-6.797541666666667,-0.41656770833333334,1.5188984375,1.6486666666666667,2.7670494791666664,-1.3048385416666668,-5.191473958333333,-0.11409375,0,0,0.0017668197012152764,0.001811311429903515,0.01825762928704409,0.0037065973090448763,0.009674928060319834,0.0025241632664362566,0.009365783038668047,0.010646475678620516,0.026754954619460165,0.005037082347897363,0,0,204500,258,907180050,211544.94,215421.66,50
1958,1056,0,1.0,100,660,-7.574682291666667,0.10177083333333332,5.294682291666667,9.485796875,28.273296875,3.9555625,-13.842552083333334,20.849661458333333,3.5341458333333335,7.962364583333333,0,0,0.0,0.0,0.0,0.0005755448484721223,0.01579343956499503,0.0,0.020559394274060852,0.03842900322021485,0.0048656969120036584,0.004722348300731725,0,0,175900,1920,535152060,124395.37,127680.1,50
1970,1092,0,0.0,80,1100,-0.5784661458333333,-0.4672578125,2.6924921875,-0.4648802083333333,1.6950651041666667,-1.3859505208333334,-1.7216458333333333,2.41034375,2.2914973958333333,-0.141046875,0,0,0.0025146167645794817,0.0014334064967120388,0.0026291193103353955,0.00742216199677854,0.011397837030818769,0.006542004491895117,0.009116808992526673,0.007370713196521619,0.003541249242885986,0.005792577937586855,0,0,195000,2288,923228220,87054.16,93407.32,50
2003,848,0,2.0,120,420,0.7104140625,0.4378958333333333,-6.909848958333333,-0.4234479166666667,1.5439947916666668,2.4203671875,6.635434895833333,1.649609375,-6.423049479166667,-0.14116145833333335,0,0,0.002432390364179386,0.002413619933520847,0.013721372929939118,0.006630203163574836,0.009135261528026118,0.0034978693892972292,0.015447971234773133,0.007150005282701044,0.015396235644453528,0.005792577937586855,0,0,94000,878,907290180,161362.45,142807.55,50
1965,1039,0,2.0,100,1200,0.25564583333333335,-0.718453125,-5.525921875,-0.338640625,-1.61665625,0.5908359375,2.142875,-3.3193932291666663,-4.710877604166667,-0.10353385416666668,0,0,0.0023883342149899297,0.0015104167760879074,0.017131489323968185,0.007468688581181541,0.015711887074991097,0.0038908229077918985,0.010037065150675062,0.01938624229119587,0.021339139275458125,0.0037986402053963165,0,0,160000,219,905102060,137886.81,137396.8,50
1995,1200,0,2.0,120,600,1.3492734375,1.506375,3.0985520833333333,-0.5349895833333334,1.950703125,-0.07857552083333333,-1.1818776041666668,5.227489583333333,2.5266822916666665,-0.15552083333333333,0,0,0.0006516052636968082,-5.782411586589357e-19,0.0025140545916841656,0.009826678124433174,0.00920917468013787,0.0026478225325881222,0.008805476890974356,0.009224883147099874,0.0030002405173026004,0.003375972223121164,0,0,291000,2122,907130060,177936.98,163790.88,50
1910,1363,0,2.0,80,1500,-2.77787109375,0.5199973958333334,-1.6710221354166668,-2.6158372395833336,-1.3462408854166668,-2.1003138020833334,-5.628365885416667,-1.70548046875,-1.2010221354166668,-0.9716341145833334,0,0,0.004938372624921017,0.0011517313832621133,0.0024638073013950046,0.00787793806676534,0.012945752121573515,0.004908367343392093,0.053685808036275796,0.02277481844805919,0.017560492097715867,0.02034762840540396,0,0,275000,189,902402130,91707.83,111980.445,50
1920,861,0,2.0,80,1500,0.8022005208333334,-0.6956197916666667,-1.8848255208333333,-2.9505286458333333,-3.5576614583333335,-0.04671875,-0.7232734375,-3.8647682291666667,-1.3957786458333332,-1.1291953125,0,0,0.002537133325288639,0.004024373572376073,0.010932338407620085,0.014201312981849266,0.023801426625596176,0.00582220414045371,0.00762771501916204,0.015909354945269467,0.00556075761536339,0.007793622723937061,0,0,119000,708,902204080,90869.53,95657.805,50
1988,2183,0,3.0,140,740,-0.3183138020833333,-0.49102734375,-4.639809895833333,-0.2843359375,-3.1802942708333335,-1.1543463541666668,-1.2909596354166668,-3.5375625,-3.902921875,-0.08577604166666668,0,0,0.0013416439304026093,0.0010135580744389445,0.018344533771358387,0.005459425892986253,0.021802339103951796,0.0021526525823392273,0.012838568415709519,0.01569683256161238,0.012336766103369553,0.011426261678975442,0,0,162000,2344,527302080,224302.78,261307.84,51
1994,1540,0,2.0,140,620,1.5592916666666667,1.862109375,-5.507520833333333,9.64409375,28.745119791666667,5.312458333333333,14.384729166666666,29.7687109375,-4.487505208333333,11.200020833333333,0,0,0.0,0.0,0.0,0.0005755448484721223,0.01579343956499503,0.0,-2.0631890145502856e-05,0.015859316040426754,0.0,-0.0005641007329919771,0,0,132000,550,531452260,194052.17,187644.84,51
2006,1565,0,2.0,160,360,-3.348953125,-0.4352096354166667,-4.585690104166667,-2.6067994791666664,-1.3415833333333333,1.85142578125,-3.51403515625,-4.380220052083333,-2.94172265625,-0.7669830729166667,0,0,0.008379029214988423,0.0009370017147804126,0.018344533771358387,0.00787793806676534,0.012945752121573515,0.003634706439744791,0.04183815383836764,0.06763254530008012,0.03967009374899449,0.02271970610380116,0,0,233170,1837,533206070,207926.08,204208.39,51
1961,888,0,1.0,100,1280,-2.9935572916666664,-0.1225546875,-4.099049479166667,-2.3301588541666667,-2.8096432291666664,0.8114635416666667,-4.459549479166667,-0.2939947916666667,-3.7332421875,-0.97335546875,0,0,0.007993921708566644,-1.1564823173178713e-18,0.015413929917085461,0.00655541483125737,0.01726252947400144,0.0019956158256424824,0.039462684779915116,0.01630759109610439,0.03585312101653861,0.02034762840540396,0,0,257500,1954,535402180,120593.77,116192.875,51
2008,2046,1,3.0,160,340,-0.4527109375,-0.8579427083333334,2.3421302083333333,-0.404390625,-1.930546875,-1.6417291666666667,-1.8058984375,-2.1897447916666666,1.9491770833333333,-0.12,0,0,0.0031468588950295307,0.0029175477222892067,0.004659448589924985,0.006215299796217099,0.016366689145350014,0.004317284021381353,0.016375974368668268,0.01480491627140099,0.0029190790060286726,0.007800167381412259,0,0,190000,368,527254020,301584.94,340728.1,51
1925,864,0,0.0,100,1500,0.7915833333333334,-0.5858098958333333,-5.121645833333333,-0.31386458333333334,-3.5105598958333335,-0.046096354166666666,-0.8179088541666666,0.8697526041666667,-4.8976328125,-0.10763541666666668,0,0,0.002344591051803846,0.0035077622097328225,0.02382817373062853,0.008723448537270681,0.025218210978678775,0.005938500133832756,0.009545745080833081,0.004996068030888263,0.019448130637122245,0.004932920908735293,0,0,260000,1514,909100170,91257.91,86859.36,51
1958,988,0,1.0,100,1340,0.2611875,0.816421875,2.5627552083333334,-0.4424791666666667,-2.112390625,-1.3191692708333334,-3.664015625,13.870317708333333,3.0214739583333334,-0.18597916666666667,0,0,0.0008111009300028193,0.0006683208481137447,0.002685425544818814,0.008153296341508012,0.015065495157136047,0.0044357696381614325,0.02306597741781616,0.02964048936474493,0.0030622657581718302,0.004587399702074003,0,0,127500,152,535304060,126737.0,120406.45,51
1951,1422,1,1.0,100,1480,-1.4083411458333333,0.34108463541666667,-3.93399609375,-2.236328125,-2.6965,-1.7956002604166668,-3.6880859375,-2.8636822916666667,-3.2771614583333335,-0.8544427083333334,0,0,0.005918257973593034,0.0009443776327598719,0.013060936425234202,0.008307162014674657,0.020054216487477794,0.007337567969895804,0.02216636351093096,0.02001284384406885,0.019510471914739258,0.01037108616718082,0,0,133000,2699,904100030,134824.53,142631.97,51
1963,984,1,1.0,100,1240,1.2538046875,0.7932291666666667,-6.469776041666667,-0.3964765625,-1.8927890625,2.6120833333333335,5.188591145833333,-3.2671197916666666,-5.372723958333333,-0.118078125,0,0,0.0018437806264577398,0.0009151639896763254,0.016129755828978153,0.005606053555766921,0.017324610073328677,0.004342752947552877,0.014448391322361188,0.01817234337111698,0.025335348629152498,0.007800167381412259,0,0,144000,1150,532351050,143216.84,133267.5,51
1964,1425,1,2.0,120,1220,-0.2651979166666667,0.8248177083333333,-2.311171875,-0.3900208333333333,-4.3623984375,2.323640625,-1.2124947916666668,-1.6696354166666667,-1.5829244791666668,-0.1079453125,0,0,0.0016980915190485733,0.0019939434179059128,0.006983128676100345,0.005606053555766921,0.01927485044914893,0.004425949673887088,0.009733074926665093,0.00970328512519254,0.004629589552420654,0.004932920908735293,0,0,100000,1209,534400060,170519.36,169918.4,51
1961,864,0,1.0,100,1280,2.5987552083333334,-0.018817708333333332,-4.869661458333333,8.527135416666667,21.02173697916667,4.697182291666667,12.405994791666666,24.87904166666667,-4.140078125,10.332885416666667,0,0,5.755448484721232e-05,0.0,0.0,0.0021123438251593094,0.01579343956499503,0.0006330993333193343,0.0013008906345326602,0.019704172525009337,0.0,0.0017817476568601682,0,0,154300,558,532354230,119499.984,116217.03,51
1940,1308,2,1.0,100,1500,1.9542369791666667,0.56965625,-3.3594479166666664,-0.5669244791666667,7.6578984375,3.0700729166666667,5.063955729166667,-1.0356744791666668,-2.029395833333333,-0.138390625,0,0,0.00027315177954230496,9.24729158829606e-05,0.007337494470032486,0.005609526920813516,0.012727991605582176,0.00037239991717835484,0.015289681302646555,0.006768561973476282,0.0043010836094444236,0.008192861684660591,0,0,137250,922,909276200,139518.03,150851.38,51
1999,2312,1,3.0,140,520,2.3718515625,0.22147916666666664,-2.7066223958333335,-0.4567578125,-2.1805572916666667,3.36628125,4.274494791666667,1.6928411458333332,-2.12709375,-0.14505208333333333,0,0,0.0012942929021248692,0.00017357952247777698,0.009276162770996986,0.006401067100514682,0.014692265287939665,0.002456103534849939,0.010919074988435466,0.004500348579730007,0.0036745444442460875,0.004928486727267857,0,0,143000,491,528292030,248131.66,310403.1,52
1960,1377,2,1.0,100,1300,-0.2608203125,0.32469010416666666,-2.2729895833333336,-0.3835807291666667,-1.8312057291666668,0.18077083333333335,-1.8940026041666667,12.582338541666665,-2.4726536458333337,-0.16861979166666666,0,0,0.0036387790066881665,0.0016660659439214495,0.0077625368126009,0.007276090348744509,0.01972056795226228,0.0037735597082858637,0.007223751390522478,0.02685648356185696,0.003726463768100802,0.006495160663252173,0,0,156000,1967,535457020,165262.8,175802.92,52
1920,1513,0,1.0,100,420,0.3092916666666667,0.24348958333333334,-1.7907161458333332,-2.8032057291666663,-3.3800260416666665,-1.687921875,-4.375049479166667,0.9083255208333334,-1.4840338541666667,-1.2005807291666668,0,0,0.001142899079936581,0.00029897980650246794,0.008768415020792343,0.016718927307192575,0.021698047822441537,0.005746131112988024,0.023287718267339146,0.006593697833129125,0.0033598892818161516,0.008871721293957732,0,0,260000,2018,903233050,118338.445,117692.64,52
2005,1456,1,2.0,140,400,0.26123697916666666,0.04190885416666666,2.5632760416666667,-0.4425677083333333,-2.1128255208333333,-0.5058489583333333,-2.4292135416666665,-0.8538489583333334,2.0032135416666668,-0.12329947916666667,0,0,0.0008111009300028193,0.0002937499611162387,0.002685425544818814,0.008153296341508012,0.015065495157136047,0.001554192292776892,0.014496588585405945,0.008978870217928404,0.006529393246408595,0.006655800020001394,0,0,243500,465,528218090,220542.86,202554.52,52
1920,936,1,0.0,100,1500,-1.6179622395833333,-0.39577734375,-4.170135416666667,-0.25555208333333335,-2.858359375,-1.9033802083333333,-3.4972434895833335,-4.633451822916667,-3.11177734375,-0.06838932291666668,0,0,0.005009174043563678,0.0011147247880565505,0.015413929917085461,0.008625133364094194,0.01678997156442613,0.0055943442931790386,0.06232885563491181,0.07149115718618457,0.04931948349025746,0.02271970610380116,0,0,376162,172,902106130,101602.93,90742.234,52
1967,1830,2,2.0,140,1160,0.57103125,0.4771328125,-5.467419270833333,-0.3350546875,-1.5995390625,-1.2081119791666668,-1.0274661458333332,-2.301359375,-4.216268229166667,-0.0926640625,0,0,0.0028043017950108596,0.00343221628641763,0.017131489323968185,0.008580659899146238,0.014479200230313962,0.00465106228495535,0.008864413881434306,0.010405481328257417,0.008076443784278856,0.006490976375443576,0,0,115000,2726,905202190,238687.34,219215.72,52
1918,838,0,1.0,120,500,0.9752447916666667,-0.18866927083333335,-6.309973958333333,-0.3866875,1.409953125,-0.056796875,-0.7743151041666666,-0.4777942708333333,-4.636604166666667,-0.1018984375,0,0,0.002437180952802012,0.0007487705370079028,0.015793758055417877,0.006735773188560374,0.014171290750142855,0.0026313590511964843,0.010264091792211261,0.006550160189319642,0.02204081516067284,0.003780065435764107,0,0,85500,1356,903425420,129700.54,91669.0,52
1997,1682,1,2.0,160,560,1.2208072916666668,1.012421875,-2.856953125,-0.48212760416666667,1.757953125,2.1406354166666666,4.5891640625,9.545177083333334,-2.5841588541666667,-0.17622135416666665,0,0,0.0015988495720538958,0.0011774251077604945,0.009309154398779083,0.007749568922648997,0.013980712872967429,0.001591950483237867,0.011539846886437366,0.02181759785803245,0.006325380146167634,0.0048002462022654615,0,0,178000,1001,527131110,253381.8,214365.81,52
1996,1992,2,2.0,140,460,-1.8775520833333332,0.6430208333333334,1.8614973958333332,-2.981390625,-3.594875,-2.3938255208333334,-5.249942708333333,-1.2851432291666667,1.6654895833333332,-1.21628125,0,0,0.008801126433695608,0.001422275249408569,0.0035122424561534324,0.014201312981849266,0.02442334067623262,0.010815620961087413,0.02825161965775122,0.008752381989109572,0.005056554201894312,0.008871721293957732,0,0,193000,2154,907280090,275775.88,270654.75,52
2006,1740,0,3.0,140,380,1.3742890625,-0.47609114583333334,-6.885255208333333,-0.42194010416666666,1.5385,2.5137942708333334,5.644307291666667,3.7414296875,-6.5797578125,-0.14460677083333334,0,0,0.001526237165976508,0.0022435492340474542,0.01834171288774444,0.0065420574103204655,0.009674928060319834,0.0021033799646648643,0.016000721288693013,0.007810994535223182,0.011579658854533253,0.004928486727267857,0,0,130000,2384,528112010,216041.34,254665.27,52
2000,1664,1,2.0,120,500,0.17396614583333334,1.3729895833333332,-2.8894921875,-0.4876119791666667,1.7779765625,3.2125182291666663,5.4352265625,5.505861979166667,-2.402328125,-0.1638203125,0,0,0.006123490239434911,0.0011368242419756503,0.009309154398779083,0.007749568922648997,0.013980712872967429,0.00249494093422802,0.012149993638351436,0.009569215196634394,0.004198024594202116,0.004504395568828022,0,0,110000,2437,528275060,180401.56,214753.16,52
1994,1097,0,2.0,100,600,1.5173776041666667,-0.1203125,-2.8433177083333336,-0.4798255208333333,1.7495598958333332,2.7426145833333333,6.504859375,-0.06169010416666666,-2.1707786458333334,-0.14803385416666665,0,0,0.0019830878826917597,0.0027530677083085313,0.009309154398779083,0.007749568922648997,0.013980712872967429,0.002484436873936224,0.01598675917680505,0.005249640236958231,0.003937551283914157,0.004928486727267857,0,0,173000,841,907135040,156936.02,150807.94,52
2003,1944,3,3.0,180,420,1.8249505208333332,-0.14048958333333333,-3.320203125,-0.5603046875,7.5684453125,3.3381223958333335,5.626817708333333,-0.09872395833333333,-2.1139765625,-0.14415625,0,0,0.00037102027810129976,4.9793108552362644e-05,0.007337494470032486,0.005609526920813516,0.012727991605582176,0.001068905735466413,0.01598675917680505,0.005443154624984572,0.0036745444442460875,0.002702550206080529,0,0,117500,2396,528142110,439106.16,319530.88,53
2004,1630,1,2.0,140,400,2.7382578125,1.4503255208333332,-3.1247473958333334,-0.5273177083333334,1.9227317708333334,3.8863072916666663,5.184635416666667,8.947807291666667,-2.5800260416666667,-0.17594010416666667,0,0,0.0012941998156651355,0.00045178494049820785,0.003682203488227068,0.004002579074934651,0.009689576198120265,0.002762819864139191,0.01215679400334022,0.019342500099532683,0.006325380146167634,0.0048002462022654615,0,0,196500,478,528240030,203359.11,209274.86,53
1982,858,0,2.0,100,860,2.1682447916666665,1.354765625,-4.0629375,7.114510416666667,9.261515625,4.517151041666667,9.609296875,9.928802083333334,-3.20678125,8.003533854166667,0,0,0.000713497402927624,0.0007028308534131161,0.010557700729074618,0.001857345112911659,0.007222821387542948,0.00039408162476458773,0.014200745785099198,0.01581022729683604,0.013820501166413797,0.004722348300731725,0,0,209500,775,905108190,135776.53,129913.96,53
1979,943,2,2.0,100,920,-1.85443359375,0.16170833333333334,-1.1892682291666667,-3.4012421875,-5.375434895833333,-1.4947955729166666,-6.233623697916667,-0.5557669270833334,-1.010234375,-3.6662109375,0,0,0.025285331800979652,0.0,0.01704433106729973,0.039609786894682066,0.06559054907193766,0.016335604298404766,0.0946272568709416,0.026883306050848724,0.04883862842700108,0.06183834944571387,0,0,126000,2582,535301010,177025.36,157208.34,53
1996,2122,1,2.0,140,560,2.7807265625,-0.5391822916666666,-2.8316276041666666,-0.4778515625,1.7423645833333332,1.7168880208333333,5.465466145833333,4.10721875,-2.3278385416666665,-0.15873958333333335,0,0,0.002414417977596946,0.004066752472520304,0.009204783619171193,0.007749568922648997,0.013980712872967429,0.0018041311329756878,0.013689461852352383,0.00922802514649272,0.00562391571589006,0.003216327499052958,0,0,76500,544,531379050,229490.4,242481.27,53
1995,1470,1,2.0,120,580,1.36909375,-1.1261901041666667,-2.3960598958333335,-0.40434895833333334,-1.9303567708333333,1.5121666666666667,4.522942708333333,3.4938229166666663,-2.240828125,-0.15280729166666665,0,0,0.0015739949699679287,0.0038695447911180508,0.005853409043306893,0.006215299796217099,0.016366689145350014,0.00380796094378281,0.011501345984937118,0.006119649063804093,0.005413148745762037,0.003375972223121164,0,0,114000,994,527106050,194582.92,190004.0,53
1972,630,0,0.0,80,1060,-0.3780364583333333,0.6755989583333334,-2.00103125,-0.33768489583333333,-3.777,-1.3709322916666666,-1.5794244791666667,-1.9621276041666667,-1.5389088541666667,-0.10494010416666667,0,0,0.0027717855037215646,0.00343221628641763,0.008160915281986312,0.007468688581181541,0.017357836586641293,0.00491851787471016,0.009496129790073601,0.008857164289163489,0.0023702146193257056,0.004932920908735293,0,0,133000,331,923226320,84224.48,68977.77,53
2005,1166,0,2.0,140,400,0.8255442708333334,0.5088671875,-8.029658854166668,-0.4920703125,6.646794270833333,2.8126171875,6.595786458333333,1.451484375,-6.384674479166667,-0.1403203125,0,0,0.0035956750842082497,0.004066752472520304,0.031840564051973885,0.007738764285375943,0.012763609288157599,0.001591950483237867,0.015672066673146794,0.007150005282701044,0.014074989194775843,0.008192861684660591,0,0,127000,1088,528235180,197954.25,176659.72,53
1954,1663,2,2.0,80,620,-0.9447213541666666,1.7082473958333333,-2.2425,-0.37843489583333334,-1.8066432291666668,-0.9850026041666666,-2.1744036458333333,6.020268229166667,-2.0330052083333334,-0.13863541666666665,0,0,0.003822908774435343,0.0031809046260800914,0.0077625368126009,0.007215337803166696,0.01212571394741296,0.0036986602398394334,0.009116808992526673,0.01481217700840614,0.00562233005912211,0.008192861684660591,0,0,345000,1403,905401060,161102.12,191910.33,53
1967,1052,1,1.0,100,1160,2.0383802083333333,-1.0680729166666667,-3.8196041666666667,6.68840625,8.7068203125,3.6843177083333334,10.643947916666667,15.459729166666666,-3.5520572916666664,8.865296875,0,0,0.00014889449179544129,0.0,0.010557700729074618,0.0037988171950824497,0.009518355483984539,0.0006703499080657182,0.01244305079229125,0.019704172525009337,-0.0005641007329919771,0.006351403875741283,0,0,122500,772,905103070,142031.45,143605.95,53
1955,1540,0,1.0,80,1400,-0.9083932291666666,-0.23908333333333334,-1.8024375,-0.304171875,-3.4021484375,-2.2654895833333333,-3.98428125,-2.9224427083333335,-1.3018151041666668,-0.08877473958333333,0,0,0.004223089840527577,0.0019543067844133882,0.009926269228822393,0.008374601966491164,0.02051296785285813,0.007900470587726293,0.0237104770721218,0.016023863926915294,0.011648805045171406,0.007310983958744884,0,0,189500,1938,535325320,98986.14,138181.69,53
1959,864,0,1.0,100,1320,2.3621041666666667,0.8209192708333334,-2.8942838541666664,-0.4884244791666667,1.7809244791666667,1.6927890625,4.264299479166667,4.392604166666667,-2.2761848958333335,-0.15521875,0,0,0.0020164930616977314,0.0012363786151725355,0.009309154398779083,0.007749568922648997,0.013980712872967429,0.005082727588679207,0.009397369954023687,0.006806823791437182,0.005001328693693782,0.003375972223121164,0,0,122500,601,534275100,118841.27,116778.76,53
1981,1842,1,3.0,180,760,1.1711536458333334,-0.7857161458333334,-6.043268229166667,-0.37034114583333333,-1.768015625,2.1168255208333333,5.161151041666667,-3.4138020833333336,-5.344315104166667,-0.117453125,0,0,0.0030247110191214603,0.0015717356020809338,0.011387014305625947,0.006776645578465421,0.012374569940584659,0.005378919057700735,0.014813251128703703,0.01817234337111698,0.025335348629152498,0.007800167381412259,0,0,104900,2523,533350050,359703.22,250596.8,54
1980,1045,1,2.0,120,900,1.4053203125,0.939796875,-7.251609375,-0.4443932291666667,1.620359375,2.9277369791666663,5.441455729166667,-1.9153828125,-5.634541666666667,-0.12383333333333332,0,0,0.001326841771499038,0.0006683208481137447,0.014111638751136803,0.008153296341508012,0.014221250587017417,0.003533068792413911,0.01790339299770085,0.010587858368018309,0.021328226665085753,0.006655800020001394,0,0,110000,2226,909451130,157246.14,153420.67,54
2009,1692,0,2.0,140,320,1.4061588541666667,0.2093359375,-2.5582916666666664,-0.4317265625,-2.0610546875,2.3379296875,5.891669270833333,1.4951588541666667,-2.2134765625,-0.15094010416666664,0,0,0.0030326257836840232,0.0012490143922804376,0.011723333573555938,0.009208031898806007,0.017530566958302483,0.003168780658290375,0.013838254206286284,0.006083648000069231,0.005413148745762037,0.003375972223121164,0,0,124000,959,916382010,192675.4,225778.48,54
1958,1339,0,1.0,100,1200,-0.6674296875,0.5654036458333334,-4.3627630208333334,-4.5309921875,-1.2763645833333332,-0.6958880208333333,-1.2237369791666668,-1.0165546875,-3.5502083333333334,-4.1522734375,0,0,0.0033508877559129267,0.0021560857156909157,0.017180448080136107,0.01802027460220463,0.014820951818753005,0.004153834777995574,0.019008419550978577,0.016524771249132816,0.028237283076496405,0.02984928380779825,0,0,109500,682,535452100,124163.78,133184.03,54
1961,1144,1,1.0,100,840,2.5392291666666664,-1.4185833333333333,-4.758109375,8.331807291666665,20.540192708333333,4.589583333333333,12.405994791666666,24.87904166666667,-4.140078125,10.332885416666667,0,0,0.00011510896969442463,0.0,0.0,0.003649142801846496,0.01598486324679986,0.0006330993333193343,0.0013008906345326602,0.019704172525009337,0.0,0.0017817476568601682,0,0,135000,561,532377130,146913.5,145126.03,54
1961,1235,0,2.0,100,1280,-1.0756536458333332,0.09772526041666667,-3.9490013020833334,-2.244859375,-2.70678515625,-1.8024479166666667,-4.0350768229166665,-1.1640377604166667,-3.6113111979166663,-0.9415625,0,0,0.004838904256681133,0.0021720685553477054,0.013060936425234202,0.008758287549997246,0.021145767730224325,0.007617734667136742,0.030987982593365614,0.015559655206430736,0.028237283076496405,0.018252089979381766,0,0,153000,2568,535105160,138419.89,136376.47,54
1920,1196,0,2.0,120,500,0.6345677083333334,0.3800625,-6.1721328125,-0.3782395833333333,-1.8057083333333332,2.1619609375,6.110651041666667,-0.972859375,-5.9150703125,-0.12999739583333333,0,0,0.001842368438977258,0.0010398173262045909,0.023691111750190924,0.007215337803166696,0.011559479787777804,0.004267713133702619,0.019150534286105397,0.010246085223712948,0.016199296221845183,0.007180816356578521,0,0,121500,903,909101010,143522.97,111367.54,54
2009,1766,1,3.0,180,320,0.8423489583333333,2.2664192708333335,-2.9752421875,-0.5020885416666667,1.8307369791666668,2.8698697916666664,8.757653645833335,8.3614453125,-2.73209375,-0.1863125,0,0,0.0012941998156651355,0.0022772940279037,0.003682203488227068,0.0037243766176478944,0.01085051247408853,0.003132084831717468,0.015139880534338778,0.012323890133652966,0.0064860437055058165,0.004587399702074003,0,0,137500,522,528458160,380309.1,305849.62,54
1967,894,0,2.0,100,440,0.45806640625,-0.5810924479166666,-4.469424479166667,-2.5407005208333335,-3.0635026041666666,-0.3883515625,-1.0237994791666667,-2.0051953125,-4.061494791666666,-1.0589401041666668,0,0,0.001983066704764709,0.0031205750096991226,0.017168322844527444,0.012496983629298181,0.020080962606060463,0.003990135138837113,0.012674992482757063,0.013461261616914353,0.019979706118928565,0.011722698181420185,0,0,161000,1382,905104180,150811.1,123659.66,54
1954,1299,1,2.0,120,600,0.7028020833333334,-0.5962291666666666,-4.585852864583333,-2.6068841145833335,-3.1433033854166665,-0.09708333333333333,0.012619791666666666,-1.6224088541666668,-4.355559895833333,-1.1356067708333333,0,0,0.0015123911259785048,0.000890321352066999,0.018344533771358387,0.00787793806676534,0.0181093906220591,0.001738543734121992,0.009034912024700501,0.009141716610471685,0.005659102635559603,0.007793622723937061,0,0,252678,2069,905226130,179223.66,146718.45,54
1979,1229,2,2.0,100,920,2.98628125,-1.3526458333333333,5.469328125,9.798677083333335,24.15641666666667,5.397614583333333,14.235625,28.801942708333332,5.262692708333333,11.856755208333334,0,0,0.0,0.0,0.0,0.0005755448484721223,0.009212699240677219,0.0,-0.0007333309528895701,0.006942260502388325,0.0,-0.0005641007329919771,0,0,159900,814,906226130,182125.03,176691.4,54
1963,1052,0,1.0,120,1240,-1.15823046875,-0.48635807291666666,-4.25216015625,-0.26058203125,-2.91458203125,-1.9408203125,-4.8438671875,1.6606731770833332,-4.335143229166667,-0.0952734375,0,0,0.00439256023210135,0.001770080379856921,0.01609065784377508,0.0058346508253888365,0.0176473971411037,0.006080661244518858,0.024000493047588275,0.007358525324618851,0.005659102635559603,0.008090989947423279,0,0,230000,1874,534178010,130721.164,126896.52,54
1892,3608,2,3.0,200,640,1.4416927083333333,-1.1138125,3.6010338541666664,6.451497395833333,2.2670052083333334,2.25015625,-5.18559375,1.0286536458333333,2.38225,5.367166666666667,0,0,0.002927884486791228,0.008961845797971617,0.0007652859489369671,0.0021598585850952636,0.007701040120652232,0.0041958511395344955,0.02075622826556835,0.004540896639486054,0.005211913541223266,0.007298035621977684,0,0,163000,2667,902400110,407860.0,306625.3,55
2004,2084,0,2.0,140,420,-1.6071953125,-1.1322109375,-2.1887265625,3.8326223958333334,-1.7633177083333333,-2.751015625,-9.575083333333334,11.334450520833334,-2.3898567708333336,5.964580729166667,0,0,0.0037935761890714828,0.002671819494959289,0.007239415205898504,0.010168128890875447,0.012374569940584659,0.005336169262379416,0.03465546901254297,0.027082358045381675,0.004198024594202116,0.010106774669039722,0,0,164000,73,531367050,184520.52,218401.27,55
1999,1501,0,2.0,140,520,2.1037864583333334,1.1407395833333334,-6.611028645833333,-0.40513802083333333,-1.934109375,2.1518697916666665,4.219044270833333,4.8118671875,-6.514544270833333,-0.143171875,0,0,0.002522916610234204,0.0007487705370079028,0.016129755828978153,0.006215299796217099,0.016366689145350014,0.003127413040455982,0.010881840829337106,0.01033417739559692,0.011579658854533253,0.002702550206080529,0,0,90000,1166,533213070,187681.72,177914.08,55
1999,1764,1,2.0,160,500,-0.9159739583333334,-0.5681263020833334,-1.5868059895833333,-2.4840052083333335,-2.9951432291666666,-1.9944635416666667,-4.139278645833333,-1.9671223958333333,-1.2840963541666668,-1.03883203125,0,0,0.0038674285590832858,0.001887851905463817,0.005094691494320133,0.01158221734127664,0.017667556088353614,0.005050561894421832,0.02205014526415831,0.012015313684217727,0.011648805045171406,0.007938801049096727,0,0,178000,1467,907265100,236899.66,214748.66,55
2006,1554,1,2.0,160,380,-0.4213723958333333,-0.689546875,2.5432994791666665,-0.4391197916666667,-2.0963567708333333,0.64290625,-1.6999973958333332,1.9602760416666667,2.2602526041666664,-0.1391484375,0,0,0.002858826199255847,0.001935871325657233,0.0022737149940821495,0.009208031898806007,0.017365484334342287,0.003456165884521853,0.00853094035282233,0.007370713196521619,0.004785737596046058,0.008192861684660591,0,0,100000,1720,528181060,237687.19,229236.02,55
1997,1694,1,1.0,140,540,0.99955078125,-0.6711536458333334,-5.007791666666667,-5.200890625,-1.4650755208333333,1.8283385416666667,3.540609375,-3.4406276041666666,-4.127403645833333,-4.827377604166667,0,0,0.003296674240549308,0.002684261042870263,0.020257772879216235,0.026075220005853023,0.018269676642135583,0.004050494967540351,0.014366832831576604,0.0117839887866061,0.007200161818250683,0.016952924248792557,0,0,205000,2515,533241010,190611.27,205938.03,55
1970,1365,0,2.0,100,1100,-0.8666744791666666,-0.445234375,-4.5619921875,-0.27956770833333333,-3.126953125,-0.9772421875,-1.65094140625,-4.249295572916667,-3.66745703125,-0.08060026041666667,0,0,0.0015055359574973803,0.0009556738598657782,0.017958827805171156,0.0033662966465798387,0.018156815128567767,0.0016470953892477522,0.02533832995272332,0.037105110674950356,0.029093035928723854,0.013325185012681508,0,0,177500,404,527451110,126973.15,138201.33,55
1920,1802,1,1.0,140,1500,0.6710520833333333,-0.078625,-1.8581145833333332,-2.9087109375,-3.5072421875,-0.8683255208333334,-1.2562708333333332,-0.236125,-1.5961276041666668,-1.291265625,0,0,0.002374362776352711,0.002684261042870263,0.009117117634392501,0.01582095962588715,0.025218210978678775,0.007406767599798156,0.010356886724583892,0.006874289537271745,0.0098412399236563,0.005176510898098009,0,0,119000,2855,909254070,143060.4,146639.0,55
1900,2414,1,2.0,100,1100,-0.7409674479166666,-0.366390625,-3.9159752604166664,-2.2260859375,-2.6841484375,-1.7873736979166668,-5.100044270833333,2.2719505208333333,-4.222359375,-1.1008802083333333,0,0,0.0036065949957577725,0.003022008424831591,0.013060936425234202,0.008307162014674657,0.019811193291497102,0.0069227923357509675,0.024400314541800076,0.012044227645933218,0.008076443784278856,0.007089967213383338,0,0,132000,2605,535382020,129663.31,173438.55,55
1958,1142,1,1.0,120,1340,-1.6846861979166667,-0.46132552083333334,-4.691428385416667,-0.2875,-1.3725169270833333,-1.3377278645833333,-2.463625,-3.9918958333333334,-3.5270455729166663,-0.07751432291666667,0,0,0.0026340935420702603,0.0010056539900208331,0.018344533771358387,0.007552555139392669,0.014284434096619773,0.0025302938099545634,0.02533832995272332,0.030644435265250486,0.028237283076496405,0.010840189169664725,0,0,192000,675,535426150,155972.16,142467.73,55
1962,1537,1,2.0,120,400,0.8070546875,-0.5525208333333333,-1.8962291666666666,-2.9683776041666663,-3.5791848958333334,-0.047,-0.7152057291666666,-4.1142265625,-1.380203125,-1.11659375,0,0,0.0025875830158932495,0.004024373572376073,0.010932338407620085,0.014201312981849266,0.02442334067623262,0.005717993658852864,0.00865795536751531,0.015909354945269467,0.00556075761536339,0.007793622723937061,0,0,289000,1232,535105060,181997.77,175903.55,55
2006,1670,1,3.0,160,380,0.14095052083333334,-0.5586796875,-6.446901041666667,-0.3950755208333333,1.4405494791666666,1.7520052083333333,4.541,2.8011979166666667,-6.227697916666667,-0.1368671875,0,0,0.0016127357793116002,0.0007536232226125681,0.016129755828978153,0.005606053555766921,0.012815627190790711,0.0031466790767064835,0.015250293991684783,0.009395318703501552,0.014074989194775843,0.008192861684660591,0,0,82500,2456,528429100,277586.75,279215.1,55
1957,1073,0,2.0,80,900,0.7104140625,0.4378958333333333,-6.909848958333333,-0.4234479166666667,1.5439947916666668,2.4203671875,6.591216145833333,1.428640625,-6.380252604166667,-0.14021875,0,0,0.002432390364179386,0.002413619933520847,0.013721372929939118,0.006630203163574836,0.009135261528026118,0.0034978693892972292,0.015672066673146794,0.007150005282701044,0.014074989194775843,0.008192861684660591,0,0,124100,2244,911128010,109753.62,124241.01,56
1940,1672,1,1.0,120,720,0.014552083333333334,0.19140885416666667,-2.8087239583333337,-0.4739895833333333,6.4025078125,-1.7411223958333333,-0.2868776041666667,-1.4681458333333333,-1.6572760416666668,-0.113015625,0,0,0.003577142149161168,0.0008932190472665821,0.009204783619171193,0.007749568922648997,0.01591511251284494,0.006466617698393241,0.010791541978579788,0.010277738845451872,0.006072575855600633,0.005037082347897363,0,0,173500,1335,903226060,143735.84,151376.1,56
1997,1629,1,2.0,100,540,-1.9259830729166667,0.18690364583333335,-3.7852643229166665,-2.15178125,-2.5945546875,-1.7277122395833333,-3.98167578125,0.8050768229166666,-4.08135546875,-1.0641158854166668,0,0,0.005027779783233107,-1.1564823173178713e-18,0.01114557104653521,0.009886792232463387,0.015926685124514596,0.004749084831740671,0.024944261345145307,0.009485752893277292,0.019979706118928565,0.011722698181420185,0,0,105000,5,527105010,176529.55,205496.02,56
2003,848,0,2.0,120,440,2.5976041666666667,3.70784375,4.75746875,8.523322916666666,11.095473958333335,4.695083333333333,10.937411458333333,11.170713541666666,4.043395833333333,9.109692708333334,0,0,5.755448484721232e-05,0.0,0.001536798976687187,0.0021123438251593094,0.0049093072383822375,0.0006330993333193343,0.010341332657050496,0.006942260502388325,0.0012176469238681913,0.004005555485889138,0,0,93000,2803,907290160,163657.84,142807.55,56
1995,1239,1,2.0,160,600,1.8260338541666667,0.8161171875,-6.2972890625,-0.3859088541666667,-1.8423255208333333,1.1770234375,2.4265729166666663,-1.4590625,-5.095619791666667,-0.11198697916666667,0,0,0.0024777626448852274,0.0010398173262045909,0.023691111750190924,0.007276090348744509,0.01972056795226228,0.003941673538664601,0.009492043766989514,0.009460271225536193,0.026754954619460165,0.005037082347897363,0,0,144500,1180,533250110,255704.9,184588.45,56
1939,1077,2,1.0,100,1500,0.4938190104166667,-0.48331640625,-4.567740885416667,-2.59658984375,-3.1308919270833333,-0.07443489583333333,-0.23903255208333335,-3.680625,-3.8994713541666663,-1.0166966145833334,0,0,0.0013418578414399604,0.0009463377873230952,0.017958827805171156,0.00787793806676534,0.0181093906220591,0.0018307625334937272,0.013378947455364752,0.016176584880301638,0.012336766103369553,0.007620477415547599,0,0,203135,1222,534452060,140673.98,138602.58,56
1957,1392,1,2.0,100,580,1.5360963541666668,0.04465625,-2.7946901041666665,4.8937109375,-5.275052083333333,2.8097708333333333,6.520989583333333,-1.1568125,-2.449890625,6.1144765625,0,0,0.0005658141726947244,0.0014334064967120388,0.011562031774396188,0.005855384087297296,0.02187743850796361,0.0015866500927060468,0.012105780271696938,0.008040578055162236,0.004198024594202116,0.010106774669039722,0,0,192000,220,905103060,166512.27,152274.08,56
1972,1302,0,1.0,100,1060,1.8317630208333333,1.4705260416666668,-3.4324375,-0.5792395833333334,7.82428125,3.3108671875,7.572453125,5.645309895833333,-2.527078125,-0.172328125,0,0,0.0001310821230990714,9.24729158829606e-05,0.007337494470032486,0.0051439865262836015,0.009717006571844284,0.00037239991717835484,0.02110570382010151,0.01372508429317378,0.006325380146167634,0.006042308918682284,0,0,191000,1046,527451550,111775.38,129841.51,56
1931,1666,1,0.0,100,1500,1.6545442708333333,0.4062942708333333,-2.8442578125,-0.4799817708333333,1.7501354166666667,2.1285234375,7.658005208333333,15.61671875,-3.06896875,-0.20928125,0,0,0.001974811732185581,0.0008932190472665821,0.009309154398779083,0.007749568922648997,0.013980712872967429,0.001591950483237867,0.014882975103389477,0.02897102596080903,0.013820501166413797,0.009320212878088395,0,0,143000,292,909250030,99456.62,126253.85,56
2005,1223,0,2.0,140,400,0.6256783854166666,0.5849270833333333,-4.7708359375,-2.7120416666666665,-3.2701015625,-0.339328125,-1.0726315104166668,-1.13573828125,-4.228610677083333,-1.1025143229166667,0,0,0.001746808011005246,0.0018332343518334272,0.021857144784216784,0.01062462906547638,0.01908826915329588,0.0028228078440015575,0.007836510274777544,0.008378830421349358,0.008076443784278856,0.007089967213383338,0,0,159000,2508,533212110,193680.0,175089.97,56
1995,3238,1,3.0,160,580,0.3413932291666667,0.13470052083333334,-1.976578125,-0.3335572916666667,-3.73084375,-1.8631145833333334,-4.170989583333333,-1.2533411458333332,-1.4148151041666668,-0.09648177083333333,0,0,0.0028615560511303997,0.002835896284361125,0.008160915281986312,0.008580659899146238,0.016178140522239474,0.006001075431687504,0.02224412471322038,0.009049477897334648,0.004661392719857097,0.008090989947423279,0,0,538000,66,528386040,297609.22,395056.3,56
1991,1217,0,2.0,120,680,-0.019463541666666667,0.41335677083333333,2.3826041666666664,-0.4113776041666667,-4.601229166666667,-0.4365338541666667,-1.4132005208333334,-0.7735598958333334,2.08146875,-0.1281171875,0,0,0.0018016755328015123,0.0014940707166990897,0.0049127404687661766,0.0037065973090448763,0.02042438853793457,0.0027675779368021808,0.014260723297983764,0.010587858368018309,0.006007202797885457,0.006526261752329276,0,0,140000,2482,531452100,172174.69,157836.14,56
1952,924,0,1.0,100,1460,0.3389700520833333,-0.12587630208333334,-4.20959765625,-2.3929908854166664,-2.88540234375,-1.92139453125,-3.3088736979166664,-0.5850247395833333,-3.8942877604166664,-1.0153424479166666,0,0,0.0012776654935812478,0.0007431498587043666,0.01609065784377508,0.011384829525075633,0.0176473971411037,0.00601190351238606,0.014843345774348772,0.00832147138951467,0.012336766103369553,0.007620477415547599,0,0,195500,1942,535353130,107011.58,100437.42,57
1964,1292,2,2.0,100,1220,0.860671875,-0.8466432291666667,2.7755520833333334,-0.47921875,1.7473619791666668,-1.4512291666666668,-1.7999583333333333,18.742104166666667,3.4535729166666664,-0.21257291666666667,0,0,0.0015248435272630792,0.005976378320160696,0.0033162989569495782,0.007749568922648997,0.013980712872967429,0.006510247552992495,0.008413385616368098,0.03512398416216827,0.0048656969120036584,0.009251746883289162,0,0,105000,608,534402060,181992.03,181533.02,57
1957,1797,1,3.0,100,1360,1.4165755208333333,0.20286197916666665,-6.827018229166667,-0.4183723958333333,1.5254869791666668,1.5646119791666668,3.9159453125,2.2399244791666666,-6.019890625,-0.1323046875,0,0,0.0018535934869328373,0.002087614786855194,0.01825762928704409,0.0037065973090448763,0.009674928060319834,0.0026623149449120967,0.01701117865832703,0.009483344463269473,0.016199296221845183,0.007180816356578521,0,0,241600,2308,526302120,179808.64,215963.27,57
1980,1686,1,2.0,120,900,0.50531640625,0.028072916666666666,-4.838200520833333,-2.7503359375,-1.4154609375,-1.069078125,-1.0735078125,-0.2663984375,-4.4052291666666665,-1.1485572916666666,0,0,0.0013493083483591406,0.000444926757106946,0.022757124633082597,0.01322178826190157,0.014653690328825556,0.0038147863906606,0.011136147833089392,0.007765419650659381,0.025401436692497465,0.004639154888836955,0,0,256900,2350,527355280,155652.38,186494.86,57
1970,1682,1,2.0,140,1100,2.082921875,-0.11271614583333332,-6.403239583333333,-0.3924010416666667,-1.8733229166666667,2.3230390625,3.5111848958333334,-0.912078125,-5.407817708333333,-0.11884895833333332,0,0,0.003582681240301339,0.0008148326342140207,0.016129755828978153,0.005606053555766921,0.017089411631836485,0.004342752947552877,0.009376127813426933,0.009066335030956702,0.025335348629152498,0.007800167381412259,0,0,104000,1186,534126090,167528.33,172437.28,57
2006,1491,1,2.0,140,380,1.2983984375,0.4583463541666667,2.8462265625,-0.49141666666666667,-2.34603125,1.7785234375,-7.55175,19.19297135416667,3.2533385416666665,-0.20025520833333335,0,0,0.003577142149161168,0.004066752472520304,0.0017291168053140287,0.007738764285375943,0.01623467829067264,0.005196454982520583,0.009240323051585174,0.046026500379689216,0.004493871666651931,0.009434451195128292,0,0,142000,2166,907420060,213377.61,223536.58,57
1997,1344,0,4.0,140,540,-0.21454036458333334,-0.54841796875,-4.2181184895833335,-2.3978411458333335,-2.8912486979166667,-0.8427708333333334,-2.671328125,-1.42875,-3.8356640625,-1.0000559895833334,0,0,0.0019230028640090681,0.0015924639829379297,0.01609065784377508,0.011384829525075633,0.0176473971411037,0.004005665705349742,0.014521562623006728,0.010478242004771912,0.01778726590992111,0.008701800396333646,0,0,158000,1590,923202015,224873.38,177594.03,57
1975,924,0,1.0,100,1000,0.0420234375,-0.6711041666666666,-5.161734375,-0.3163203125,-3.5380390625,0.9647786458333334,-1.2477760416666668,-1.6061380208333333,-4.311880208333333,-0.09476302083333332,0,0,0.0019095392748145524,0.0029189300488221986,0.019011691504324982,0.008032872317930304,0.023801426625596176,0.0036825203974718526,0.008507249079407126,0.008931547988803005,0.005659102635559603,0.008090989947423279,0,0,239500,1451,907203090,115707.1,116440.58,57
1980,923,1,1.0,120,900,0.8021979166666666,0.585140625,3.71871875,-0.642078125,8.672893229166666,3.4103072916666664,-7.799802083333333,19.615895833333333,3.2757395833333334,-0.20163020833333334,0,0,2.133309902901485e-05,2.590447739237468e-05,0.0012728708966520635,0.007628020678268631,0.011419383967936583,0.0006703499080657182,0.01289532647808488,0.04628095510331647,0.004493871666651931,0.009434451195128292,0,0,394432,76,531451110,142421.14,136154.77,57
1921,1107,0,1.0,120,1000,-0.4469166666666667,1.1039466145833332,-3.9907721354166665,2.3391549479166667,-12.401743489583334,-0.9573828125,-4.538966145833333,5.424447916666667,-5.499619791666667,1.4152057291666666,0,0,0.0009386787053340031,0.0034688101658533685,0.007455286562460098,0.012261690583369145,0.08072315612035268,0.0028577469373035247,0.0272579327217908,0.01107287285157285,0.025335348629152498,0.005083203446215771,0,0,171000,304,910205120,116358.43,102674.89,57
1960,2069,1,2.0,140,360,1.8017838541666666,0.2300859375,-3.3762526041666665,-0.5697630208333334,7.696213541666667,3.7537005208333336,6.2138671875,-1.6172369791666668,-2.0736875,-0.14140885416666665,0,0,0.00019662318464860827,2.8453204887063956e-05,0.007337494470032486,0.005609526920813516,0.012727991605582176,0.0009830526692587824,0.015608370395794107,0.009557928844470613,0.008264822958477483,0.005792577937586855,0,0,246000,1266,535427070,210303.42,200629.88,57
1957,1362,1,3.0,80,1360,0.7821380208333334,1.2262213541666667,-2.5806197916666664,-0.43549479166666666,1.5879166666666666,-1.3188098958333332,-1.1127473958333332,3.5391276041666666,-1.9272578125,-0.13142447916666666,0,0,0.002004637169437473,0.0022256161944497034,0.011723333573555938,0.009208031898806007,0.014723541932441332,0.0032708374703183415,0.013444288591312784,0.015407049756152036,0.008833641103121596,0.007180816356578521,0,0,119000,603,534277090,154678.1,184779.38,57
2006,1143,0,0.0,140,380,-0.17873567708333335,0.4847174479166667,-4.28938671875,-4.454787760416667,-2.94009765625,0.12388020833333332,-0.8650611979166666,-1.6036979166666667,-3.5042434895833336,-4.098515625,0,0,0.002368105852823779,0.00010616426552919472,0.01609065784377508,0.022088734536094723,0.01967454260778974,0.003141852052214609,0.01477032160181375,0.019546683129284072,0.027089320723672757,0.028208514553046394,0,0,255500,1808,531363040,158008.89,143379.06,58
1993,2000,1,3.0,140,620,3.3853958333333334,2.8224661458333333,-3.7051979166666666,6.488080729166667,2.2798958333333337,3.7016510416666666,5.4396171875,9.304067708333333,-2.9567135416666663,7.379427083333333,0,0,0.00035776019800462923,7.618963938933858e-05,0.010557700729074618,0.005827565732882059,0.007157592859765018,0.000914806144084063,0.014200745785099198,0.017947433283179024,0.013820501166413797,0.014608960628703236,0,0,121000,2930,924151050,278967.56,284175.78,58
2002,1995,1,2.0,140,460,-0.012720052083333334,-0.5703450520833334,-4.386774739583333,-2.4937174479166666,-3.0068502604166665,-0.28526953125,-0.98625390625,-2.008787760416667,-4.06876953125,-1.0608372395833332,0,0,0.002017836919865788,0.0022982544936081244,0.017168322844527444,0.01158221734127664,0.017667556088353614,0.00400038626044174,0.012674992482757063,0.013461261616914353,0.019979706118928565,0.011722698181420185,0,0,253293,1755,528275110,229794.16,253583.4,58
1954,1050,0,1.0,120,500,-1.9359466145833333,0.4355911458333333,-3.2038020833333336,-1.8212408854166668,-5.25863671875,-1.46231640625,-6.702739583333333,5.281877604166667,-4.6760625,-1.219171875,0,0,0.022725774756399645,0.0,0.035552633824150144,0.02559557044580007,0.05734209870171916,0.013067320484929798,0.04016618443672216,0.01860874817726249,0.021339139275458125,0.008871721293957732,0,0,115000,2583,535301150,137144.02,118203.21,58
1995,2726,1,3.0,160,600,0.6897473958333333,-0.4780494791666667,-6.708848958333333,-0.4111328125,1.4990807291666668,2.3499583333333334,7.139786458333333,4.1699661458333335,-6.911231770833333,-0.151890625,0,0,0.0015194142732677168,0.002121729250399149,0.012184112244125024,0.0037065973090448763,0.011044812826542232,0.0033875248202939324,0.01670288708114121,0.008512269346026915,0.004924065064781388,0.003375972223121164,0,0,124500,2450,528358030,293873.94,372400.6,58
1977,1949,0,2.0,100,960,0.5944479166666666,-0.7929947916666666,-2.157953125,-0.3641666666666667,-1.73853125,-1.0084427083333334,-1.1581354166666666,1.7012369791666668,-1.805984375,-0.12315625,0,0,0.002257052889392132,0.002584411316523829,0.01036095820559529,0.008351857412070621,0.014153936913536076,0.004542459301511545,0.016790162065653796,0.009012518709571548,0.012717734218015246,0.009026781513480991,0,0,145000,2719,905108120,140690.89,168692.44,58
1940,1595,2,1.0,120,500,-1.99328125,0.6276328125,-2.0157083333333334,-0.34016145833333333,-1.6239296875,-1.582765625,-4.7682265625,10.297924479166666,-2.2000390625,-0.15003125,0,0,0.005052296392640973,0.002835896284361125,0.008160915281986312,0.007468688581181541,0.01599665258080016,0.0062056814734899,0.012305115373178195,0.028631658451334654,0.003080785232605061,0.004384211515859382,0,0,87500,2847,909175030,171264.0,161448.19,58
1948,1458,1,1.0,120,1500,3.3079088541666666,-0.797765625,-3.3003046875,-0.5569453125,7.523075520833333,2.2067994791666665,7.735463541666667,20.17225260416667,-3.327296875,-0.22689583333333335,0,0,0.0007631840918758092,1.4226602443531688e-05,0.007494974000004214,0.005609526920813516,0.012727991605582176,0.00037239991717835484,0.012461017588953268,0.04029256468624856,-0.0005641007329919771,0.0012176469238681913,0,0,149900,158,535353190,138068.14,132775.28,58
2006,1824,1,3.0,200,360,1.333234375,-0.7552421875,-6.879638020833333,-0.4215963541666667,1.5372447916666667,2.7775598958333334,6.003947916666667,1.0915208333333333,-6.216994791666667,-0.1366328125,0,0,0.001526237165976508,0.00244511458702146,0.01834171288774444,0.0065420574103204655,0.009674928060319834,0.0031505029820139553,0.01596411116825486,0.00762633414503875,0.014074989194775843,0.008192861684660591,0,0,280750,2276,921128030,413925.44,296617.5,58
1976,1033,0,2.0,100,980,-2.4735963541666663,0.11843098958333333,-4.785630208333333,-0.2932734375,-3.2802395833333335,0.89448046875,-5.584309895833333,-0.8857005208333334,-3.5769817708333336,-0.07861197916666667,0,0,0.006167318908249993,0.0005089270812368684,0.022757124633082597,0.007477659093400631,0.020130988896326623,0.002935571059863228,0.04223186806500201,0.016524771249132816,0.028237283076496405,0.013715379528035603,0,0,178000,1490,908103260,126202.81,130711.94,58
1902,1864,0,0.0,140,500,2.6939114583333335,1.43178125,-5.047958333333333,8.839359375,21.79144270833333,5.612286458333333,8.813765625,5.676140625,-2.9413333333333336,7.340940104166667,0,0,0.0,0.0,0.0,0.0021123438251593094,0.012213470531980075,0.0,0.017543941603218597,0.01581022729683604,0.013820501166413797,0.014608960628703236,0,0,149700,758,903476090,136554.89,107634.38,58
2008,2234,1,3.0,180,320,-0.24297005208333333,-0.3482578125,-3.5415911458333333,-2.01326171875,-5.813072916666667,-0.8811171875,-1.1899309895833332,-4.071618489583334,-3.5974856770833337,-0.9379583333333333,0,0,0.0023347638469252393,-1.1564823173178713e-18,0.008574294105319446,0.006882583171648873,0.024705134649584317,0.0034865736213525365,0.01912530347040636,0.033944304918230056,0.028237283076496405,0.018252089979381766,0,0,260000,367,527214050,374166.3,345437.6,58
1930,1573,1,2.0,100,660,0.7634192708333334,0.922421875,-2.7049453125,-0.4564739583333333,1.6644140625,0.6683151041666666,-1.5061614583333331,3.8463151041666666,-1.925640625,-0.13131510416666667,0,0,0.0007018438148525796,0.0002670454191965801,0.009276162770996986,0.006401067100514682,0.01233073585328961,0.002398756724969783,0.013914259288364412,0.014861823046662037,0.008833641103121596,0.007180816356578521,0,0,119500,1345,903232090,134598.42,143391.5,59
1951,1091,1,1.0,120,1480,-0.22321875,0.48557552083333333,-5.564161458333333,-0.3409817708333333,-1.62784375,0.054197916666666665,-0.88625,-1.97378125,-4.312919270833333,-0.09478645833333332,0,0,0.0027538515161296614,0.002320278778113647,0.017131489323968185,0.007468688581181541,0.01599665258080016,0.0040091430143850085,0.010192578722949262,0.009349871745686867,0.005659102635559603,0.008090989947423279,0,0,154000,1536,909281030,141122.78,118093.46,59
2008,1702,1,3.0,180,340,2.1406875,1.337546875,-4.011307291666666,7.024096354166667,9.143815104166666,3.869234375,9.609296875,9.928802083333334,-3.20678125,8.003533854166667,0,0,0.0007180687812909845,0.0,0.010557700729074618,0.001857345112911659,0.007478222072201481,0.00039408162476458773,0.014200745785099198,0.01581022729683604,0.013820501166413797,0.004722348300731725,0,0,150000,1071,528180140,345473.5,294403.25,59
1969,1308,0,2.0,100,1120,2.78828125,1.1819609375,-3.4660260416666664,-0.5849114583333334,7.900833333333333,3.1067421875,4.540817708333333,4.865104166666667,-2.3178958333333335,-0.15806510416666666,0,0,0.00015953532798613766,-5.782411586589357e-19,0.007337494470032486,0.0051439865262836015,0.010059837898311913,0.00037239991717835484,0.009441636702434903,0.006281190076111557,0.005001328693693782,0.003340117487943749,0,0,206000,1027,527357110,140328.16,139422.0,59
1939,1232,2,1.0,120,1500,0.74941015625,-0.4765846354166667,-4.628427083333333,-4.806916666666667,-1.3540885416666668,0.14105338541666665,-1.7384401041666668,-6.952032552083333,-2.0977434895833333,-2.4534934895833334,0,0,0.0013418578414399604,0.000890321352066999,0.018344533771358387,0.021479259974110102,0.0143804377732088,0.0017424957763310478,1.1564823173178713e-18,0.04052405691968806,0.0,0.0,0,0,265000,2011,903227140,157263.69,147670.34,59
1922,1154,0,1.0,80,360,2.1078020833333335,0.564203125,-3.9496770833333334,6.916177083333333,9.003328125,3.8097864583333334,11.360989583333334,19.2928125,-3.79134375,9.462505208333335,0,0,0.0003712247329477868,0.0,0.010557700729074618,0.0031256584425678508,0.007478222072201481,4.26661980580297e-05,0.004084464857877573,0.019704172525009337,0.0,0.000653546190876214,0,0,194500,302,910202060,103233.56,98904.99,59
1994,1022,0,2.0,100,620,0.8926432291666666,0.5142057291666666,-2.3010963541666665,-0.3883229166666667,-4.343388020833333,1.39521875,-1.7873541666666668,0.47499739583333334,-1.6878776041666668,-0.11509895833333333,0,0,0.002522916610234204,0.0013078937291450448,0.006983128676100345,0.005606053555766921,0.01631300912161126,0.00355257862903637,0.0173396363397111,0.008114229609859904,0.007779961121664579,0.006583993903806191,0,0,264500,2120,907125040,166710.73,158893.33,59
1984,1126,0,2.0,100,820,0.45767578125,-0.59848828125,-4.465606770833333,-2.53853125,-3.0608854166666664,-0.38801953125,-0.9469283854166666,-3.5795924479166663,-3.75654296875,-0.97942578125,0,0,0.001983066704764709,0.0031205750096991226,0.017168322844527444,0.012496983629298181,0.018217757752921716,0.003990135138837113,0.011648879911091588,0.017093599346548142,0.017672376512382324,0.006939352014967732,0,0,285000,1385,905108170,148444.95,150577.56,59
1956,1144,0,1.0,100,1380,-0.4289557291666667,-1.0671979166666667,-2.2705494791666667,-0.3831640625,1.3971223958333332,-1.5555807291666668,-1.8836119791666668,2.785484375,-1.8352682291666667,-0.12515364583333333,0,0,0.0036939942606401136,0.003959239254201135,0.0077625368126009,0.0076540300278679675,0.014368544050318973,0.005296984924168787,0.014178740478852932,0.011385232125001662,0.008462736422198684,0.006655800020001394,0,0,162000,631,535151040,131666.66,127458.32,59
2003,1094,0,2.0,100,420,-3.1267161458333335,1.4523958333333333,-5.250421875,-0.3217552083333333,-3.5988307291666666,2.1197838541666667,-8.906692708333335,4.22597265625,-4.303622395833333,-0.09458072916666667,0,0,0.013337842592638621,0.0029768445787638604,0.02870212868838032,0.009412474186592341,0.02442334067623262,0.004219152865879157,0.051535447639231236,0.017262021405298474,0.005659102635559603,0.008090989947423279,0,0,335000,1809,531375140,151673.62,146917.84,59
1990,1341,1,2.0,140,700,-4.13040625,-0.55615625,-2.0538151041666666,-3.2150651041666665,1.2637421875,1.7183567708333332,-4.435009114583333,-2.81779296875,-1.1965377604166667,-0.96799609375,0,0,0.011217410130908363,0.0017261906012433228,0.008251439035653304,0.013169404875682246,0.014544497151355265,0.0035189602893059336,0.03942156591375397,0.029124302806267044,0.017560492097715867,0.02034762840540396,0,0,189900,14,527180040,212530.94,182270.28,59
1924,872,1,1.0,100,1500,0.5738880208333333,-0.8899765625,-5.214247395833333,-0.3195390625,-1.5254739583333332,-0.9676614583333334,-0.9686119791666666,2.5462161458333337,-5.2055078125,-0.11440364583333333,0,0,0.002066066625014282,0.0051298170959299455,0.019011691504324982,0.00922451097445987,0.017225651749470185,0.005953215771165047,0.012740425346549638,0.006106890661599292,0.026754954619460165,0.005037082347897363,0,0,127000,2723,905200380,117909.24,112927.516,59
1966,1059,0,1.0,100,1180,1.7326380208333332,-0.8603567708333334,-3.2466901041666665,-0.5478984375,7.400854166666667,3.1316953125,6.932182291666667,2.2226145833333333,-2.3133776041666665,-0.1577578125,0,0,0.0004492665915407287,9.24729158829606e-05,0.007494974000004214,0.005767006450785244,0.011874662902523111,0.001143081448791356,0.01300905380859929,0.005279280106274413,0.005001328693693782,0.003340117487943749,0,0,135000,2712,905105010,125382.13,134912.89,60
1940,2480,2,2.0,140,1500,1.5860807291666668,0.23612760416666664,-2.8856223958333334,-0.48696354166666667,1.7755989583333334,2.9011979166666664,5.93825,1.7754973958333333,-2.2309817708333335,-0.15213541666666666,0,0,0.0015988495720538958,0.0030556264104296404,0.009309154398779083,0.007749568922648997,0.013980712872967429,0.00271755866192663,0.013701260427121248,0.006083648000069231,0.005413148745762037,0.003375972223121164,0,0,160250,926,909279010,190205.42,239091.72,60
1950,1904,0,1.0,100,860,-1.0650651041666668,-0.5608072916666667,-4.313393229166667,-2.4520026041666667,-1.261921875,-1.1488880208333332,-1.4962604166666666,-1.803171875,-4.0027864583333335,-1.0436341145833332,0,0,0.005380289911089212,0.002678560226188086,0.017308444699442666,0.01206155745176525,0.015154476288726368,0.005344650051498191,0.012414277806713817,0.012076429850981061,0.019979706118928565,0.007938801049096727,0,0,96500,680,535451250,131736.88,139287.52,60
1998,1939,1,3.0,140,540,2.5308854166666666,2.1390520833333335,4.635276041666667,8.30440625,10.810494791666667,4.574494791666667,10.132416666666666,6.867453125,3.7458020833333334,8.43921875,0,0,0.00011510896969442463,0.0,0.0021123438251593094,0.003649142801846496,0.0064656935861708,0.0006330993333193343,0.013473074466347759,0.006942260502388325,0.0012176469238681913,0.008697252265593427,0,0,103000,2799,907285010,266901.16,269509.84,60
1954,936,0,1.0,100,1000,-2.8617434895833336,0.4785729166666667,-3.9033723958333333,-4.053889322916667,-2.67551171875,0.8670677083333334,-5.006739583333333,-0.7303294270833334,-2.8376471354166664,-3.31888671875,0,0,0.011309235773282217,-1.1564823173178713e-18,0.013060936425234202,0.021487391544146972,0.019811193291497102,0.003392135858076549,0.06426090462335203,0.01087009700863074,0.04883862842700108,0.04538724888284908,0,0,176000,2565,534479300,116442.24,109188.71,60
2001,1338,0,2.0,160,480,-2.6832578125,-0.09720572916666667,-2.00528125,-3.1390911458333335,-1.61553125,2.2294609375,-5.009541666666667,-0.7893020833333334,-1.3162864583333334,-1.0648854166666668,0,0,0.00693211296665325,0.0019454741767485695,0.008160915281986312,0.01235886446029991,0.015711887074991097,0.00462244455564972,0.028916984283814024,0.010065267644509691,0.011648805045171406,0.011722698181420185,0,0,172000,7,527127150,218877.92,178436.75,60
2008,1256,1,2.0,120,340,-0.23810286458333335,-0.6086471354166666,-4.681368489583333,-0.2868828125,-3.20877734375,-0.9353294270833333,-2.7943463541666667,-1.494546875,-4.0122864583333335,-0.08817838541666667,0,0,0.001472965590665471,0.0011051784591384443,0.018344533771358387,0.007552555139392669,0.02136421435755717,0.0021526525823392273,0.014284722313908916,0.011457711108875506,0.019979706118928565,0.007310983958744884,0,0,165500,570,533213020,188893.6,217853.75,60
2003,848,0,2.0,120,440,-0.4769791666666667,1.4371041666666668,-5.195140625,-2.9532421875,-3.5609375,1.8967408854166667,-4.657158854166667,4.77365234375,-4.8613671875,-1.267484375,0,0,0.004804402108495879,0.0031939686939389165,0.019011691504324982,0.014201312981849266,0.023801426625596176,0.004206136028265698,0.022596970113297903,0.014006766143056534,0.019448130637122245,0.005176510898098009,0,0,203000,2157,907290140,163657.84,142807.55,60
1978,1226,1,2.0,160,940,-2.3840807291666666,-0.5000442708333334,2.4907708333333334,-3.9892447916666667,1.5680703125,1.3892057291666668,-5.554640625,3.4399375,2.035455729166667,-1.4864609375,0,0,0.0034938208373124433,0.0016464230356048465,0.0036266568842071986,0.01038880133010303,0.015164465979287153,0.003448397869940911,0.021990192667116663,0.011890611981572645,0.006529393246408595,0.007610322671980548,0,0,149900,108,533253210,218421.27,155403.94,60
1959,1053,0,1.0,100,380,0.5151497395833333,0.4158424479166667,-4.765061197916667,-2.7087591145833336,-3.2661419270833334,-0.07765104166666667,-0.24120833333333333,-3.4973919270833336,-3.9349622395833337,-1.0259505208333333,0,0,0.0016267660943215297,0.0011565545960144832,0.014065667194941208,0.01062462906547638,0.01908826915329588,0.0027867021206567444,0.013143177686488245,0.016176584880301638,0.018125330428222883,0.007938801049096727,0,0,257500,1216,534426040,131780.6,128790.04,60
1976,1113,1,1.0,120,980,-0.23816927083333334,-0.6088138020833334,-4.68266796875,-2.6619205729166664,-3.20966796875,1.274109375,-2.671328125,-1.42875,-3.8356640625,-1.0000559895833334,0,0,0.001472965590665471,0.0011369756502836944,0.018344533771358387,0.012922409934169453,0.02136421435755717,0.001728897114605522,0.014521562623006728,0.010478242004771912,0.01778726590992111,0.008701800396333646,0,0,220000,2176,908152070,141306.62,133748.53,60
1968,1388,1,2.0,120,1140,0.05678645833333334,-1.0864296875,2.4757447916666666,-0.42745833333333333,-2.040677083333333,-0.2852473958333333,-1.8834140625,2.9941692708333334,2.3236302083333333,-0.1430234375,0,0,0.00201107397694965,0.001693887409950079,0.0036266568842071986,0.009143663823684235,0.017530566958302483,0.003456165884521853,0.006564789322423826,0.006733039023368021,0.005211913541223266,0.002702550206080529,0,0,130000,2768,906476140,170525.39,160123.52,60
1920,1012,0,1.0,100,1500,0.8807135416666666,1.7144739583333333,-2.2507005208333335,-0.3798229166666667,-1.81325,-2.8289244791666666,-4.545453125,5.581947916666667,-1.8849869791666667,-0.12854166666666667,0,0,0.0018493351979499346,0.003028075222428806,0.0077625368126009,0.007215337803166696,0.01380786092613706,0.00636722597867773,0.02151585032773777,0.01623554627553871,0.011791633161564384,0.006526261752329276,0,0,210000,83,531477050,103045.3,102737.87,61
