StartDate,EndDate,Status,Progress,Duration (in seconds),Finished,ResponseId,DistributionChannel,UserLanguage,seed,PROLIFIC_PID,STUDY_ID,SESSION_ID,img_path,TotalTrialsH,TotalTrialsHAI,TotalTrials,test_order,test_index,test_mse,displayed_reward,attention_check_id,attention_check_index,COMP_CODE,training_response,hai_mse,h_pred,AI,explanation,index_group_id1,index_group_id2,RecordedDate,Q22,do_you_consent,1_Q5_2,2_Q5_2,3_Q5_2,4_Q5_2,5_Q5_2,6_Q5_2,7_Q5_2,8_Q5_2,9_Q5_2,10_Q5_2,11_Q5_2,12_Q5_2,1_Q30_2,2_Q30_2,3_Q30_2,4_Q30_2,5_Q30_2,6_Q30_2,7_Q30_2,8_Q30_2,9_Q30_2,10_Q30_2,11_Q30_2,12_Q30_2,1_Q32_2,2_Q32_2,3_Q32_2,4_Q32_2,5_Q32_2,6_Q32_2,7_Q32_2,8_Q32_2,9_Q32_2,10_Q32_2,11_Q32_2,12_Q32_2,1_Q34_2,2_Q34_2,3_Q34_2,4_Q34_2,5_Q34_2,6_Q34_2,7_Q34_2,8_Q34_2,9_Q34_2,10_Q34_2,11_Q34_2,12_Q34_2
Start Date,End Date,Response Type,Progress,Duration (in seconds),Finished,Response ID,Distribution Channel,User Language,seed,PROLIFIC_PID,STUDY_ID,SESSION_ID,img_path,TotalTrialsH,TotalTrialsHAI,TotalTrials,test_order,test_index,test_mse,displayed_reward,attention_check_id,attention_check_index,COMP_CODE,training_response,hai_mse,h_pred,AI,explanation,index_group_id1,index_group_id2,Recorded Date,Please describe in as much detail as possible the strategy that you used for making your guesses.  How did you come up with a guess based on the features and the AI predictions?,"By clicking on ""Yes"" below, you indicate that you agree to participate in this study.","Trial number: /[Field-TotalTrialsH],
	Round: 1/2








	
		
		
	
	
		
			Year Built
			
		
		
			# of Fireplaces
			
		
		
			Car Capacity in Garage
			
		
		
			Above Grade Living Area
			
		
		
			Feature X
			
		
		
			Feature Y
			
		
	






What is your guess for the sale price of this house?
(Please use the following slider to choose the answer and then click on the Next button to continue.) - 1 - Price ($K)","Trial number: /[Field-TotalTrialsH],
	Round: 1/2








	
		
		
	
	
		
			Year Built
			
		
		
			# of Fireplaces
			
		
		
			Car Capacity in Garage
			
		
		
			Above Grade Living Area
			
		
		
			Feature X
			
		
		
			Feature Y
			
		
	






What is your guess for the sale price of this house?
(Please use the following slider to choose the answer and then click on the Next button to continue.) - 2 - Price ($K)","Trial number: /[Field-TotalTrialsH],
	Round: 1/2








	
		
		
	
	
		
			Year Built
			
		
		
			# of Fireplaces
			
		
		
			Car Capacity in Garage
			
		
		
			Above Grade Living Area
			
		
		
			Feature X
			
		
		
			Feature Y
			
		
	






What is your guess for the sale price of this house?
(Please use the following slider to choose the answer and then click on the Next button to continue.) - 3 - Price ($K)","Trial number: /[Field-TotalTrialsH],
	Round: 1/2








	
		
		
	
	
		
			Year Built
			
		
		
			# of Fireplaces
			
		
		
			Car Capacity in Garage
			
		
		
			Above Grade Living Area
			
		
		
			Feature X
			
		
		
			Feature Y
			
		
	






What is your guess for the sale price of this house?
(Please use the following slider to choose the answer and then click on the Next button to continue.) - 4 - Price ($K)","Trial number: /[Field-TotalTrialsH],
	Round: 1/2








	
		
		
	
	
		
			Year Built
			
		
		
			# of Fireplaces
			
		
		
			Car Capacity in Garage
			
		
		
			Above Grade Living Area
			
		
		
			Feature X
			
		
		
			Feature Y
			
		
	






What is your guess for the sale price of this house?
(Please use the following slider to choose the answer and then click on the Next button to continue.) - 5 - Price ($K)","Trial number: /[Field-TotalTrialsH],
	Round: 1/2








	
		
		
	
	
		
			Year Built
			
		
		
			# of Fireplaces
			
		
		
			Car Capacity in Garage
			
		
		
			Above Grade Living Area
			
		
		
			Feature X
			
		
		
			Feature Y
			
		
	






What is your guess for the sale price of this house?
(Please use the following slider to choose the answer and then click on the Next button to continue.) - 6 - Price ($K)","Trial number: /[Field-TotalTrialsH],
	Round: 1/2








	
		
		
	
	
		
			Year Built
			
		
		
			# of Fireplaces
			
		
		
			Car Capacity in Garage
			
		
		
			Above Grade Living Area
			
		
		
			Feature X
			
		
		
			Feature Y
			
		
	






What is your guess for the sale price of this house?
(Please use the following slider to choose the answer and then click on the Next button to continue.) - 7 - Price ($K)","Trial number: /[Field-TotalTrialsH],
	Round: 1/2








	
		
		
	
	
		
			Year Built
			
		
		
			# of Fireplaces
			
		
		
			Car Capacity in Garage
			
		
		
			Above Grade Living Area
			
		
		
			Feature X
			
		
		
			Feature Y
			
		
	






What is your guess for the sale price of this house?
(Please use the following slider to choose the answer and then click on the Next button to continue.) - 8 - Price ($K)","Trial number: /[Field-TotalTrialsH],
	Round: 1/2








	
		
		
	
	
		
			Year Built
			
		
		
			# of Fireplaces
			
		
		
			Car Capacity in Garage
			
		
		
			Above Grade Living Area
			
		
		
			Feature X
			
		
		
			Feature Y
			
		
	






What is your guess for the sale price of this house?
(Please use the following slider to choose the answer and then click on the Next button to continue.) - 9 - Price ($K)","Trial number: /[Field-TotalTrialsH],
	Round: 1/2








	
		
		
	
	
		
			Year Built
			
		
		
			# of Fireplaces
			
		
		
			Car Capacity in Garage
			
		
		
			Above Grade Living Area
			
		
		
			Feature X
			
		
		
			Feature Y
			
		
	






What is your guess for the sale price of this house?
(Please use the following slider to choose the answer and then click on the Next button to continue.) - 10 - Price ($K)","Trial number: /[Field-TotalTrialsH],
	Round: 1/2








	
		
		
	
	
		
			Year Built
			
		
		
			# of Fireplaces
			
		
		
			Car Capacity in Garage
			
		
		
			Above Grade Living Area
			
		
		
			Feature X
			
		
		
			Feature Y
			
		
	






What is your guess for the sale price of this house?
(Please use the following slider to choose the answer and then click on the Next button to continue.) - 11 - Price ($K)","Trial number: /[Field-TotalTrialsH],
	Round: 1/2








	
		
		
	
	
		
			Year Built
			
		
		
			# of Fireplaces
			
		
		
			Car Capacity in Garage
			
		
		
			Above Grade Living Area
			
		
		
			Feature X
			
		
		
			Feature Y
			
		
	






What is your guess for the sale price of this house?
(Please use the following slider to choose the answer and then click on the Next button to continue.) - 12 - Price ($K)","Trial number: /[Field-TotalTrialsHAI],
	Round: 2/2








	
		
		
	
	
		
			Year Built
			
		
		
			# of Fireplaces
			
		
		
			Car Capacity in Garage
			
		
		
			Above Grade Living Area
			
		
		
			Feature X
			
		
		
			Feature Y
			
		
	




Model prediction: 


Your previous guess: 





What is your guess for the sale price of this house?
(Please use the following slider to choose the answer and then click on the Next button to continue.) - 1 - Price ($K)","Trial number: /[Field-TotalTrialsHAI],
	Round: 2/2








	
		
		
	
	
		
			Year Built
			
		
		
			# of Fireplaces
			
		
		
			Car Capacity in Garage
			
		
		
			Above Grade Living Area
			
		
		
			Feature X
			
		
		
			Feature Y
			
		
	




Model prediction: 


Your previous guess: 





What is your guess for the sale price of this house?
(Please use the following slider to choose the answer and then click on the Next button to continue.) - 2 - Price ($K)","Trial number: /[Field-TotalTrialsHAI],
	Round: 2/2








	
		
		
	
	
		
			Year Built
			
		
		
			# of Fireplaces
			
		
		
			Car Capacity in Garage
			
		
		
			Above Grade Living Area
			
		
		
			Feature X
			
		
		
			Feature Y
			
		
	




Model prediction: 


Your previous guess: 





What is your guess for the sale price of this house?
(Please use the following slider to choose the answer and then click on the Next button to continue.) - 3 - Price ($K)","Trial number: /[Field-TotalTrialsHAI],
	Round: 2/2








	
		
		
	
	
		
			Year Built
			
		
		
			# of Fireplaces
			
		
		
			Car Capacity in Garage
			
		
		
			Above Grade Living Area
			
		
		
			Feature X
			
		
		
			Feature Y
			
		
	




Model prediction: 


Your previous guess: 





What is your guess for the sale price of this house?
(Please use the following slider to choose the answer and then click on the Next button to continue.) - 4 - Price ($K)","Trial number: /[Field-TotalTrialsHAI],
	Round: 2/2








	
		
		
	
	
		
			Year Built
			
		
		
			# of Fireplaces
			
		
		
			Car Capacity in Garage
			
		
		
			Above Grade Living Area
			
		
		
			Feature X
			
		
		
			Feature Y
			
		
	




Model prediction: 


Your previous guess: 





What is your guess for the sale price of this house?
(Please use the following slider to choose the answer and then click on the Next button to continue.) - 5 - Price ($K)","Trial number: /[Field-TotalTrialsHAI],
	Round: 2/2








	
		
		
	
	
		
			Year Built
			
		
		
			# of Fireplaces
			
		
		
			Car Capacity in Garage
			
		
		
			Above Grade Living Area
			
		
		
			Feature X
			
		
		
			Feature Y
			
		
	




Model prediction: 


Your previous guess: 





What is your guess for the sale price of this house?
(Please use the following slider to choose the answer and then click on the Next button to continue.) - 6 - Price ($K)","Trial number: /[Field-TotalTrialsHAI],
	Round: 2/2








	
		
		
	
	
		
			Year Built
			
		
		
			# of Fireplaces
			
		
		
			Car Capacity in Garage
			
		
		
			Above Grade Living Area
			
		
		
			Feature X
			
		
		
			Feature Y
			
		
	




Model prediction: 


Your previous guess: 





What is your guess for the sale price of this house?
(Please use the following slider to choose the answer and then click on the Next button to continue.) - 7 - Price ($K)","Trial number: /[Field-TotalTrialsHAI],
	Round: 2/2








	
		
		
	
	
		
			Year Built
			
		
		
			# of Fireplaces
			
		
		
			Car Capacity in Garage
			
		
		
			Above Grade Living Area
			
		
		
			Feature X
			
		
		
			Feature Y
			
		
	




Model prediction: 


Your previous guess: 





What is your guess for the sale price of this house?
(Please use the following slider to choose the answer and then click on the Next button to continue.) - 8 - Price ($K)","Trial number: /[Field-TotalTrialsHAI],
	Round: 2/2








	
		
		
	
	
		
			Year Built
			
		
		
			# of Fireplaces
			
		
		
			Car Capacity in Garage
			
		
		
			Above Grade Living Area
			
		
		
			Feature X
			
		
		
			Feature Y
			
		
	




Model prediction: 


Your previous guess: 





What is your guess for the sale price of this house?
(Please use the following slider to choose the answer and then click on the Next button to continue.) - 9 - Price ($K)","Trial number: /[Field-TotalTrialsHAI],
	Round: 2/2








	
		
		
	
	
		
			Year Built
			
		
		
			# of Fireplaces
			
		
		
			Car Capacity in Garage
			
		
		
			Above Grade Living Area
			
		
		
			Feature X
			
		
		
			Feature Y
			
		
	




Model prediction: 


Your previous guess: 





What is your guess for the sale price of this house?
(Please use the following slider to choose the answer and then click on the Next button to continue.) - 10 - Price ($K)","Trial number: /[Field-TotalTrialsHAI],
	Round: 2/2








	
		
		
	
	
		
			Year Built
			
		
		
			# of Fireplaces
			
		
		
			Car Capacity in Garage
			
		
		
			Above Grade Living Area
			
		
		
			Feature X
			
		
		
			Feature Y
			
		
	




Model prediction: 


Your previous guess: 





What is your guess for the sale price of this house?
(Please use the following slider to choose the answer and then click on the Next button to continue.) - 11 - Price ($K)","Trial number: /[Field-TotalTrialsHAI],
	Round: 2/2








	
		
		
	
	
		
			Year Built
			
		
		
			# of Fireplaces
			
		
		
			Car Capacity in Garage
			
		
		
			Above Grade Living Area
			
		
		
			Feature X
			
		
		
			Feature Y
			
		
	




Model prediction: 


Your previous guess: 





What is your guess for the sale price of this house?
(Please use the following slider to choose the answer and then click on the Next button to continue.) - 12 - Price ($K)","Trial number: /[Field-TotalTrialsHAI],
	Round: 2/2








	
		
		
		
	
	
		
			Feature name
			Value
			Impact on AI prediction
		
    
	
		
			Year Built
			
			
		
		
			# of Fireplaces
			
			
		
		
			Car Capacity in Garage
			
			
		
		
			Above Grade Living Area
			
			
		
		
			Feature X
			
			
		
		
			Feature Y
			
			
		
	



Model prediction: 


Your previous guess: 





What is your guess for the sale price of this house?
(Please use the following slider to choose the answer and then click on the Next button to continue.) - 1 - Price ($K)","Trial number: /[Field-TotalTrialsHAI],
	Round: 2/2








	
		
		
		
	
	
		
			Feature name
			Value
			Impact on AI prediction
		
    
	
		
			Year Built
			
			
		
		
			# of Fireplaces
			
			
		
		
			Car Capacity in Garage
			
			
		
		
			Above Grade Living Area
			
			
		
		
			Feature X
			
			
		
		
			Feature Y
			
			
		
	



Model prediction: 


Your previous guess: 





What is your guess for the sale price of this house?
(Please use the following slider to choose the answer and then click on the Next button to continue.) - 2 - Price ($K)","Trial number: /[Field-TotalTrialsHAI],
	Round: 2/2








	
		
		
		
	
	
		
			Feature name
			Value
			Impact on AI prediction
		
    
	
		
			Year Built
			
			
		
		
			# of Fireplaces
			
			
		
		
			Car Capacity in Garage
			
			
		
		
			Above Grade Living Area
			
			
		
		
			Feature X
			
			
		
		
			Feature Y
			
			
		
	



Model prediction: 


Your previous guess: 





What is your guess for the sale price of this house?
(Please use the following slider to choose the answer and then click on the Next button to continue.) - 3 - Price ($K)","Trial number: /[Field-TotalTrialsHAI],
	Round: 2/2








	
		
		
		
	
	
		
			Feature name
			Value
			Impact on AI prediction
		
    
	
		
			Year Built
			
			
		
		
			# of Fireplaces
			
			
		
		
			Car Capacity in Garage
			
			
		
		
			Above Grade Living Area
			
			
		
		
			Feature X
			
			
		
		
			Feature Y
			
			
		
	



Model prediction: 


Your previous guess: 





What is your guess for the sale price of this house?
(Please use the following slider to choose the answer and then click on the Next button to continue.) - 4 - Price ($K)","Trial number: /[Field-TotalTrialsHAI],
	Round: 2/2








	
		
		
		
	
	
		
			Feature name
			Value
			Impact on AI prediction
		
    
	
		
			Year Built
			
			
		
		
			# of Fireplaces
			
			
		
		
			Car Capacity in Garage
			
			
		
		
			Above Grade Living Area
			
			
		
		
			Feature X
			
			
		
		
			Feature Y
			
			
		
	



Model prediction: 


Your previous guess: 





What is your guess for the sale price of this house?
(Please use the following slider to choose the answer and then click on the Next button to continue.) - 5 - Price ($K)","Trial number: /[Field-TotalTrialsHAI],
	Round: 2/2








	
		
		
		
	
	
		
			Feature name
			Value
			Impact on AI prediction
		
    
	
		
			Year Built
			
			
		
		
			# of Fireplaces
			
			
		
		
			Car Capacity in Garage
			
			
		
		
			Above Grade Living Area
			
			
		
		
			Feature X
			
			
		
		
			Feature Y
			
			
		
	



Model prediction: 


Your previous guess: 





What is your guess for the sale price of this house?
(Please use the following slider to choose the answer and then click on the Next button to continue.) - 6 - Price ($K)","Trial number: /[Field-TotalTrialsHAI],
	Round: 2/2








	
		
		
		
	
	
		
			Feature name
			Value
			Impact on AI prediction
		
    
	
		
			Year Built
			
			
		
		
			# of Fireplaces
			
			
		
		
			Car Capacity in Garage
			
			
		
		
			Above Grade Living Area
			
			
		
		
			Feature X
			
			
		
		
			Feature Y
			
			
		
	



Model prediction: 


Your previous guess: 





What is your guess for the sale price of this house?
(Please use the following slider to choose the answer and then click on the Next button to continue.) - 7 - Price ($K)","Trial number: /[Field-TotalTrialsHAI],
	Round: 2/2








	
		
		
		
	
	
		
			Feature name
			Value
			Impact on AI prediction
		
    
	
		
			Year Built
			
			
		
		
			# of Fireplaces
			
			
		
		
			Car Capacity in Garage
			
			
		
		
			Above Grade Living Area
			
			
		
		
			Feature X
			
			
		
		
			Feature Y
			
			
		
	



Model prediction: 


Your previous guess: 





What is your guess for the sale price of this house?
(Please use the following slider to choose the answer and then click on the Next button to continue.) - 8 - Price ($K)","Trial number: /[Field-TotalTrialsHAI],
	Round: 2/2








	
		
		
		
	
	
		
			Feature name
			Value
			Impact on AI prediction
		
    
	
		
			Year Built
			
			
		
		
			# of Fireplaces
			
			
		
		
			Car Capacity in Garage
			
			
		
		
			Above Grade Living Area
			
			
		
		
			Feature X
			
			
		
		
			Feature Y
			
			
		
	



Model prediction: 


Your previous guess: 





What is your guess for the sale price of this house?
(Please use the following slider to choose the answer and then click on the Next button to continue.) - 9 - Price ($K)","Trial number: /[Field-TotalTrialsHAI],
	Round: 2/2








	
		
		
		
	
	
		
			Feature name
			Value
			Impact on AI prediction
		
    
	
		
			Year Built
			
			
		
		
			# of Fireplaces
			
			
		
		
			Car Capacity in Garage
			
			
		
		
			Above Grade Living Area
			
			
		
		
			Feature X
			
			
		
		
			Feature Y
			
			
		
	



Model prediction: 


Your previous guess: 





What is your guess for the sale price of this house?
(Please use the following slider to choose the answer and then click on the Next button to continue.) - 10 - Price ($K)","Trial number: /[Field-TotalTrialsHAI],
	Round: 2/2








	
		
		
		
	
	
		
			Feature name
			Value
			Impact on AI prediction
		
    
	
		
			Year Built
			
			
		
		
			# of Fireplaces
			
			
		
		
			Car Capacity in Garage
			
			
		
		
			Above Grade Living Area
			
			
		
		
			Feature X
			
			
		
		
			Feature Y
			
			
		
	



Model prediction: 


Your previous guess: 





What is your guess for the sale price of this house?
(Please use the following slider to choose the answer and then click on the Next button to continue.) - 11 - Price ($K)","Trial number: /[Field-TotalTrialsHAI],
	Round: 2/2








	
		
		
		
	
	
		
			Feature name
			Value
			Impact on AI prediction
		
    
	
		
			Year Built
			
			
		
		
			# of Fireplaces
			
			
		
		
			Car Capacity in Garage
			
			
		
		
			Above Grade Living Area
			
			
		
		
			Feature X
			
			
		
		
			Feature Y
			
			
		
	



Model prediction: 


Your previous guess: 





What is your guess for the sale price of this house?
(Please use the following slider to choose the answer and then click on the Next button to continue.) - 12 - Price ($K)","Trial number: /[Field-TotalTrialsHAI],
	Round: 2/2








	
		
		
		

	
	
		
			Feature name
			Value
			Impact on AI prediction
		
    
	
		
			Year Built
			
			

		
		
			# of Fireplaces
			
			

		
		
			Car Capacity in Garage
			
			

		
		
			Above Grade Living Area
			
			

		
		
			Feature X
			
			

		
		
			Feature Y
			
			

		
	



Model prediction: 


Your previous guess: 


	Looking at how the model reacts to highlighted features is most likely to help you




What is your guess for the sale price of this house?
(Please use the following slider to choose the answer and then click on the Next button to continue.) - 1 - Price ($K)","Trial number: /[Field-TotalTrialsHAI],
	Round: 2/2








	
		
		
		

	
	
		
			Feature name
			Value
			Impact on AI prediction
		
    
	
		
			Year Built
			
			

		
		
			# of Fireplaces
			
			

		
		
			Car Capacity in Garage
			
			

		
		
			Above Grade Living Area
			
			

		
		
			Feature X
			
			

		
		
			Feature Y
			
			

		
	



Model prediction: 


Your previous guess: 


	Looking at how the model reacts to highlighted features is most likely to help you




What is your guess for the sale price of this house?
(Please use the following slider to choose the answer and then click on the Next button to continue.) - 2 - Price ($K)","Trial number: /[Field-TotalTrialsHAI],
	Round: 2/2








	
		
		
		

	
	
		
			Feature name
			Value
			Impact on AI prediction
		
    
	
		
			Year Built
			
			

		
		
			# of Fireplaces
			
			

		
		
			Car Capacity in Garage
			
			

		
		
			Above Grade Living Area
			
			

		
		
			Feature X
			
			

		
		
			Feature Y
			
			

		
	



Model prediction: 


Your previous guess: 


	Looking at how the model reacts to highlighted features is most likely to help you




What is your guess for the sale price of this house?
(Please use the following slider to choose the answer and then click on the Next button to continue.) - 3 - Price ($K)","Trial number: /[Field-TotalTrialsHAI],
	Round: 2/2








	
		
		
		

	
	
		
			Feature name
			Value
			Impact on AI prediction
		
    
	
		
			Year Built
			
			

		
		
			# of Fireplaces
			
			

		
		
			Car Capacity in Garage
			
			

		
		
			Above Grade Living Area
			
			

		
		
			Feature X
			
			

		
		
			Feature Y
			
			

		
	



Model prediction: 


Your previous guess: 


	Looking at how the model reacts to highlighted features is most likely to help you




What is your guess for the sale price of this house?
(Please use the following slider to choose the answer and then click on the Next button to continue.) - 4 - Price ($K)","Trial number: /[Field-TotalTrialsHAI],
	Round: 2/2








	
		
		
		

	
	
		
			Feature name
			Value
			Impact on AI prediction
		
    
	
		
			Year Built
			
			

		
		
			# of Fireplaces
			
			

		
		
			Car Capacity in Garage
			
			

		
		
			Above Grade Living Area
			
			

		
		
			Feature X
			
			

		
		
			Feature Y
			
			

		
	



Model prediction: 


Your previous guess: 


	Looking at how the model reacts to highlighted features is most likely to help you




What is your guess for the sale price of this house?
(Please use the following slider to choose the answer and then click on the Next button to continue.) - 5 - Price ($K)","Trial number: /[Field-TotalTrialsHAI],
	Round: 2/2








	
		
		
		

	
	
		
			Feature name
			Value
			Impact on AI prediction
		
    
	
		
			Year Built
			
			

		
		
			# of Fireplaces
			
			

		
		
			Car Capacity in Garage
			
			

		
		
			Above Grade Living Area
			
			

		
		
			Feature X
			
			

		
		
			Feature Y
			
			

		
	



Model prediction: 


Your previous guess: 


	Looking at how the model reacts to highlighted features is most likely to help you




What is your guess for the sale price of this house?
(Please use the following slider to choose the answer and then click on the Next button to continue.) - 6 - Price ($K)","Trial number: /[Field-TotalTrialsHAI],
	Round: 2/2








	
		
		
		

	
	
		
			Feature name
			Value
			Impact on AI prediction
		
    
	
		
			Year Built
			
			

		
		
			# of Fireplaces
			
			

		
		
			Car Capacity in Garage
			
			

		
		
			Above Grade Living Area
			
			

		
		
			Feature X
			
			

		
		
			Feature Y
			
			

		
	



Model prediction: 


Your previous guess: 


	Looking at how the model reacts to highlighted features is most likely to help you




What is your guess for the sale price of this house?
(Please use the following slider to choose the answer and then click on the Next button to continue.) - 7 - Price ($K)","Trial number: /[Field-TotalTrialsHAI],
	Round: 2/2








	
		
		
		

	
	
		
			Feature name
			Value
			Impact on AI prediction
		
    
	
		
			Year Built
			
			

		
		
			# of Fireplaces
			
			

		
		
			Car Capacity in Garage
			
			

		
		
			Above Grade Living Area
			
			

		
		
			Feature X
			
			

		
		
			Feature Y
			
			

		
	



Model prediction: 


Your previous guess: 


	Looking at how the model reacts to highlighted features is most likely to help you




What is your guess for the sale price of this house?
(Please use the following slider to choose the answer and then click on the Next button to continue.) - 8 - Price ($K)","Trial number: /[Field-TotalTrialsHAI],
	Round: 2/2








	
		
		
		

	
	
		
			Feature name
			Value
			Impact on AI prediction
		
    
	
		
			Year Built
			
			

		
		
			# of Fireplaces
			
			

		
		
			Car Capacity in Garage
			
			

		
		
			Above Grade Living Area
			
			

		
		
			Feature X
			
			

		
		
			Feature Y
			
			

		
	



Model prediction: 


Your previous guess: 


	Looking at how the model reacts to highlighted features is most likely to help you




What is your guess for the sale price of this house?
(Please use the following slider to choose the answer and then click on the Next button to continue.) - 9 - Price ($K)","Trial number: /[Field-TotalTrialsHAI],
	Round: 2/2








	
		
		
		

	
	
		
			Feature name
			Value
			Impact on AI prediction
		
    
	
		
			Year Built
			
			

		
		
			# of Fireplaces
			
			

		
		
			Car Capacity in Garage
			
			

		
		
			Above Grade Living Area
			
			

		
		
			Feature X
			
			

		
		
			Feature Y
			
			

		
	



Model prediction: 


Your previous guess: 


	Looking at how the model reacts to highlighted features is most likely to help you




What is your guess for the sale price of this house?
(Please use the following slider to choose the answer and then click on the Next button to continue.) - 10 - Price ($K)","Trial number: /[Field-TotalTrialsHAI],
	Round: 2/2








	
		
		
		

	
	
		
			Feature name
			Value
			Impact on AI prediction
		
    
	
		
			Year Built
			
			

		
		
			# of Fireplaces
			
			

		
		
			Car Capacity in Garage
			
			

		
		
			Above Grade Living Area
			
			

		
		
			Feature X
			
			

		
		
			Feature Y
			
			

		
	



Model prediction: 


Your previous guess: 


	Looking at how the model reacts to highlighted features is most likely to help you




What is your guess for the sale price of this house?
(Please use the following slider to choose the answer and then click on the Next button to continue.) - 11 - Price ($K)","Trial number: /[Field-TotalTrialsHAI],
	Round: 2/2








	
		
		
		

	
	
		
			Feature name
			Value
			Impact on AI prediction
		
    
	
		
			Year Built
			
			

		
		
			# of Fireplaces
			
			

		
		
			Car Capacity in Garage
			
			

		
		
			Above Grade Living Area
			
			

		
		
			Feature X
			
			

		
		
			Feature Y
			
			

		
	



Model prediction: 


Your previous guess: 


	Looking at how the model reacts to highlighted features is most likely to help you




What is your guess for the sale price of this house?
(Please use the following slider to choose the answer and then click on the Next button to continue.) - 12 - Price ($K)"
"{""ImportId"":""startDate"",""timeZone"":""America/Chicago""}","{""ImportId"":""endDate"",""timeZone"":""America/Chicago""}","{""ImportId"":""status""}","{""ImportId"":""progress""}","{""ImportId"":""duration""}","{""ImportId"":""finished""}","{""ImportId"":""_recordId""}","{""ImportId"":""distributionChannel""}","{""ImportId"":""userLanguage""}","{""ImportId"":""seed""}","{""ImportId"":""PROLIFIC_PID""}","{""ImportId"":""STUDY_ID""}","{""ImportId"":""SESSION_ID""}","{""ImportId"":""img_path""}","{""ImportId"":""TotalTrialsH""}","{""ImportId"":""TotalTrialsHAI""}","{""ImportId"":""TotalTrials""}","{""ImportId"":""test_order""}","{""ImportId"":""test_index""}","{""ImportId"":""test_mse""}","{""ImportId"":""displayed_reward""}","{""ImportId"":""attention_check_id""}","{""ImportId"":""attention_check_index""}","{""ImportId"":""COMP_CODE""}","{""ImportId"":""training_response""}","{""ImportId"":""hai_mse""}","{""ImportId"":""h_pred""}","{""ImportId"":""AI""}","{""ImportId"":""explanation""}","{""ImportId"":""index_group_id1""}","{""ImportId"":""index_group_id2""}","{""ImportId"":""recordedDate"",""timeZone"":""America/Chicago""}","{""ImportId"":""QID22_TEXT""}","{""ImportId"":""QID17""}","{""ImportId"":""1_QID5_2""}","{""ImportId"":""2_QID5_2""}","{""ImportId"":""3_QID5_2""}","{""ImportId"":""4_QID5_2""}","{""ImportId"":""5_QID5_2""}","{""ImportId"":""6_QID5_2""}","{""ImportId"":""7_QID5_2""}","{""ImportId"":""8_QID5_2""}","{""ImportId"":""9_QID5_2""}","{""ImportId"":""10_QID5_2""}","{""ImportId"":""11_QID5_2""}","{""ImportId"":""12_QID5_2""}","{""ImportId"":""1_QID30_2""}","{""ImportId"":""2_QID30_2""}","{""ImportId"":""3_QID30_2""}","{""ImportId"":""4_QID30_2""}","{""ImportId"":""5_QID30_2""}","{""ImportId"":""6_QID30_2""}","{""ImportId"":""7_QID30_2""}","{""ImportId"":""8_QID30_2""}","{""ImportId"":""9_QID30_2""}","{""ImportId"":""10_QID30_2""}","{""ImportId"":""11_QID30_2""}","{""ImportId"":""12_QID30_2""}","{""ImportId"":""1_QID32_2""}","{""ImportId"":""2_QID32_2""}","{""ImportId"":""3_QID32_2""}","{""ImportId"":""4_QID32_2""}","{""ImportId"":""5_QID32_2""}","{""ImportId"":""6_QID32_2""}","{""ImportId"":""7_QID32_2""}","{""ImportId"":""8_QID32_2""}","{""ImportId"":""9_QID32_2""}","{""ImportId"":""10_QID32_2""}","{""ImportId"":""11_QID32_2""}","{""ImportId"":""12_QID32_2""}","{""ImportId"":""1_QID34_2""}","{""ImportId"":""2_QID34_2""}","{""ImportId"":""3_QID34_2""}","{""ImportId"":""4_QID34_2""}","{""ImportId"":""5_QID34_2""}","{""ImportId"":""6_QID34_2""}","{""ImportId"":""7_QID34_2""}","{""ImportId"":""8_QID34_2""}","{""ImportId"":""9_QID34_2""}","{""ImportId"":""10_QID34_2""}","{""ImportId"":""11_QID34_2""}","{""ImportId"":""12_QID34_2""}"
2025-05-10 11:48:54,2025-05-10 11:53:22,IP Address,100,267,True,R_7rMssTr2X2F4Tur,anonymous,EN,8886,66045b87ffe71e6e521f357d,681f814b0cc46f4718b7a737,681f836c71cbbad07ef1bbf8,https://github.com/Guoziyang27/guoziyang27.github.io/tree/master/assets/csv,12,12,24,"[""1938"",""229"",""988"",""679"",""841"",""2641"",""1309"",""2639"",""2685"",""2604"",""969"",""593""]","[120,121,122,123,124,125,126,127,128,129,130,131]",249775.66,3,"[7,17]",7,0,[],31595.66,"[""236"",""218"",""309"",""208"",""305"",""279"",""251"",""320"",""219"",""313"",""197"",""193""]",pred2,none,2,0,2025-05-10 11:53:23,"Fireplace is in a more luxury home. Also garage space is luxury. I do trust the AI prediction though. ",Yes,236,218,309,208,305,279,251,320,219,313,197,193,143,221,212,113,159,160,171,140,121,133,301,200,,,,,,,,,,,,,,,,,,,,,,,,
2025-05-10 11:48:06,2025-05-10 11:53:50,IP Address,100,344,True,R_75T5liT3UwY8r0P,anonymous,EN,2953,5f79bca83a2eb65c0983816d,681f814b0cc46f4718b7a737,681f833b505e4d513995c639,https://github.com/Guoziyang27/guoziyang27.github.io/tree/master/assets/csv,12,12,24,"[""322"",""1308"",""2166"",""298"",""2825"",""2257"",""1590"",""1608"",""2226"",""429"",""2572"",""1416""]","[180,181,182,183,184,185,186,187,188,189,190,191]",1777620.53385,3,"[7,17]",7,0,[],25012.10385,"[""442"",""435"",""661"",""660"",""749"",""607"",""539"",""670"",""500"",""753"",""419"",""472""]",pred2,both,3,0,2025-05-10 11:53:51,The square footage was my main thing  I figured bigger houses would be worth more,Yes,442,435,661,660,749,607,539,670,500,753,419,472,,,,,,,,,,,,,,,,,,,,,,,,,352,122,233,209,281,214,190,179,163,373,141,131
2025-05-10 11:45:34,2025-05-10 11:53:50,IP Address,100,495,True,R_6rPjqUdSYfFXYDX,anonymous,EN,7314,658248329be62e92407c8c7f,681f814b0cc46f4718b7a737,681f82a0ce2513be6a0febb0,https://github.com/Guoziyang27/guoziyang27.github.io/tree/master/assets/csv,12,12,24,"[""1737"",""2854"",""1659"",""1148"",""2254"",""1755"",""680"",""2100"",""2734"",""2122"",""1726"",""1962""]","[228,229,230,231,232,233,234,235,236,237,238,239]",665812.542856,3,"[7,17]",7,0,[],93596.990856,"[""520"",""512"",""357"",""362"",""263"",""594"",""133"",""668"",""278"",""252"",""470"",""308""]",pred2,shap,3,4,2025-05-10 11:53:51,"Decided which features I thought made the biggest impact on the price of the house, then adjusted slider accordingly. With the AI predictions, I took the amount into account and tried to find an inbetween price between their prediction and my previous guess",Yes,520,512,357,362,263,594,133,668,278,252,470,308,,,,,,,,,,,,,209,291,275,251,122,394,134,471,220,212,305,192,,,,,,,,,,,,
2025-05-10 11:48:00,2025-05-10 11:55:07,IP Address,100,426,True,R_6SaxCDtZgFkr6vL,anonymous,EN,634,67ad0a78f190ab5288f928bc,681f814b0cc46f4718b7a737,681f8333f80514474d0b0ee3,https://github.com/Guoziyang27/guoziyang27.github.io/tree/master/assets/csv,12,12,24,"[""172"",""1352"",""46"",""675"",""544"",""980"",""1655"",""2813"",""2445"",""2094"",""1954"",""2350""]","[192,193,194,195,196,197,198,199,200,201,202,203]",1194648.1724999999,3,"[7,17]",7,0,[],557901.9725,"[""324"",""463"",""391"",""532"",""536"",""618"",""463"",""452"",""544"",""537"",""468"",""510""]",pred1,shap,3,1,2025-05-10 11:55:08,none,Yes,324,463,391,532,536,618,463,452,544,537,468,510,,,,,,,,,,,,,390,459,350,359,521,355,359,353,387,256,311,493,,,,,,,,,,,,
2025-05-10 11:43:43,2025-05-10 11:55:11,IP Address,100,687,True,R_6mCmMGwshUbpuFx,anonymous,EN,5641,67dfc7953881052b94892d8b,681f814b0cc46f4718b7a737,681f8232b7110126e0cd1ff9,https://github.com/Guoziyang27/guoziyang27.github.io/tree/master/assets/csv,12,12,24,"[""1777"",""2011"",""703"",""813"",""1409"",""959"",""2582"",""1232"",""2183"",""1039"",""2344"",""1993""]","[84,85,86,87,88,89,90,91,92,93,94,95]",165986.57993,3,"[7,17]",7,0,[],35164.08392999999,"[""278"",""233"",""306"",""264"",""248"",""254"",""252"",""308"",""304"",""261"",""370"",""260""]",pred2,none,1,2,2025-05-10 11:55:12,"In making my price guesses, I relied heavily on the AI-predicted price as a baseline reference. I viewed it as an informed estimate and adjusted from it depending on the other features. For example, if the AI-predicted price seemed too high for a property with low square footage or few bedrooms, I guessed slightly lower.",Yes,278,233,306,264,248,254,252,308,304,261,370,260,278,196,261,240,151,238,174,183,167,169,263,108,,,,,,,,,,,,,,,,,,,,,,,,
2025-05-10 11:48:56,2025-05-10 11:55:23,IP Address,100,387,True,R_7qUQ8e5LEilWEcB,anonymous,EN,6460,57529fbc947a3d0007b53d1d,681f814b0cc46f4718b7a737,681f83396bd38ef49987eb36,https://github.com/Guoziyang27/guoziyang27.github.io/tree/master/assets/csv,12,12,24,"[""830"",""2623"",""1959"",""2069"",""121"",""682"",""2018"",""1786"",""2136"",""1027"",""303"",""564""]","[156,157,158,159,160,161,162,163,164,165,166,167]",163049.565584,3,"[7,17]",7,0,[],1489.9975839999997,"[""300"",""300"",""225"",""247"",""245"",""300"",""300"",""300"",""252"",""256"",""207"",""270""]",pred2,both,2,3,2025-05-10 11:55:24,I just used my best judgement,Yes,300,300,225,247,245,300,300,300,252,256,207,270,,,,,,,,,,,,,,,,,,,,,,,,,184,120,149,145,139,133,116,253,146,139,69,278
2025-05-10 11:44:09,2025-05-10 11:56:35,IP Address,100,746,True,R_5WCojCeB3VK0Gg9,anonymous,EN,734,67e87a253b9b4747c85c45cb,681f814b0cc46f4718b7a737,681f822edf512065908e00db,https://github.com/Guoziyang27/guoziyang27.github.io/tree/master/assets/csv,12,12,24,"[""502"",""1090"",""809"",""2396"",""2554"",""1748"",""2717"",""1489"",""2513"",""2035"",""1518"",""2653""]","[48,49,50,51,52,53,54,55,56,57,58,59]",434371.631569,3,"[7,17]",7,0,[],9087.621569,"[""540"",""365"",""321"",""488"",""214"",""507"",""332"",""250"",""344"",""222"",""194"",""431""]",pred1,both,0,4,2025-05-10 11:56:36,"Based my guesses mostly on the year built ",Yes,540,365,321,488,214,507,332,250,344,222,194,431,,,,,,,,,,,,,,,,,,,,,,,,,268,221,186,413,133,210,181,152,201,140,152,121
2025-05-10 11:48:19,2025-05-10 11:56:41,IP Address,100,501,True,R_6jcXWu5EGhTXmkb,anonymous,EN,7955,67ca11d4a3397b2014be56b4,681f814b0cc46f4718b7a737,681f8342636a617d83702a08,https://github.com/Guoziyang27/guoziyang27.github.io/tree/master/assets/csv,12,12,24,"[""95"",""2712"",""2847"",""1508"",""2111"",""1069"",""2915"",""2429"",""1646"",""453"",""196"",""2019""]","[24,25,26,27,28,29,30,31,32,33,34,35]",110515.91672099999,3,"[7,17]",7,0,[],9620.684721000001,"[""232"",""168"",""131"",""123"",""135"",""116"",""111"",""133"",""110"",""91"",""82"",""60""]",pred1,shap,0,2,2025-05-10 11:56:42,I Aconsidered the year it as built against the grade living area,Yes,232,168,131,123,135,116,111,133,110,91,82,60,,,,,,,,,,,,,182,132,168,94,189,303,111,289,184,193,172,152,,,,,,,,,,,,
2025-05-10 11:48:43,2025-05-10 11:57:12,IP Address,100,509,True,R_6HIAzJNypMzE10V,anonymous,EN,241,641386b1cb9a9c1e3569d4ee,681f814b0cc46f4718b7a737,681f8344ce3700ce36c701fe,https://github.com/Guoziyang27/guoziyang27.github.io/tree/master/assets/csv,12,12,24,"[""830"",""2623"",""1959"",""2069"",""121"",""682"",""2018"",""1786"",""2136"",""1027"",""303"",""564""]","[156,157,158,159,160,161,162,163,164,165,166,167]",366690.893584,3,"[7,17]",7,0,[],53014.22958399999,"[""379"",""293"",""317"",""350"",""305"",""313"",""268"",""487"",""357"",""333"",""243"",""311""]",pred2,both,2,3,2025-05-10 11:57:13,"I tried to look at the year built as the driving home price factor.  The older the home, the older the fixtures most likely and possibly the more reno it would need, making the price lower.  Living area above grade was the second most important factor.  I used the AI predictions to guide me better because I don't know home prices generally in that area.",Yes,379,293,317,350,305,313,268,487,357,333,243,311,,,,,,,,,,,,,,,,,,,,,,,,,416,162,153,159,138,138,128,256,144,138,68,285
2025-05-10 11:46:02,2025-05-10 11:57:45,IP Address,100,703,True,R_6pbg2BvkXQZMWid,anonymous,EN,9619,67d73460a2d7812a614f48ba,681f814b0cc46f4718b7a737,681f8228c6d198f4cdea6d28,https://github.com/Guoziyang27/guoziyang27.github.io/tree/master/assets/csv,12,12,24,"[""830"",""2623"",""1959"",""2069"",""121"",""682"",""2018"",""1786"",""2136"",""1027"",""303"",""564""]","[156,157,158,159,160,161,162,163,164,165,166,167]",60681.261584,4.01,"[7,17]",7,0,[],11019.885584,"[""114"",""124"",""80"",""75"",""129"",""118"",""77"",""184"",""107"",""95"",""60"",""102""]",pred2,shap,2,3,2025-05-10 11:57:46,the year built determined the condition of the house . most likely modern people would start by looking at the garage capacity which was the next factor i determined.,Yes,114,124,80,75,129,118,77,184,107,95,60,102,,,,,,,,,,,,,159,119,131,121,134,139,110,305,143,125,60,220,,,,,,,,,,,,
2025-05-10 11:48:07,2025-05-10 11:59:35,IP Address,100,687,True,R_7gT2T3KcqATvQNT,anonymous,EN,1905,67d86290a2be1370fc1e4083,681f814b0cc46f4718b7a737,681f833d96c71ebb131b7039,https://github.com/Guoziyang27/guoziyang27.github.io/tree/master/assets/csv,12,12,24,"[""2426"",""234"",""2054"",""1679"",""2400"",""1179"",""228"",""2120"",""2697"",""1514"",""2596"",""1037""]","[96,97,98,99,100,101,102,103,104,105,106,107]",1158294.0576,3,"[7,17]",7,0,[],36121.37759999999,"[""227"",""259"",""509"",""304"",""432"",""310"",""589"",""375"",""431"",""663"",""470"",""499""]",pred1,shap,1,3,2025-05-10 11:59:35,the prices,Yes,227,259,509,304,432,310,589,375,431,663,470,499,,,,,,,,,,,,,333,197,131,159,373,290,167,167,126,93,89,127,,,,,,,,,,,,
2025-05-10 11:47:05,2025-05-10 11:59:43,IP Address,100,757,True,R_1sRcqvt7gbVLS1M,anonymous,EN,930,66d8790772c9e0e4ee96259c,681f814b0cc46f4718b7a737,681f82ea2a7bdc73f8aad49e,https://github.com/Guoziyang27/guoziyang27.github.io/tree/master/assets/csv,12,12,24,"[""903"",""1343"",""2846"",""1195"",""2797"",""109"",""1216"",""1501"",""1720"",""1418"",""867"",""1005""]","[36,37,38,39,40,41,42,43,44,45,46,47]",32132,4.84,"[7,17]",7,0,[],9759,"[""150"",""165"",""163"",""162"",""205"",""183"",""168"",""185"",""209"",""164"",""256"",""229""]",pred1,both,0,3,2025-05-10 11:59:43,"I mainly focused on the year build and living area for the first round, as I think they would have the biggest influence on price. In the second round, I completely followed the ai, as I think it would know better than me. The only exception was one it had valued at $400,000 and I thought the limit was $275,000, so I went with that.",Yes,150,165,163,162,205,183,168,185,209,164,256,229,,,,,,,,,,,,,,,,,,,,,,,,,145,87,111,151,283,163,138,95,246,107,275,196
2025-05-10 11:48:16,2025-05-10 11:59:49,IP Address,100,692,True,R_1i9W1m631Pb7Ckc,anonymous,EN,41,67e559f700736140ccbf207b,681f814b0cc46f4718b7a737,681f833c9899cd8aa5b3aa6f,https://github.com/Guoziyang27/guoziyang27.github.io/tree/master/assets/csv,12,12,24,"[""926"",""621"",""2413"",""5"",""1585"",""856"",""2229"",""2906"",""1760"",""1150"",""1142"",""108""]","[168,169,170,171,172,173,174,175,176,177,178,179]",1777965.0602250001,3,"[7,17]",7,0,[],2175470.590225,"[""464"",""506"",""515"",""301"",""537"",""611"",""576"",""629"",""617"",""617"",""620"",""593""]",pred2,none,2,4,2025-05-10 11:59:50,i just guessed with help of the Ai,Yes,464,506,515,301,537,611,576,629,617,617,620,593,608,560,606,605,634,630,610,601,598,592,569,611,,,,,,,,,,,,,,,,,,,,,,,,
2025-05-10 11:44:55,2025-05-10 12:00:40,IP Address,100,944,True,R_3NEbVMGYpOk3ZHp,anonymous,EN,1993,6735226eb110b62ab50658d9,681f814b0cc46f4718b7a737,681f82779e425dcc887226ab,https://github.com/Guoziyang27/guoziyang27.github.io/tree/master/assets/csv,12,12,24,"[""926"",""621"",""2413"",""5"",""1585"",""856"",""2229"",""2906"",""1760"",""1150"",""1142"",""108""]","[168,169,170,171,172,173,174,175,176,177,178,179]",65991.46022499999,3.93,"[7,17]",7,0,[],8355.460224999999,"[""450"",""175"",""195"",""196"",""200"",""130"",""188"",""163"",""210"",""142"",""204"",""155""]",pred2,shap,2,4,2025-05-10 12:00:42,"I put a large priority on above grade living area followed by year built. That seemed to be in line with how the AI predictions tended to be until you got into larger square footage where I noticed I had a big discrepancy between my prediction and the AI prediction which made me think I was valuing square footage a little too high. I also tried to align those two values to where they fell on the min/avg/max chart to come up with my predictions. ",Yes,450,175,195,196,200,130,188,163,210,142,204,155,,,,,,,,,,,,,265,135,195,201,194,130,195,162,210,137,209,155,,,,,,,,,,,,
2025-05-10 11:45:08,2025-05-10 12:00:50,IP Address,100,942,True,R_13XZCaaKeZDB4dP,anonymous,EN,4583,68164b235be8b1c649f328db,681f814b0cc46f4718b7a737,681f8239cd15a7257945b9fd,https://github.com/Guoziyang27/guoziyang27.github.io/tree/master/assets/csv,12,12,24,"[""138"",""773"",""281"",""4"",""2434"",""1791"",""2535"",""944"",""2556"",""48"",""2384"",""192""]","[144,145,146,147,148,149,150,151,152,153,154,155]",113178.91010000001,3,"[7,17]",7,0,[],14089.2301,"[""131"",""115"",""193"",""199"",""147"",""111"",""131"",""17"",""156"",""146"",""166"",""132""]",pred1,both,2,2,2025-05-10 12:00:51,"I considered the value of square feet, feature X and feature y and tried to compare with the sample provided. ",Yes,131,115,193,199,147,111,131,17,156,146,166,132,,,,,,,,,,,,,,,,,,,,,,,,,182,132,106,199,213,246,185,85,90,291,216,144
2025-05-10 11:48:42,2025-05-10 12:01:11,IP Address,100,748,True,R_62hSkcfoYPI7FcR,anonymous,EN,6448,6815f715db4b297fb0c6aa19,681f814b0cc46f4718b7a737,681f835c8b52899249a3100d,https://github.com/Guoziyang27/guoziyang27.github.io/tree/master/assets/csv,12,12,24,"[""502"",""1090"",""809"",""2396"",""2554"",""1748"",""2717"",""1489"",""2513"",""2035"",""1518"",""2653""]","[48,49,50,51,52,53,54,55,56,57,58,59]",1978113.951569,3,"[7,17]",7,0,[],1814526.461569,"[""562"",""454"",""641"",""687"",""616"",""554"",""703"",""529"",""572"",""473"",""429"",""705""]",pred1,both,0,4,2025-05-10 12:01:11,"To make my guesses, I first analyzed the features provided, focusing on key patterns or anomalies that could influence the outcome. I then compared these insights with the AI predictions, weighing how well they aligned with established trends or expectations in similar scenarios. Finally, I refined my guess by considering the most likely outcome based on both the features and the AI’s reasoning, ensuring the prediction was both logical and grounded in the available data.




",Yes,562,454,641,687,616,554,703,529,572,473,429,705,,,,,,,,,,,,,,,,,,,,,,,,,353,504,526,426,627,535,663,721,472,586,512,596
2025-05-10 11:48:26,2025-05-10 12:01:48,IP Address,100,801,True,R_3sBMuHI3ewrTmo3,anonymous,EN,3192,67590d4b1fe16ac844f9a239,681f814b0cc46f4718b7a737,681f834e4fc41f23483e99f2,https://github.com/Guoziyang27/guoziyang27.github.io/tree/master/assets/csv,12,12,24,"[""172"",""1352"",""46"",""675"",""544"",""980"",""1655"",""2813"",""2445"",""2094"",""1954"",""2350""]","[192,193,194,195,196,197,198,199,200,201,202,203]",35735.4725,4.81,"[7,17]",7,0,[],7038.7725,"[""127"",""150"",""181"",""185"",""225"",""97"",""134"",""188"",""194"",""141"",""151"",""209""]",pred1,both,3,1,2025-05-10 12:01:49,The strategy that I used for making these guesses I simply looked at the information that I was given to make an educational guess.,Yes,127,150,181,185,225,97,134,188,194,141,151,209,,,,,,,,,,,,,,,,,,,,,,,,,110,161,210,140,223,95,175,185,275,235,120,154
2025-05-10 11:48:08,2025-05-10 12:02:03,IP Address,100,834,True,R_19uinctaWXPIrhn,anonymous,EN,5663,67f1921726bfac07aea277c3,681f814b0cc46f4718b7a737,681f833c21c7f494a4b56982,https://github.com/Guoziyang27/guoziyang27.github.io/tree/master/assets/csv,12,12,24,"[""611"",""197"",""2090"",""1571"",""2202"",""694"",""2588"",""1743"",""2157"",""2298"",""570"",""2147""]","[72,73,74,75,76,77,78,79,80,81,82,83]",67879.78090099999,3,"[7,17]",7,0,[],52174.472900999994,"[""100"",""108"",""76"",""200"",""89"",""62"",""42"",""105"",""78"",""111"",""181"",""160""]",pred2,none,1,1,2025-05-10 12:02:04,I would check the age of the house to etermine its condition. Then the fireplaces a garage to ensure it has amenities. Feature Y and X would follow then the living area since smaller houses can be more expensive based on what they offer.,Yes,100,108,76,200,89,62,42,105,78,111,181,160,110,154,97,177,86,60,88,109,109,113,160,173,,,,,,,,,,,,,,,,,,,,,,,,
2025-05-10 11:50:06,2025-05-10 12:02:12,IP Address,100,726,True,R_7LI1kjqSAMmxcJz,anonymous,EN,9652,5f5e32a0d6a12c6857b8e127,681f814b0cc46f4718b7a737,681f83b9b8782788da90746a,https://github.com/Guoziyang27/guoziyang27.github.io/tree/master/assets/csv,12,12,24,"[""1737"",""2854"",""1659"",""1148"",""2254"",""1755"",""680"",""2100"",""2734"",""2122"",""1726"",""1962""]","[228,229,230,231,232,233,234,235,236,237,238,239]",43205.914855999996,4.4,"[7,17]",7,0,[],14452.894855999999,"[""151"",""134"",""201"",""124"",""100"",""131"",""88"",""291"",""201"",""185"",""118"",""177""]",pred1,shap,3,4,2025-05-10 12:02:13,"I largely ignored X and Y because I could not figure out their correlation. I saw the most impact regarding the living area size, garage capacity, and amount of fireplaces so more favorable numbers there increased my price estimate. I trusted the AI predictions though so I leaned towards those rather than my own guess.",Yes,151,134,201,124,100,131,88,291,201,185,118,177,,,,,,,,,,,,,181,144,171,200,141,209,122,250,145,181,245,151,,,,,,,,,,,,
2025-05-10 11:50:58,2025-05-10 12:02:11,IP Address,100,673,True,R_5EYjTRi8uy2528Z,anonymous,EN,5511,67e08dc56e1d123778992caa,681f814b0cc46f4718b7a737,681f8395e75d5b9d9555855c,https://github.com/Guoziyang27/guoziyang27.github.io/tree/master/assets/csv,12,12,24,"[""830"",""2623"",""1959"",""2069"",""121"",""682"",""2018"",""1786"",""2136"",""1027"",""303"",""564""]","[156,157,158,159,160,161,162,163,164,165,166,167]",54419.429584000005,3,"[7,17]",7,0,[],169396.741584,"[""316"",""187"",""85"",""144"",""173"",""123"",""76"",""356"",""123"",""112"",""86"",""164""]",pred2,both,2,3,2025-05-10 12:02:13,I mostly considered the impacts of the various features.,Yes,316,187,85,144,173,123,76,356,123,112,86,164,,,,,,,,,,,,,,,,,,,,,,,,,353,49,54,40,58,49,45,429,57,36,57,472
2025-05-10 11:48:40,2025-05-10 12:02:23,IP Address,100,823,True,R_7YBumUwI7wMigWl,anonymous,EN,4306,67ef17aab6360e90f6d47c67,681f814b0cc46f4718b7a737,681f832958725a22390145c4,https://github.com/Guoziyang27/guoziyang27.github.io/tree/master/assets/csv,12,12,24,"[""903"",""1343"",""2846"",""1195"",""2797"",""109"",""1216"",""1501"",""1720"",""1418"",""867"",""1005""]","[36,37,38,39,40,41,42,43,44,45,46,47]",13747,5.47,"[7,17]",7,0,[],5343,"[""144"",""133"",""158"",""144"",""235"",""170"",""140"",""135"",""210"",""141"",""245"",""195""]",pred2,none,0,3,2025-05-10 12:02:24,"To make my guesses, I primarily focused on the Above Grade Living Area as the strongest indicator of sale price, adjusting upward or downward based on the size and presence of a garage, number of fireplaces, and the year built. I used Feature X and Feature Y as fine-tuning variables, interpreting higher values as proxies for additional quality or amenities that could influence value. I mentally calibrated my guesses based on patterns observed across trials, inferring a rough price per square foot and modifying it according to the other attributes.








",Yes,144,133,158,144,235,170,140,135,210,141,245,195,120,117,121,131,260,160,134,121,203,121,323,199,,,,,,,,,,,,,,,,,,,,,,,,
2025-05-10 11:44:50,2025-05-10 12:02:27,IP Address,100,1057,True,R_3LLjtSnRVS55ru1,anonymous,EN,177,67f01268700523eefd7d7fa8,681f814b0cc46f4718b7a737,681f826d1dbddace8d2a1efe,https://github.com/Guoziyang27/guoziyang27.github.io/tree/master/assets/csv,12,12,24,"[""1217"",""2890"",""232"",""2583"",""2275"",""708"",""1395"",""1853"",""2594"",""1431"",""2305"",""2605""]","[216,217,218,219,220,221,222,223,224,225,226,227]",22663.126369000005,5.29,"[7,17]",7,0,[],2993.1223690000006,"[""96"",""156"",""136"",""167"",""221"",""63"",""136"",""237"",""105"",""112"",""142"",""193""]",pred1,shap,3,3,2025-05-10 12:02:28,I considered the marginalised gap between my prediction and AI's prediction. From there I made my prediction.,Yes,96,156,136,167,221,63,136,237,105,112,142,193,,,,,,,,,,,,,138,143,134,152,275,87,124,295,122,168,128,126,,,,,,,,,,,,
2025-05-10 11:48:05,2025-05-10 12:02:43,IP Address,100,878,True,R_7mmb3S5akreTb3H,anonymous,EN,4694,65958c11eace7483b2a729eb,681f814b0cc46f4718b7a737,681f833fae9a18735d2e8666,https://github.com/Guoziyang27/guoziyang27.github.io/tree/master/assets/csv,12,12,24,"[""2426"",""234"",""2054"",""1679"",""2400"",""1179"",""228"",""2120"",""2697"",""1514"",""2596"",""1037""]","[96,97,98,99,100,101,102,103,104,105,106,107]",53249.617600000005,3.89,"[7,17]",7,0,[],22645.4176,"[""185"",""210"",""150"",""185"",""198"",""200"",""171"",""157"",""132"",""157"",""160"",""175""]",pred1,none,1,3,2025-05-10 12:02:44,the older the house was the more it probably cost and the more garage car capicaty or living area it had the more it proably cost. i tried the mean of my geuss and the ai prediction,Yes,185,210,150,185,198,200,171,157,132,157,160,175,190,175,132,134,250,252,167,161,129,110,95,135,,,,,,,,,,,,,,,,,,,,,,,,
2025-05-10 11:49:07,2025-05-10 12:03:01,IP Address,100,834,True,R_6xsSudmFhrzs0Rb,anonymous,EN,5087,67dae19cb45231e592ae6adb,681f814b0cc46f4718b7a737,681f831d99feb212f200dc0a,https://github.com/Guoziyang27/guoziyang27.github.io/tree/master/assets/csv,12,12,24,"[""2426"",""234"",""2054"",""1679"",""2400"",""1179"",""228"",""2120"",""2697"",""1514"",""2596"",""1037""]","[96,97,98,99,100,101,102,103,104,105,106,107]",125904.29759999999,3,"[7,17]",7,0,[],93457.57759999999,"[""259"",""156"",""212"",""179"",""160"",""163"",""193"",""235"",""179"",""207"",""192"",""204""]",pred1,both,1,3,2025-05-10 12:03:02,"This strategy involved analyzing each feature's contribution to the overall value, contextualizing them with statistical data, and using AI predictions as a reference to refine the final estimate. By weighing both the positive and negative aspects of the features, I arrived at a well-rounded guess for the sale price.

",Yes,259,156,212,179,160,163,193,235,179,207,192,204,,,,,,,,,,,,,,,,,,,,,,,,,168,193,151,186,188,192,181,203,212,212,197,188
2025-05-10 11:48:38,2025-05-10 12:03:39,IP Address,100,900,True,R_7aeRgJ1A0wqMxGx,anonymous,EN,4972,5b5a822e1ad8270001c4f28d,681f814b0cc46f4718b7a737,681f835720cd65cc4670c82e,https://github.com/Guoziyang27/guoziyang27.github.io/tree/master/assets/csv,12,12,24,"[""611"",""197"",""2090"",""1571"",""2202"",""694"",""2588"",""1743"",""2157"",""2298"",""570"",""2147""]","[72,73,74,75,76,77,78,79,80,81,82,83]",523797.636901,3,"[7,17]",7,0,[],97655.866901,"[""291"",""255"",""450"",""349"",""230"",""250"",""259"",""527"",""395"",""310"",""487"",""574""]",pred2,both,1,1,2025-05-10 12:03:41,I was comparing the years build of the homes and the foundation that lives within it. How sturdy the homes would be and how strong they were. I also went with a gut instinct of what I think the pricing of the homes would be.,Yes,291,255,450,349,230,250,259,527,395,310,487,574,,,,,,,,,,,,,,,,,,,,,,,,,248,187,244,219,189,164,250,312,276,270,310,225
2025-05-10 11:50:07,2025-05-10 12:03:54,IP Address,100,827,True,R_64140X3xMSfG5O1,anonymous,EN,5448,67f30f964964cf3f7cb3d4ad,681f814b0cc46f4718b7a737,681f83b7b7110126e0cd2013,https://github.com/Guoziyang27/guoziyang27.github.io/tree/master/assets/csv,12,12,24,"[""172"",""1352"",""46"",""675"",""544"",""980"",""1655"",""2813"",""2445"",""2094"",""1954"",""2350""]","[192,193,194,195,196,197,198,199,200,201,202,203]",514473.9725,3,"[7,17]",7,0,[],16257.9725,"[""538"",""350"",""566"",""341"",""398"",""181"",""89"",""375"",""128"",""119"",""28"",""123""]",pred1,shap,3,1,2025-05-10 12:03:55,I considered the various features based on the year built and other features.,Yes,538,350,566,341,398,181,89,375,128,119,28,123,,,,,,,,,,,,,89,101,223,152,232,99,179,183,284,242,124,161,,,,,,,,,,,,
2025-05-10 11:50:07,2025-05-10 12:03:55,IP Address,100,827,True,R_5S8Fmx4nqp7vqX8,anonymous,EN,9365,62ed458d61ebd1930833e95a,681f814b0cc46f4718b7a737,681f83b43f867e3bb885de01,https://github.com/Guoziyang27/guoziyang27.github.io/tree/master/assets/csv,12,12,24,"[""1909"",""1565"",""1536"",""1180"",""2543"",""1564"",""2316"",""319"",""2780"",""2565"",""73"",""1967""]","[132,133,134,135,136,137,138,139,140,141,142,143]",1015684.01,3,"[7,17]",7,0,[],43593.009999999995,"[""207"",""570"",""151"",""204"",""125"",""755"",""563"",""702"",""564"",""176"",""614"",""457""]",pred1,shap,2,1,2025-05-10 12:03:56,i mainly focused on the age of the house and it's floorspace and then made what i thought was a reasonable guess. once i saw the ai predictions i moved my guess closer to the ai projection because i trust it more than my own guess.,Yes,207,570,151,204,125,755,563,702,564,176,614,457,,,,,,,,,,,,,151,405,151,264,130,298,228,329,284,158,280,199,,,,,,,,,,,,
2025-05-10 11:43:39,2025-05-10 12:04:05,IP Address,100,1225,True,R_1wLZgX3rO0DmL89,anonymous,EN,4844,66310ce555ff986b176b5279,681f814b0cc46f4718b7a737,681f822f71cbbad07ef1bbcd,https://github.com/Guoziyang27/guoziyang27.github.io/tree/master/assets/csv,12,12,24,"[""1777"",""2011"",""703"",""813"",""1409"",""959"",""2582"",""1232"",""2183"",""1039"",""2344"",""1993""]","[84,85,86,87,88,89,90,91,92,93,94,95]",816027.04993,3,"[7,17]",7,0,[],6595.589929999998,"[""499"",""300"",""600"",""492"",""300"",""600"",""182"",""294"",""295"",""292"",""640"",""238""]",pred2,none,1,2,2025-05-10 12:04:06,I used the most common of senses and went with what I know for certain from experience versus what I don't know at the bottom,Yes,499,300,600,492,300,600,182,294,295,292,640,238,280,150,152,185,153,231,158,176,166,169,264,106,,,,,,,,,,,,,,,,,,,,,,,,
2025-05-10 11:45:15,2025-05-10 12:05:00,IP Address,100,1185,True,R_3kNsxnJggEwh2i5,anonymous,EN,6187,67c1aba31f7415ac6aa4a562,681f814b0cc46f4718b7a737,681f828e89cd18959201bc54,https://github.com/Guoziyang27/guoziyang27.github.io/tree/master/assets/csv,12,12,24,"[""1491"",""535"",""307"",""1353"",""2140"",""2199"",""881"",""1942"",""522"",""583"",""778"",""1160""]","[108,109,110,111,112,113,114,115,116,117,118,119]",134268.416933,3,"[7,17]",7,0,[],54317.544933,"[""53"",""261"",""145"",""184"",""194"",""160"",""125"",""106"",""95"",""113"",""107"",""94""]",pred2,none,1,4,2025-05-10 12:05:01,"With my creative thinking and formula, I was able to get a guess",Yes,53,261,145,184,194,160,125,106,95,113,107,94,127,183,143,167,177,154,145,135,194,136,122,150,,,,,,,,,,,,,,,,,,,,,,,,
2025-05-10 11:47:39,2025-05-10 12:05:31,IP Address,100,1072,True,R_75p8Y2lWVUy4dFL,anonymous,EN,6225,6630706b75f4ca6c14e46a19,681f814b0cc46f4718b7a737,681f83241033fcc06f9598f8,https://github.com/Guoziyang27/guoziyang27.github.io/tree/master/assets/csv,12,12,24,"[""322"",""1308"",""2166"",""298"",""2825"",""2257"",""1590"",""1608"",""2226"",""429"",""2572"",""1416""]","[180,181,182,183,184,185,186,187,188,189,190,191]",46365.91385,3.83,"[7,17]",7,0,[],31709.633850000002,"[""263"",""190"",""170"",""181"",""236"",""176"",""182"",""150"",""135"",""263"",""130"",""139""]",pred2,both,3,0,2025-05-10 12:05:32,"I did my best guess on year built, living area, garage size, fireplace, the data provided and the AI predictions. Thank you",Yes,263,190,170,181,236,176,182,150,135,263,130,139,,,,,,,,,,,,,,,,,,,,,,,,,298,120,202,185,251,187,180,135,149,315,132,114
2025-05-10 11:50:26,2025-05-10 12:05:34,IP Address,100,908,True,R_5kYiWDljDQahLB7,anonymous,EN,5204,681b6c69774aeae115209b75,681f814b0cc46f4718b7a737,681f83c00e29f8e0b673c570,https://github.com/Guoziyang27/guoziyang27.github.io/tree/master/assets/csv,12,12,24,"[""903"",""1343"",""2846"",""1195"",""2797"",""109"",""1216"",""1501"",""1720"",""1418"",""867"",""1005""]","[36,37,38,39,40,41,42,43,44,45,46,47]",49838,4.33,"[7,17]",7,0,[],10441,"[""122"",""120"",""101"",""135"",""143"",""133"",""145"",""155"",""190"",""142"",""165"",""158""]",pred1,none,0,3,2025-05-10 12:05:35,I was mainly looking at the year it was built. This will give me an imagination on probable damage they would have. Also the size and the price of feature X and Y.,Yes,122,120,101,135,143,133,145,155,190,142,165,158,136,97,103,143,209,144,141,119,215,119,316,176,,,,,,,,,,,,,,,,,,,,,,,,
2025-05-10 11:45:12,2025-05-10 12:05:50,IP Address,100,1238,True,R_1t98LV3xaShT22n,anonymous,EN,8797,67db78c86b4bd2d085ff5699,681f814b0cc46f4718b7a737,681f825fa4e065fc681a1704,https://github.com/Guoziyang27/guoziyang27.github.io/tree/master/assets/csv,12,12,24,"[""1197"",""562"",""99"",""590"",""1040"",""2515"",""2291"",""2369"",""1936"",""1453"",""200"",""29""]","[0,1,2,3,4,5,6,7,8,9,10,11]",3030506.086789,3,"[7,17]",7,0,[],2846903.778789,"[""607"",""668"",""669"",""638"",""520"",""514"",""653"",""681"",""670"",""713"",""642"",""592""]",pred1,shap,0,0,2025-05-10 12:05:51,i came up base on the study,Yes,607,668,669,638,520,514,653,681,670,713,642,592,,,,,,,,,,,,,642,616,733,668,634,655,656,400,537,546,620,697,,,,,,,,,,,,
2025-05-10 11:47:45,2025-05-10 12:05:53,IP Address,100,1087,True,R_6HYvDKH8eCMgfD3,anonymous,EN,460,67f11553db584302c5ccd337,681f814b0cc46f4718b7a737,681f8326f0735464fb153075,https://github.com/Guoziyang27/guoziyang27.github.io/tree/master/assets/csv,12,12,24,"[""502"",""1090"",""809"",""2396"",""2554"",""1748"",""2717"",""1489"",""2513"",""2035"",""1518"",""2653""]","[48,49,50,51,52,53,54,55,56,57,58,59]",274436.031569,3,"[7,17]",7,0,[],26887.185569,"[""268"",""475"",""221"",""406"",""183"",""472"",""215"",""118"",""448"",""144"",""184"",""34""]",pred1,none,0,4,2025-05-10 12:05:54,LITTLE VARIANCE,Yes,268,475,221,406,183,472,215,118,448,144,184,34,122,205,200,359,147,222,171,134,196,132,147,113,,,,,,,,,,,,,,,,,,,,,,,,
2025-05-10 11:51:26,2025-05-10 12:06:03,IP Address,100,876,True,R_5L1K3wrIx8MW5Io,anonymous,EN,5800,67d865c30ff89ada0c980689,681f814b0cc46f4718b7a737,681f84083684a16038419e34,https://github.com/Guoziyang27/guoziyang27.github.io/tree/master/assets/csv,12,12,24,"[""1491"",""535"",""307"",""1353"",""2140"",""2199"",""881"",""1942"",""522"",""583"",""778"",""1160""]","[108,109,110,111,112,113,114,115,116,117,118,119]",233378.262933,3,"[7,17]",7,0,[],30526.504933000004,"[""138"",""112"",""166"",""382"",""108"",""179"",""289"",""149"",""253"",""560"",""319"",""183""]",pred1,both,1,4,2025-05-10 12:06:04,i used the strategy based on the location the house is,Yes,138,112,166,382,108,179,289,149,253,560,319,183,,,,,,,,,,,,,,,,,,,,,,,,,141,154,125,293,119,207,205,126,367,165,249,183
2025-05-10 11:43:00,2025-05-10 12:06:51,IP Address,100,1431,True,R_3EpctrXOELTzTcx,anonymous,EN,9653,674b42e0550b2d74028f16f2,681f814b0cc46f4718b7a737,681f820baf118040a9819ff9,https://github.com/Guoziyang27/guoziyang27.github.io/tree/master/assets/csv,12,12,24,"[""830"",""2623"",""1959"",""2069"",""121"",""682"",""2018"",""1786"",""2136"",""1027"",""303"",""564""]","[156,157,158,159,160,161,162,163,164,165,166,167]",120452.565584,3,"[7,17]",7,0,[],62088.965584000005,"[""200"",""150"",""300"",""300"",""205"",""220"",""240"",""350"",""230"",""220"",""100"",""450""]",pred2,both,2,3,2025-05-10 12:06:52,"I used living area as the primary feature in determining the sale price of the home. The next factor was the year built. These two features were the most important factors in determining a sale price. As far as setting a reasonable estimate for the home price in 2007, I used my prior knowledge of house hunting around that time period. I distinctly remember that the homes I looked at were no more than 300k.  I also did a web search to determine if this was true. As far as the AI prediction is concerned, it appears that most of my guesses were much higher than the AI predictor. As a result, I dropped the price of my initial guess by 10% -20 %.",Yes,200,150,300,300,205,220,240,350,230,220,100,450,,,,,,,,,,,,,,,,,,,,,,,,,193,130,250,270,190,180,219,325,200,200,90,400
2025-05-10 11:45:33,2025-05-10 12:07:13,IP Address,100,1299,True,R_61hCjybHjgBVHJA,anonymous,EN,5131,67e9c449dba2395480f4eba4,681f814b0cc46f4718b7a737,681f82a94ffa42636cd1aca1,https://github.com/Guoziyang27/guoziyang27.github.io/tree/master/assets/csv,12,12,24,"[""1166"",""2080"",""11"",""261"",""1700"",""706"",""1457"",""18"",""2176"",""2733"",""1484"",""288""]","[204,205,206,207,208,209,210,211,212,213,214,215]",88892.425124,3,"[7,17]",7,0,[],43856.785124,"[""201"",""192"",""200"",""160"",""230"",""180"",""220"",""240"",""170"",""195"",""200"",""160""]",pred1,none,3,2,2025-05-10 12:07:14,"I start by considering the house size, as a larger living area usually means a higher price. I also factor in the house's age, with newer homes often being more valuable due to modern features. Garage capacity is important too, as homes that fit multiple cars are typically priced higher. For the unknown features, I consider their correlation with price, though their exact meaning is unclear. I then compare my guess to the model’s prediction, adjusting based on size, age, and garage capacity. Fireplaces matter but are less important, so they come last in my thinking. My approach blends my real estate knowledge with the model’s predictions for a balanced estimate.",Yes,201,192,200,160,230,180,220,240,170,195,200,160,191,130,200,140,250,151,215,375,160,131,190,112,,,,,,,,,,,,,,,,,,,,,,,,
2025-05-10 11:48:26,2025-05-10 12:07:20,IP Address,100,1133,True,R_7PYONfIk55vwFaV,anonymous,EN,2070,558a327cfdf99b2d75651681,681f814b0cc46f4718b7a737,681f834bc7877adbb3019c33,https://github.com/Guoziyang27/guoziyang27.github.io/tree/master/assets/csv,12,12,24,"[""322"",""1308"",""2166"",""298"",""2825"",""2257"",""1590"",""1608"",""2226"",""429"",""2572"",""1416""]","[180,181,182,183,184,185,186,187,188,189,190,191]",60280.63385,3.58,"[7,17]",7,0,[],26977.183849999998,"[""450"",""180"",""275"",""180"",""350"",""170"",""190"",""175"",""150"",""320"",""130"",""120""]",pred1,both,3,0,2025-05-10 12:07:21,"I looked at the means for each of the six categories and I then compared the deviation from the mean for each category, including the average prices to determine how far the price was from the various means.   For the portion with the AI, I felt that the AI was more methodical than I was, so I tended to default closer to the AI recommendation which seemed to be a better strategy.",Yes,450,180,275,180,350,170,190,175,150,320,130,120,,,,,,,,,,,,,,,,,,,,,,,,,375,140,220,190,250,185,210,130,160,350,150,120
2025-05-10 11:43:57,2025-05-10 12:07:20,IP Address,100,1403,True,R_5froRFWHbKBB8iV,anonymous,EN,6889,67c758c1c0984b56a597d24d,681f814b0cc46f4718b7a737,681f823a9b8476604717f09d,https://github.com/Guoziyang27/guoziyang27.github.io/tree/master/assets/csv,12,12,24,"[""322"",""1308"",""2166"",""298"",""2825"",""2257"",""1590"",""1608"",""2226"",""429"",""2572"",""1416""]","[180,181,182,183,184,185,186,187,188,189,190,191]",391646.04385,3,"[7,17]",7,0,[],295065.10384999996,"[""532"",""458"",""531"",""457"",""384"",""310"",""267"",""227"",""295"",""331"",""192"",""201""]",pred1,both,3,0,2025-05-10 12:07:21,"First ,I considered the year built ,fire places car capacity garage and the grade living area ",Yes,532,458,531,457,384,310,267,227,295,331,192,201,,,,,,,,,,,,,,,,,,,,,,,,,545,469,385,389,195,324,296,199,305,332,231,282
2025-05-10 12:02:28,2025-05-10 12:07:30,IP Address,100,301,True,R_5WuMO5VYolVP0Y9,anonymous,EN,7517,67d4ab70deae8071b9ec3f23,681f814b0cc46f4718b7a737,681f83b910c542b160438c9d,https://github.com/Guoziyang27/guoziyang27.github.io/tree/master/assets/csv,12,12,24,"[""611"",""197"",""2090"",""1571"",""2202"",""694"",""2588"",""1743"",""2157"",""2298"",""570"",""2147""]","[72,73,74,75,76,77,78,79,80,81,82,83]",717750.722901,3,"[7,17]",7,0,[],594862.016901,"[""435"",""392"",""471"",""409"",""429"",""299"",""369"",""484"",""416"",""415"",""355"",""487""]",pred2,both,1,1,2025-05-10 12:07:32,i used mental thinking,Yes,435,392,471,409,429,299,369,484,416,415,355,487,,,,,,,,,,,,,,,,,,,,,,,,,455,475,303,345,294,487,392,337,336,338,410,313
2025-05-10 11:45:36,2025-05-10 12:08:20,IP Address,100,1363,True,R_64VgLAtm6ghhedH,anonymous,EN,4748,67c0c4f757d625c937fa4cf9,681f814b0cc46f4718b7a737,681f823a808d5d82ff3a0b07,https://github.com/Guoziyang27/guoziyang27.github.io/tree/master/assets/csv,12,12,24,"[""217"",""775"",""974"",""1306"",""397"",""2450"",""416"",""383"",""1444"",""655"",""1074"",""1767""]","[60,61,62,63,64,65,66,67,68,69,70,71]",84639.77,3,"[7,17]",7,0,[],36379.770000000004,"[""197"",""146"",""136"",""98"",""115"",""90"",""180"",""238"",""211"",""69"",""193"",""267""]",pred1,both,1,0,2025-05-10 12:08:21,"The higher the number of fireplaces, garage and area, the more value i placed on the house. In the second phase, I place my guess between the model's prediction and my original prediction.",Yes,197,146,136,98,115,90,180,238,211,69,193,267,,,,,,,,,,,,,,,,,,,,,,,,,163,132,121,87,116,172,177,205,212,78,252,265
2025-05-10 11:43:53,2025-05-10 12:08:42,IP Address,100,1489,True,R_5DhVmEiChwyrgjL,anonymous,EN,5680,67db58ac5e6a1b3ea8bce1c6,681f814b0cc46f4718b7a737,681f823ea1638c60ed0e995f,https://github.com/Guoziyang27/guoziyang27.github.io/tree/master/assets/csv,12,12,24,"[""172"",""1352"",""46"",""675"",""544"",""980"",""1655"",""2813"",""2445"",""2094"",""1954"",""2350""]","[192,193,194,195,196,197,198,199,200,201,202,203]",21807.2725,5.2,"[7,17]",7,0,[],6957.7725,"[""115"",""155"",""165"",""135"",""195"",""140"",""160"",""170"",""210"",""205"",""125"",""180""]",pred1,shap,3,1,2025-05-10 12:08:43,"In the first round, without the AI's assistance, my primary strategy involved trying to understand the general relationship between each feature and the potential sale price based on the provided summary statistics (minimum, 25th percentile, mean, 75th percentile, and maximum for both sale prices and each feature).",Yes,115,155,165,135,195,140,160,170,210,205,125,180,,,,,,,,,,,,,108,165,210,150,215,105,175,180,270,235,123,165,,,,,,,,,,,,
2025-05-10 11:48:52,2025-05-10 12:08:46,IP Address,100,1193,True,R_7zjMzumTRsPITgd,anonymous,EN,5705,63bcbccc16e01ccb870f287d,681f814b0cc46f4718b7a737,681f836cb5b8ed2a76f2437c,https://github.com/Guoziyang27/guoziyang27.github.io/tree/master/assets/csv,12,12,24,"[""172"",""1352"",""46"",""675"",""544"",""980"",""1655"",""2813"",""2445"",""2094"",""1954"",""2350""]","[192,193,194,195,196,197,198,199,200,201,202,203]",451535.6725,3,"[7,17]",7,0,[],192505.5725,"[""213"",""415"",""298"",""328"",""506"",""316"",""338"",""361"",""452"",""507"",""285"",""412""]",pred1,none,3,1,2025-05-10 12:08:47,I did a lot of calculations in my head to determine the  best price.,Yes,213,415,298,328,506,316,338,361,452,507,285,412,147,307,270,283,384,278,311,247,370,420,222,357,,,,,,,,,,,,,,,,,,,,,,,,
2025-05-10 11:45:26,2025-05-10 12:08:48,IP Address,100,1402,True,R_3zTixKS5RQe3Z3H,anonymous,EN,5034,663176c4d9c9b4d919f7b79e,681f814b0cc46f4718b7a737,681f829005ee87d83a5f1b42,https://github.com/Guoziyang27/guoziyang27.github.io/tree/master/assets/csv,12,12,24,"[""1909"",""1565"",""1536"",""1180"",""2543"",""1564"",""2316"",""319"",""2780"",""2565"",""73"",""1967""]","[132,133,134,135,136,137,138,139,140,141,142,143]",86719.01,3.31,"[7,17]",7,0,[],10104.01,"[""145"",""213"",""129"",""190"",""130"",""220"",""200"",""300"",""230"",""130"",""500"",""150""]",pred2,none,2,1,2025-05-10 12:08:49,"I mainly looked at the year built and above living area and see where they fit on the scale, if they seem to fit two columns, I used the average of those columns. When I was provided the AI prediction, the majority we were close but generally I just chose the average of my prediction and the AI prediction.  I was off very much on one of the predictions so I heavily leaned on the AI's prediction on that case.",Yes,145,213,129,190,130,220,200,300,230,130,500,150,140,270,123,187,125,235,202,310,225,120,220,170,,,,,,,,,,,,,,,,,,,,,,,,
2025-05-10 11:44:12,2025-05-10 12:08:50,IP Address,100,1478,True,R_73mcOaE9oo3i5dT,anonymous,EN,3340,67e9e09005c79f428fcbcead,681f814b0cc46f4718b7a737,681f8256e33a2202fd7e9291,https://github.com/Guoziyang27/guoziyang27.github.io/tree/master/assets/csv,12,12,24,"[""926"",""621"",""2413"",""5"",""1585"",""856"",""2229"",""2906"",""1760"",""1150"",""1142"",""108""]","[168,169,170,171,172,173,174,175,176,177,178,179]",8650.060225000001,5.58,"[7,17]",7,0,[],6604.410225,"[""215"",""130"",""155"",""205"",""140"",""132"",""251"",""171"",""185"",""165"",""200"",""225""]",pred2,both,2,4,2025-05-10 12:08:51,it wasn't such a detailed strategy but I tended to increase the cost if there were better feaatures and if the year was recent. In the second part with the AI assistance I used the average between my previous suggestion and that of the AI's to come to a conclusion.,Yes,215,130,155,205,140,132,251,171,185,165,200,225,,,,,,,,,,,,,,,,,,,,,,,,,250,130,200,210,190,132,220,175,205,155,225,215
2025-05-10 11:48:45,2025-05-10 12:08:56,IP Address,100,1210,True,R_7anmcF5yJR8YGNj,anonymous,EN,5134,67f1f797973bd7f41512caa2,681f814b0cc46f4718b7a737,681f835020b585cdc488449f,https://github.com/Guoziyang27/guoziyang27.github.io/tree/master/assets/csv,12,12,24,"[""1777"",""2011"",""703"",""813"",""1409"",""959"",""2582"",""1232"",""2183"",""1039"",""2344"",""1993""]","[84,85,86,87,88,89,90,91,92,93,94,95]",45092.50193,3.63,"[7,17]",7,0,[],40234.98193,"[""213"",""213"",""213"",""212"",""213"",""213"",""213"",""213"",""213"",""213"",""213"",""213""]",pred1,shap,1,2,2025-05-10 12:08:58,"when making my guesses, i bases my features on above grade living area, featur X, feature Y, year built, car capacity in garage and number of fireplaces. ",Yes,213,213,213,212,213,213,213,213,213,213,213,213,,,,,,,,,,,,,213,213,212,132,212,213,213,213,213,213,213,213,,,,,,,,,,,,
2025-05-10 11:48:07,2025-05-10 12:09:06,IP Address,100,1258,True,R_1EauJEtxvoQp9Sy,anonymous,EN,253,67e5447d21c4278e6ee80d0d,681f814b0cc46f4718b7a737,681f832370dfbbfd80a1936f,https://github.com/Guoziyang27/guoziyang27.github.io/tree/master/assets/csv,12,12,24,"[""2426"",""234"",""2054"",""1679"",""2400"",""1179"",""228"",""2120"",""2697"",""1514"",""2596"",""1037""]","[96,97,98,99,100,101,102,103,104,105,106,107]",123586.4176,3,"[7,17]",7,0,[],14738.217599999998,"[""240"",""304"",""185"",""200"",""331"",""250"",""191"",""426"",""131"",""47"",""33"",""200""]",pred1,shap,1,3,2025-05-10 12:09:07,"I first guessed based on the above factors and between the lowest and highest. After AI, I guessed between AI's guess and mine, but closest to AI if there was a vast difference.",Yes,240,304,185,200,331,250,191,426,131,47,33,200,,,,,,,,,,,,,200,170,150,135,345,284,180,190,130,85,70,130,,,,,,,,,,,,
2025-05-10 11:47:39,2025-05-10 12:09:55,IP Address,100,1336,True,R_1rdmaFPsWMvOl6E,anonymous,EN,428,67fce2ec87c9866707eb37d6,681f814b0cc46f4718b7a737,681f831ac54e72b521c67e61,https://github.com/Guoziyang27/guoziyang27.github.io/tree/master/assets/csv,12,12,24,"[""830"",""2623"",""1959"",""2069"",""121"",""682"",""2018"",""1786"",""2136"",""1027"",""303"",""564""]","[156,157,158,159,160,161,162,163,164,165,166,167]",98313.31758400002,3,"[7,17]",7,0,[],131565.285584,"[""213"",""129"",""128"",""127"",""138"",""135"",""49"",""533"",""185"",""160"",""122"",""206""]",pred2,shap,2,3,2025-05-10 12:09:56,year build,Yes,213,129,128,127,138,135,49,533,185,160,122,206,,,,,,,,,,,,,554,129,128,127,139,133,117,255,146,138,69,276,,,,,,,,,,,,
2025-05-10 11:47:37,2025-05-10 12:09:58,IP Address,100,1340,True,R_133oGNrO8Fb2PHz,anonymous,EN,9883,5a3bdd2c8d005a0001829f3e,681f814b0cc46f4718b7a737,681f83258ff6caa0ea6d0991,https://github.com/Guoziyang27/guoziyang27.github.io/tree/master/assets/csv,12,12,24,"[""1777"",""2011"",""703"",""813"",""1409"",""959"",""2582"",""1232"",""2183"",""1039"",""2344"",""1993""]","[84,85,86,87,88,89,90,91,92,93,94,95]",65032.04793,3.26,"[7,17]",7,0,[],33729.25793,"[""251"",""210"",""220"",""265"",""250"",""249"",""193"",""225"",""200"",""215"",""300"",""239""]",pred2,both,1,2,2025-05-10 12:09:59,"I took into account all aspects and features. Things like square footage and capacity were vital, but year built also played some role. Everything played a role, just some things more than others, based on personal experiences with home shopping.",Yes,251,210,220,265,250,249,193,225,200,215,300,239,,,,,,,,,,,,,,,,,,,,,,,,,265,188,200,222,200,235,175,205,190,200,285,218
2025-05-10 11:50:43,2025-05-10 12:10:11,IP Address,100,1167,True,R_31zVGtl5qmFw4zj,anonymous,EN,1155,681dac338064d75c6848499d,681f814b0cc46f4718b7a737,681f83de6298273b1c118ac4,https://github.com/Guoziyang27/guoziyang27.github.io/tree/master/assets/csv,12,12,24,"[""1197"",""562"",""99"",""590"",""1040"",""2515"",""2291"",""2369"",""1936"",""1453"",""200"",""29""]","[0,1,2,3,4,5,6,7,8,9,10,11]",50166.77478900001,4.33,"[7,17]",7,0,[],9912.596788999997,"[""210"",""160"",""228"",""235"",""142"",""214"",""221"",""131"",""122"",""132"",""211"",""205""]",pred2,shap,0,0,2025-05-10 12:10:12,"Calculating between the build year and the car capacity, And AI was very close to my predictions, so i just adjusted the prices.",Yes,210,160,228,235,142,214,221,131,122,132,211,205,,,,,,,,,,,,,160,133,181,241,113,210,118,119,118,115,162,196,,,,,,,,,,,,
2025-05-10 11:48:37,2025-05-10 12:10:19,IP Address,100,1301,True,R_7MVWsDXICVNgFsR,anonymous,EN,300,67d48255139338c95a1c19ad,681f814b0cc46f4718b7a737,681f82dfc26eeb8128a361d2,https://github.com/Guoziyang27/guoziyang27.github.io/tree/master/assets/csv,12,12,24,"[""1197"",""562"",""99"",""590"",""1040"",""2515"",""2291"",""2369"",""1936"",""1453"",""200"",""29""]","[0,1,2,3,4,5,6,7,8,9,10,11]",307807.494789,3,"[7,17]",7,0,[],87637.668789,"[""345"",""240"",""310"",""458"",""236"",""310"",""161"",""236"",""236"",""236"",""384"",""310""]",pred2,shap,0,0,2025-05-10 12:10:19,"For making my guesses, I followed a strategic approach that considered both the provided features of the house and the AI model's prediction. Here’s how I approached it:

1. Assessing the Features:
Above Grade Living Area and Car Capacity in Garage were the two most important features in my strategy. These are often directly correlated with a house's market value, as they reflect the size and utility of the house. Larger homes with better garage capacity tend to be more valuable.

Number of Fireplaces was also considered important, as a house with more fireplaces can be seen as more desirable, though it’s not as impactful as living area or garage space.

Year Built was generally less important compared to the other features, but it still provided context. Newer houses might have higher prices, but this wasn't always the case because other factors could outweigh the age.

Feature X and Feature Y were used cautiously since their effects on price were unclear and often depended on their relative scaling. Feature X seemed to correlate positively with the price, while Feature Y had a negative impact in several cases.

2. Considering the AI Prediction:
I relied heavily on the AI model’s predicted price, but I didn’t base my final guess entirely on it. The AI provides a solid baseline and an indication of how features impact the price. If the AI predicted a significantly lower price than my guess, I adjusted my estimate down to bring it closer to the model’s prediction, especially if the feature impacts were notably negative.

If the AI prediction seemed too low (due to negative impacts from features like fireplaces or car capacity), I considered adjusting the guess higher, especially if the house had features like a larger living area or higher Feature X value.

3. Balancing AI Prediction and My Judgment:
After factoring in the AI’s prediction, I cross-referenced it with my understanding of the house’s features. If I believed the house had a strong feature (e.g., a large living area or good car capacity), I would push my guess up. Conversely, if the AI suggested a lower price due to negative impacts (like fewer fireplaces or low Feature Y), I would adjust my guess down.

My final guess was typically a compromise between the AI’s estimate and my own judgment, considering how the individual features affected the price.

4. Making Adjustments:
If I disagreed significantly with the AI prediction based on feature analysis, I would consider shifting my guess closer to the middle ground between the AI’s value and my own reasoning. This ensured I wasn’t too far off from what I believed was a reasonable range, while still respecting the AI’s calculated impacts.

Example of Process:
For a house with high square footage and garage space but with a low number of fireplaces, I would use the living area and garage as key decision drivers and adjust upward.

For a house with a low Feature Y and a high AI-negative impact from a feature like fireplaces or garage, I’d reduce my guess closer to the AI prediction.

Conclusion:
The strategy was a combination of data-driven analysis from the features and model guidance from the AI prediction. I prioritized features that directly affected the house’s value (living area, garage) and then cross-checked with the AI model to ensure my guess was grounded in both my analysis and the model’s suggestion.",Yes,345,240,310,458,236,310,161,236,236,236,384,310,,,,,,,,,,,,,336,161,236,310,161,252,134,178,151,158,200,252,,,,,,,,,,,,
2025-05-10 11:48:49,2025-05-10 12:10:20,IP Address,100,1290,True,R_1aO5JyM9SdMOFgZ,anonymous,EN,6086,65d96fc2ab41c5ce72f1c545,681f814b0cc46f4718b7a737,681f8360a3a414a2d0e3ec0a,https://github.com/Guoziyang27/guoziyang27.github.io/tree/master/assets/csv,12,12,24,"[""172"",""1352"",""46"",""675"",""544"",""980"",""1655"",""2813"",""2445"",""2094"",""1954"",""2350""]","[192,193,194,195,196,197,198,199,200,201,202,203]",31763.2725,4.54,"[7,17]",7,0,[],20657.4725,"[""95"",""120"",""177"",""98"",""210"",""95"",""110"",""180"",""230"",""196"",""78"",""131""]",pred1,shap,3,1,2025-05-10 12:10:21,"I estimated based on my past history of looking at houses for sale before they were outrageously priced. I then factored in square footage and garage. Sometimes I took the AI predictions into consideration, and would bump up my guess, but sometimes the estimates seemed way off, and I did not.",Yes,95,120,177,98,210,95,110,180,230,196,78,131,,,,,,,,,,,,,97,146,182,99,210,95,124,180,250,209,78,140,,,,,,,,,,,,
2025-05-10 11:44:44,2025-05-10 12:10:44,IP Address,100,1560,True,R_5O3bmLr9SkvCcRe,anonymous,EN,5485,670d2af9c00f086b201e9f70,681f814b0cc46f4718b7a737,681f82679ba4057c0dc771ea,https://github.com/Guoziyang27/guoziyang27.github.io/tree/master/assets/csv,12,12,24,"[""322"",""1308"",""2166"",""298"",""2825"",""2257"",""1590"",""1608"",""2226"",""429"",""2572"",""1416""]","[180,181,182,183,184,185,186,187,188,189,190,191]",45970.553850000004,3.97,"[7,17]",7,0,[],27000.843849999997,"[""333"",""135"",""185"",""174"",""189"",""155"",""220"",""132"",""174"",""252"",""123"",""120""]",pred1,both,3,0,2025-05-10 12:10:45,"I made my decision by first looking at the year the house was built. After that, I took in to consideration the footage of the house and including garage space and features X and Y. I then considered the fireplace category. Lastly and overall, I looked at the chart and the pricing categories shown. ",Yes,333,135,185,174,189,155,220,132,174,252,123,120,,,,,,,,,,,,,,,,,,,,,,,,,342,135,197,187,211,185,220,131,169,337,142,114
2025-05-10 11:51:14,2025-05-10 12:11:18,IP Address,100,1203,True,R_7NCRoQtZLqwyYMh,anonymous,EN,8783,67f1ab184afaa5ec29075768,681f814b0cc46f4718b7a737,681f83c994ed292caf3f0d39,https://github.com/Guoziyang27/guoziyang27.github.io/tree/master/assets/csv,12,12,24,"[""1166"",""2080"",""11"",""261"",""1700"",""706"",""1457"",""18"",""2176"",""2733"",""1484"",""288""]","[204,205,206,207,208,209,210,211,212,213,214,215]",1773300.573124,3,"[7,17]",7,0,[],705941.437124,"[""586"",""465"",""573"",""587"",""564"",""653"",""580"",""608"",""631"",""455"",""591"",""496""]",pred1,shap,3,2,2025-05-10 12:11:19,I was guided by the provided features to make my predictions and guesses.,Yes,586,465,573,587,564,653,580,608,631,455,591,496,,,,,,,,,,,,,221,297,463,375,421,494,427,482,303,392,474,490,,,,,,,,,,,,
2025-05-10 11:44:33,2025-05-10 12:11:28,IP Address,100,1615,True,R_5RCPKkgATFwnWrT,anonymous,EN,6976,67e9f29c98f6bc11131e8932,681f814b0cc46f4718b7a737,681f824f923e09fe39b73613,https://github.com/Guoziyang27/guoziyang27.github.io/tree/master/assets/csv,12,12,24,"[""830"",""2623"",""1959"",""2069"",""121"",""682"",""2018"",""1786"",""2136"",""1027"",""303"",""564""]","[156,157,158,159,160,161,162,163,164,165,166,167]",301804.925584,3,"[7,17]",7,0,[],31259.725584,"[""460"",""140"",""120"",""137"",""170"",""136"",""105"",""715"",""215"",""159"",""109"",""197""]",pred1,shap,2,3,2025-05-10 12:11:29,"I simply determined my prices based on the year the house was built. Afterwards, I tried to get the average price between the AI model and my predictions.",Yes,460,140,120,137,170,136,105,715,215,159,109,197,,,,,,,,,,,,,273,122,130,160,157,129,110,390,190,155,89,227,,,,,,,,,,,,
2025-05-10 11:47:34,2025-05-10 12:12:05,IP Address,100,1470,True,R_1fu0PF8it8Gvcit,anonymous,EN,1,67f2b4d8dde42f1d7d500471,681f814b0cc46f4718b7a737,681f831cdccfa631ff55c22a,https://github.com/Guoziyang27/guoziyang27.github.io/tree/master/assets/csv,12,12,24,"[""2799"",""2197"",""1903"",""935"",""367"",""1830"",""1218"",""1996"",""1857"",""1420"",""1178"",""111""]","[12,13,14,15,16,17,18,19,20,21,22,23]",85444.08256899999,3,"[7,17]",7,0,[],47017.466569,"[""230"",""150"",""90"",""143"",""233"",""140"",""156"",""199"",""180"",""260"",""325"",""273""]",pred1,shap,0,1,2025-05-10 12:12:05,"My approach was to combine the AI's forecasts and impact explanations with my own feature analysis.  Aiming for a mix between intuition and data-driven direction, I adjusted my guess closer to the genuine value by weighing the effects of each feature as well as the AI's expected sale price.  Additionally, I kept some leeway in case the AI's projections offered insightful information that I hadn't completely considered.",Yes,230,150,90,143,233,140,156,199,180,260,325,273,,,,,,,,,,,,,257,192,108,190,317,116,134,124,201,244,360,159,,,,,,,,,,,,
2025-05-10 11:43:26,2025-05-10 12:12:18,IP Address,100,1731,True,R_5NxkenHLW7TD8t8,anonymous,EN,8116,67eea025d0072241cf916e19,681f814b0cc46f4718b7a737,681f822296e4d12caa9ac58d,https://github.com/Guoziyang27/guoziyang27.github.io/tree/master/assets/csv,12,12,24,"[""611"",""197"",""2090"",""1571"",""2202"",""694"",""2588"",""1743"",""2157"",""2298"",""570"",""2147""]","[72,73,74,75,76,77,78,79,80,81,82,83]",255823.070901,3,"[7,17]",7,0,[],12888.798900999998,"[""160"",""133"",""176"",""150"",""98"",""102"",""146"",""460"",""394"",""167"",""514"",""244""]",pred1,shap,1,1,2025-05-10 12:12:20,concidered the year of built the above grade living area as the main power point and compared the prices to the example provided from minimum to maximum price in relation to the years value,Yes,160,133,176,150,98,102,146,460,394,167,514,244,,,,,,,,,,,,,167,137,178,187,161,152,146,246,168,128,192,210,,,,,,,,,,,,
2025-05-10 11:49:19,2025-05-10 12:12:23,IP Address,100,1383,True,R_5QMC4eTYwrOLZYc,anonymous,EN,4347,67a391d2ec188c0684a9c2a5,681f814b0cc46f4718b7a737,681f834527257f2ecc43d10a,https://github.com/Guoziyang27/guoziyang27.github.io/tree/master/assets/csv,12,12,24,"[""1197"",""562"",""99"",""590"",""1040"",""2515"",""2291"",""2369"",""1936"",""1453"",""200"",""29""]","[0,1,2,3,4,5,6,7,8,9,10,11]",147544.924789,3,"[7,17]",7,0,[],26295.946789,"[""179"",""135"",""350"",""233"",""94"",""335"",""121"",""105"",""71"",""125"",""75"",""456""]",pred1,both,0,0,2025-05-10 12:12:25,"I was pretty close to the AI predictions on some of the houses.  I took into consideration the year built and important features and then looked at the AI guesses for features x and Y and determined a ball park.  Then I looked at the AI guess vs my previous guess and decided how much to alter my price guess this time. ",Yes,179,135,350,233,94,335,121,105,71,125,75,456,,,,,,,,,,,,,,,,,,,,,,,,,162,138,215,235,111,228,117,113,112,120,110,294
2025-05-10 11:48:31,2025-05-10 12:12:45,IP Address,100,1453,True,R_5tteSWF5lZE8fvS,anonymous,EN,6653,67f047016c147b1c30dbd4a4,681f814b0cc46f4718b7a737,681f83574ed2d3a06855603f,https://github.com/Guoziyang27/guoziyang27.github.io/tree/master/assets/csv,12,12,24,"[""926"",""621"",""2413"",""5"",""1585"",""856"",""2229"",""2906"",""1760"",""1150"",""1142"",""108""]","[168,169,170,171,172,173,174,175,176,177,178,179]",1339058.550225,3,"[7,17]",7,0,[],745223.5102250001,"[""466"",""301"",""258"",""382"",""385"",""415"",""698"",""527"",""568"",""680"",""401"",""673""]",pred2,none,2,4,2025-05-10 12:12:46,I made deeply and reasonable guess of the price,Yes,466,301,258,382,385,415,698,527,568,680,401,673,718,243,270,330,225,171,564,228,178,612,226,465,,,,,,,,,,,,,,,,,,,,,,,,
2025-05-10 11:45:02,2025-05-10 12:12:54,IP Address,100,1672,True,R_3Q0DNcS46uimjBs,anonymous,EN,6627,67f015260f679212b3c34caa,681f814b0cc46f4718b7a737,681f826877711341781817f5,https://github.com/Guoziyang27/guoziyang27.github.io/tree/master/assets/csv,12,12,24,"[""611"",""197"",""2090"",""1571"",""2202"",""694"",""2588"",""1743"",""2157"",""2298"",""570"",""2147""]","[72,73,74,75,76,77,78,79,80,81,82,83]",1330866.144901,3,"[7,17]",7,0,[],94285.066901,"[""585"",""499"",""509"",""696"",""316"",""442"",""269"",""623"",""432"",""256"",""518"",""692""]",pred2,both,1,1,2025-05-10 12:12:55,"The main strategy I used was to check how long ago the house was built and guess what could be its value based on the year. AI predictions helped me to analyze the data given (year built, above grade living area, car capacity in garage, number of fireplaces, feature X and, Feature Y)to make my guesses.",Yes,585,499,509,696,316,442,269,623,432,256,518,692,,,,,,,,,,,,,,,,,,,,,,,,,225,250,288,304,218,198,193,362,179,202,328,284
2025-05-10 11:53:40,2025-05-10 12:13:06,IP Address,100,1166,True,R_6OZ8hTo0aN7E6eD,anonymous,EN,9486,655f9ea49fc6093808094bff,681f814b0cc46f4718b7a737,681f833f59d49fb6dd8e9926,https://github.com/Guoziyang27/guoziyang27.github.io/tree/master/assets/csv,12,12,24,"[""1166"",""2080"",""11"",""261"",""1700"",""706"",""1457"",""18"",""2176"",""2733"",""1484"",""288""]","[204,205,206,207,208,209,210,211,212,213,214,215]",240536.58512399998,3,"[7,17]",7,0,[],31651.017123999998,"[""150"",""160"",""175"",""130"",""320"",""200"",""450"",""500"",""387"",""307"",""321"",""276""]",pred1,shap,3,2,2025-05-10 12:13:07,When making my orignal guesses they were made and based on the year built then how the features would add value to the price I'am  trying to evaluate. When the AI predictions came around I took into the data they showed and adjusted my guess. If I was way off then I would seriously change my guess range if it was close I left it the same or adjusted by only a couple thousands or hundreds.,Yes,150,160,175,130,320,200,450,500,387,307,321,276,,,,,,,,,,,,,172,141,185,130,301,111,312,412,184,139,160,106,,,,,,,,,,,,
2025-05-10 11:50:25,2025-05-10 12:13:10,IP Address,100,1365,True,R_7jeasu9ZVwiK2p8,anonymous,EN,8271,67ea1b486fa9c8eb97c1c4ea,681f814b0cc46f4718b7a737,681f83419b7bae0ca3724a22,https://github.com/Guoziyang27/guoziyang27.github.io/tree/master/assets/csv,12,12,24,"[""217"",""775"",""974"",""1306"",""397"",""2450"",""416"",""383"",""1444"",""655"",""1074"",""1767""]","[60,61,62,63,64,65,66,67,68,69,70,71]",27880.77,4.95,"[7,17]",7,0,[],10007.77,"[""180"",""155"",""130"",""150"",""130"",""230"",""170"",""200"",""220"",""100"",""225"",""260""]",pred2,both,1,0,2025-05-10 12:13:11,"I used a strategy that combined the AI's prediction with my analysis of feature impacts, prioritizing features like living area, year built, and garage capacity that consistently had significant effects. By balancing the model's prediction with my understanding of feature impacts, I made informed guesses that were close to the model's prediction but also accounted for notable deviations based on feature insights.",Yes,180,155,130,150,130,230,170,200,220,100,225,260,,,,,,,,,,,,,,,,,,,,,,,,,150,132,115,110,125,370,168,183,230,108,232,320
2025-05-10 11:50:29,2025-05-10 12:13:27,IP Address,100,1377,True,R_6hbhWiGP6sWHdiK,anonymous,EN,1684,67f184a3b82990251abd1592,681f814b0cc46f4718b7a737,681f83b61124d54ee8662532,https://github.com/Guoziyang27/guoziyang27.github.io/tree/master/assets/csv,12,12,24,"[""502"",""1090"",""809"",""2396"",""2554"",""1748"",""2717"",""1489"",""2513"",""2035"",""1518"",""2653""]","[48,49,50,51,52,53,54,55,56,57,58,59]",177190.089569,3,"[7,17]",7,0,[],10210.335569000003,"[""601"",""352"",""304"",""300"",""181"",""202"",""166"",""141"",""176"",""185"",""190"",""192""]",pred1,none,0,4,2025-05-10 12:13:28,"I checked on the year the house was built. The older the house, the cheaper it was.",Yes,601,352,304,300,181,202,166,141,176,185,190,192,296,227,225,350,148,206,166,136,181,150,160,153,,,,,,,,,,,,,,,,,,,,,,,,
2025-05-10 11:48:57,2025-05-10 12:14:02,IP Address,100,1504,True,R_7fI670bVcvRiEFR,anonymous,EN,5070,62c9fdd317ab40e740eb27c8,681f814b0cc46f4718b7a737,681f836309729b746f4ad9a1,https://github.com/Guoziyang27/guoziyang27.github.io/tree/master/assets/csv,12,12,24,"[""1491"",""535"",""307"",""1353"",""2140"",""2199"",""881"",""1942"",""522"",""583"",""778"",""1160""]","[108,109,110,111,112,113,114,115,116,117,118,119]",246165.20293300002,3,"[7,17]",7,0,[],132944.962933,"[""242"",""299"",""204"",""218"",""314"",""231"",""382"",""235"",""435"",""313"",""243"",""458""]",pred1,none,1,4,2025-05-10 12:14:03,"I used to look at Zillow and just remember prices by size of the house approximate numbers. Honestly not many houses are cheaper then 200K, even old ones. I think prices should come down soon tho, as they were so unreasonably grown through  recent years. AI predictions were helpful. I've adjusted accordingly a little",Yes,242,299,204,218,314,231,382,235,435,313,243,458,214,302,194,209,221,186,311,214,410,292,205,384,,,,,,,,,,,,,,,,,,,,,,,,
2025-05-10 11:43:41,2025-05-10 12:14:18,IP Address,100,1836,True,R_3o6yVrWAZKsxgkd,anonymous,EN,858,66ce5adac1cd4b6037be4a63,681f814b0cc46f4718b7a737,681f822a089185c2e805b7cf,https://github.com/Guoziyang27/guoziyang27.github.io/tree/master/assets/csv,12,12,24,"[""95"",""2712"",""2847"",""1508"",""2111"",""1069"",""2915"",""2429"",""1646"",""453"",""196"",""2019""]","[24,25,26,27,28,29,30,31,32,33,34,35]",198918.30272100001,3,"[7,17]",7,0,[],8046.806721000001,"[""253"",""123"",""277"",""149"",""294"",""356"",""234"",""420"",""423"",""393"",""234"",""164""]",pred2,none,0,2,2025-05-10 12:14:19,"I looked at what the year, features, size, and made a decision trying to visualize the house while I performed the activity. The AI prediction just made me think how close or possibly far away from the price of the house. I like the activity very different.",Yes,253,123,277,149,294,356,234,420,423,393,234,164,223,140,174,112,185,365,115,288,215,209,170,112,,,,,,,,,,,,,,,,,,,,,,,,
2025-05-10 11:45:33,2025-05-10 12:14:32,IP Address,100,1739,True,R_66476iWNRmz7Ige,anonymous,EN,5228,675efef80636ec90d906ecb4,681f814b0cc46f4718b7a737,681f820d9669fa2209b8108d,https://github.com/Guoziyang27/guoziyang27.github.io/tree/master/assets/csv,12,12,24,"[""903"",""1343"",""2846"",""1195"",""2797"",""109"",""1216"",""1501"",""1720"",""1418"",""867"",""1005""]","[36,37,38,39,40,41,42,43,44,45,46,47]",63715,4.02,"[7,17]",7,0,[],7463,"[""113"",""207"",""209"",""151"",""205"",""144"",""120"",""154"",""194"",""201"",""135"",""211""]",pred2,shap,0,3,2025-05-10 12:14:33,"I compared the houses with the houses sold between 2006-2011. Then it also depended how new the house was and how much living area it had. For the AI predictions, I reviewed the AI predictions, noticing its increase and decrease of its evaluation of the houses. Finally, I made an average of my predictions and the AI predictions for the final guess.",Yes,113,207,209,151,205,144,120,154,194,201,135,211,,,,,,,,,,,,,112,149,168,137,242,145,123,124,214,139,283,209,,,,,,,,,,,,
2025-05-10 11:53:34,2025-05-10 12:14:33,IP Address,100,1258,True,R_1wtG9XIrmXBlRLj,anonymous,EN,1415,67fd46db088825e305648e1a,681f814b0cc46f4718b7a737,681f83c6abae6765d4632621,https://github.com/Guoziyang27/guoziyang27.github.io/tree/master/assets/csv,12,12,24,"[""217"",""775"",""974"",""1306"",""397"",""2450"",""416"",""383"",""1444"",""655"",""1074"",""1767""]","[60,61,62,63,64,65,66,67,68,69,70,71]",95121.56999999999,3.08,"[7,17]",7,0,[],9970.77,"[""250"",""171"",""203"",""186"",""206"",""173"",""186"",""186"",""179"",""138"",""178"",""177""]",pred2,both,1,0,2025-05-10 12:14:34,"I compared the values of the year the house was built, the grade of the living area, the garage car capacity and the fireplace. These are the main factors that helped me with my guess.",Yes,250,171,203,186,206,173,186,186,179,138,178,177,,,,,,,,,,,,,,,,,,,,,,,,,133,133,121,113,134,345,176,184,205,132,222,301
2025-05-10 11:49:03,2025-05-10 12:14:41,IP Address,100,1538,True,R_70y9WLp0uUIlT0t,anonymous,EN,1604,67efe4d2d2018d216ac7ff4f,681f814b0cc46f4718b7a737,681f8352ed59b37f3c38c179,https://github.com/Guoziyang27/guoziyang27.github.io/tree/master/assets/csv,12,12,24,"[""1197"",""562"",""99"",""590"",""1040"",""2515"",""2291"",""2369"",""1936"",""1453"",""200"",""29""]","[0,1,2,3,4,5,6,7,8,9,10,11]",25920.984788999995,4.98,"[7,17]",7,0,[],10834.924789,"[""205"",""155"",""165"",""220"",""156"",""186"",""150"",""145"",""136"",""140"",""176"",""190""]",pred1,shap,0,0,2025-05-10 12:14:42,"To make my guesses, I primarily relied on the AI's predictions and the specific impact values associated with each feature. I started with the AI's model prediction and adjusted my estimate slightly based on patterns I noticed across multiple trials. Features with consistently strong positive or negative impacts (like Feature Y and Feature X) were given more importance in my mental model. I treated Feature Y as most important because it often had a large influence (positive or negative) on the AI’s prediction. I considered Feature X next, followed by Car Capacity, which frequently contributed significantly to prediction drops. Above Grade Living Area and Year Built had more moderate and variable effects, while the number of Fireplaces, although sometimes impactful, seemed inconsistent in its influence, so I ranked it lowest.",Yes,205,155,165,220,156,186,150,145,136,140,176,190,,,,,,,,,,,,,145,145,181,241,125,201,104,121,137,112,124,204,,,,,,,,,,,,
2025-05-10 11:45:20,2025-05-10 12:14:54,IP Address,100,1774,True,R_7HY0EBEpc7ly37y,anonymous,EN,2377,67ca186a24b457bfdaaf46cb,681f814b0cc46f4718b7a737,681f8289af19544a7ea76ec7,https://github.com/Guoziyang27/guoziyang27.github.io/tree/master/assets/csv,12,12,24,"[""2426"",""234"",""2054"",""1679"",""2400"",""1179"",""228"",""2120"",""2697"",""1514"",""2596"",""1037""]","[96,97,98,99,100,101,102,103,104,105,106,107]",92616.4176,3,"[7,17]",7,0,[],22827.8176,"[""265"",""340"",""215"",""245"",""345"",""285"",""275"",""225"",""160"",""181"",""136"",""201""]",pred1,both,1,3,2025-05-10 12:14:55,"I relied on key features such as living area size, year built, and garage capacity to estimate prices. I adjusted based on secondary factors like the number of fireplaces and unknown features (Feature X and Y). AI predictions helped refine my guesses by highlighting trends and providing contextual pricing insights.",Yes,265,340,215,245,345,285,275,225,160,181,136,201,,,,,,,,,,,,,,,,,,,,,,,,,220,302,160,160,355,290,187,200,134,119,107,152
2025-05-10 11:50:05,2025-05-10 12:15:53,IP Address,100,1547,True,R_7370abIV7RtTziV,anonymous,EN,5386,66293a97afaf09c613477f83,681f814b0cc46f4718b7a737,681f8399f099903ecfaecaf1,https://github.com/Guoziyang27/guoziyang27.github.io/tree/master/assets/csv,12,12,24,"[""1909"",""1565"",""1536"",""1180"",""2543"",""1564"",""2316"",""319"",""2780"",""2565"",""73"",""1967""]","[132,133,134,135,136,137,138,139,140,141,142,143]",803510.01,3,"[7,17]",7,0,[],139050.01,"[""350"",""500"",""200"",""350"",""160"",""600"",""400"",""666"",""650"",""150"",""550"",""400""]",pred1,none,2,1,2025-05-10 12:15:54,I primarily centered my first guesses around the square footage of the property. I then slightly altered my estimates based off of the AI predictions.,Yes,350,500,200,350,160,600,400,666,650,150,550,400,250,400,175,300,150,400,300,400,333,130,325,300,,,,,,,,,,,,,,,,,,,,,,,,
2025-05-10 11:48:14,2025-05-10 12:16:20,IP Address,100,1685,True,R_1gkLiKxu8gIVXmc,anonymous,EN,710,64226a9ac7739618beeee60d,681f814b0cc46f4718b7a737,681f834343967024c97ad5f9,https://github.com/Guoziyang27/guoziyang27.github.io/tree/master/assets/csv,12,12,24,"[""1938"",""229"",""988"",""679"",""841"",""2641"",""1309"",""2639"",""2685"",""2604"",""969"",""593""]","[120,121,122,123,124,125,126,127,128,129,130,131]",78391.86,3,"[7,17]",7,0,[],44721.46,"[""187"",""236"",""201"",""187"",""182"",""201"",""222"",""192"",""201"",""208"",""271"",""212""]",pred2,both,2,0,2025-05-10 12:16:21,"Made my guesses just based on looking at the overall features of the house in the data that was given. Also if the AI said the price was higher, I would increase my intitial prediction. ",Yes,187,236,201,187,182,201,222,192,201,208,271,212,,,,,,,,,,,,,,,,,,,,,,,,,177,224,201,142,163,172,195,158,145,160,289,203
2025-05-10 11:50:25,2025-05-10 12:16:42,IP Address,100,1577,True,R_78h2mqwtJU4aEpP,anonymous,EN,9341,66e0779ca33300c6c88370a7,681f814b0cc46f4718b7a737,681f83c229cae9d768491a15,https://github.com/Guoziyang27/guoziyang27.github.io/tree/master/assets/csv,12,12,24,"[""1491"",""535"",""307"",""1353"",""2140"",""2199"",""881"",""1942"",""522"",""583"",""778"",""1160""]","[108,109,110,111,112,113,114,115,116,117,118,119]",78804.388933,3.09,"[7,17]",7,0,[],25964.064932999998,"[""204"",""308"",""119"",""122"",""140"",""129"",""242"",""111"",""289"",""317"",""248"",""303""]",pred2,none,1,4,2025-05-10 12:16:43,I decided on an average from the guideline prices and deducted according to the various features. I split the difference on a few with AI,Yes,204,308,119,122,140,129,242,111,289,317,248,303,174,172,115,122,126,129,217,107,292,266,227,234,,,,,,,,,,,,,,,,,,,,,,,,
2025-05-10 11:54:18,2025-05-10 12:16:44,IP Address,100,1346,True,R_1c6oHjupzTvBhzs,anonymous,EN,3101,6757244ae4655e222b76d530,681f814b0cc46f4718b7a737,681f8357c5deb33eecfa0b5e,https://github.com/Guoziyang27/guoziyang27.github.io/tree/master/assets/csv,12,12,24,"[""903"",""1343"",""2846"",""1195"",""2797"",""109"",""1216"",""1501"",""1720"",""1418"",""867"",""1005""]","[36,37,38,39,40,41,42,43,44,45,46,47]",645326,3,"[7,17]",7,0,[],106352,"[""161"",""310"",""384"",""236"",""532"",""384"",""236"",""310"",""458"",""384"",""607"",""532""]",pred1,both,0,3,2025-05-10 12:16:45,"I based my guesses on house size, age, and garage space. I also adjusted using the AIs prediction and how much each feature impacted the price.",Yes,161,310,384,236,532,384,236,310,458,384,607,532,,,,,,,,,,,,,,,,,,,,,,,,,161,236,236,236,310,236,161,160,236,161,532,236
2025-05-10 11:58:13,2025-05-10 12:16:51,IP Address,100,1118,True,R_3V8FoArAAl1PvNH,anonymous,EN,8898,67c719f77b0b26bb76790bb4,681f814b0cc46f4718b7a737,681f8373ef359b267dd0f9f5,https://github.com/Guoziyang27/guoziyang27.github.io/tree/master/assets/csv,12,12,24,"[""217"",""775"",""974"",""1306"",""397"",""2450"",""416"",""383"",""1444"",""655"",""1074"",""1767""]","[60,61,62,63,64,65,66,67,68,69,70,71]",234634.57,3,"[7,17]",7,0,[],17174.97,"[""236"",""164"",""236"",""160"",""236"",""385"",""311"",""311"",""385"",""160"",""457"",""532""]",pred1,both,1,0,2025-05-10 12:16:52,"I used the AI’s prediction as a baseline, adjusting my guess based on the impact of key features like Above Grade Living Area and Feature Y. Larger living areas and higher values for Feature Y led me to increase my guess, while smaller values and fewer desirable features made me lower it. I also compared my previous guess to the model's to refine my response. Lastly, I considered patterns in the data across trials to calibrate my predictions.",Yes,236,164,236,160,236,385,311,311,385,160,457,532,,,,,,,,,,,,,,,,,,,,,,,,,130,140,100,160,120,341,180,150,220,91,325,276
2025-05-10 11:45:45,2025-05-10 12:17:01,IP Address,100,1875,True,R_6q8UTjohCCI86uM,anonymous,EN,1620,681d105784ee5657eae466da,681f814b0cc46f4718b7a737,681f827287679aafa9fd5d21,https://github.com/Guoziyang27/guoziyang27.github.io/tree/master/assets/csv,12,12,24,"[""502"",""1090"",""809"",""2396"",""2554"",""1748"",""2717"",""1489"",""2513"",""2035"",""1518"",""2653""]","[48,49,50,51,52,53,54,55,56,57,58,59]",461259.38556900003,3,"[7,17]",7,0,[],374877.865569,"[""550"",""455"",""400"",""605"",""300"",""485"",""270"",""250"",""355"",""200"",""180"",""155""]",pred2,none,0,4,2025-05-10 12:17:01,"I was basing on year Built, Above Grade Living and fireplaces.",Yes,550,455,400,605,300,485,270,250,355,200,180,155,480,465,380,550,305,405,395,270,250,195,205,120,,,,,,,,,,,,,,,,,,,,,,,,
2025-05-10 11:54:58,2025-05-10 12:17:11,IP Address,100,1332,True,R_5sJiBjORHeEqvZv,anonymous,EN,3179,67f12c8335d274cad7a660ed,681f814b0cc46f4718b7a737,681f83b8394f840c5f74a347,https://github.com/Guoziyang27/guoziyang27.github.io/tree/master/assets/csv,12,12,24,"[""926"",""621"",""2413"",""5"",""1585"",""856"",""2229"",""2906"",""1760"",""1150"",""1142"",""108""]","[168,169,170,171,172,173,174,175,176,177,178,179]",81081.380225,3.36,"[7,17]",7,0,[],14032.430225,"[""207"",""28"",""99"",""110"",""97"",""41"",""132"",""103"",""120"",""82"",""75"",""122""]",pred1,both,2,4,2025-05-10 12:17:12,"the year it was built determined its resell value, other factors were put into consideration also but that was most important",Yes,207,28,99,110,97,41,132,103,120,82,75,122,,,,,,,,,,,,,,,,,,,,,,,,,201,111,134,160,140,96,182,140,134,108,160,212
2025-05-10 11:44:45,2025-05-10 12:17:51,IP Address,100,1985,True,R_1QECh6jhpxxvfcl,anonymous,EN,8172,67e5cc6cc3d974e38560d65a,681f814b0cc46f4718b7a737,681f8260293e96bd95f55df1,https://github.com/Guoziyang27/guoziyang27.github.io/tree/master/assets/csv,12,12,24,"[""322"",""1308"",""2166"",""298"",""2825"",""2257"",""1590"",""1608"",""2226"",""429"",""2572"",""1416""]","[180,181,182,183,184,185,186,187,188,189,190,191]",67851.73384999999,3.31,"[7,17]",7,0,[],29099.693849999996,"[""251"",""182"",""191"",""170"",""202"",""182"",""180"",""152"",""190"",""200"",""172"",""154""]",pred1,none,3,0,2025-05-10 12:17:51,"My strategy was based on the size of the living area, the number of fireplaces available within the house and how many cars it can accommodate. The bigger the living area which means it has more fireplaces and a bigger parking space. Regarding the AI predictions, I arrived at a value by guessing in between my value and the AI value.",Yes,251,182,191,170,202,182,180,152,190,200,172,154,324,150,199,182,213,196,222,141,186,301,160,139,,,,,,,,,,,,,,,,,,,,,,,,
2025-05-10 11:46:11,2025-05-10 12:17:52,IP Address,100,1900,True,R_6HBK6ivoICoXgtm,anonymous,EN,5585,67df6c769b39b429c33e2325,681f814b0cc46f4718b7a737,681f82cc47441edb144ae139,https://github.com/Guoziyang27/guoziyang27.github.io/tree/master/assets/csv,12,12,24,"[""1197"",""562"",""99"",""590"",""1040"",""2515"",""2291"",""2369"",""1936"",""1453"",""200"",""29""]","[0,1,2,3,4,5,6,7,8,9,10,11]",75351.914789,3,"[7,17]",7,0,[],34182.414788999995,"[""210"",""150"",""160"",""221"",""144"",""175"",""145"",""138"",""180"",""262"",""312"",""228""]",pred1,none,0,0,2025-05-10 12:17:53,Analyzing Key Features,Yes,210,150,160,221,144,175,145,138,180,262,312,228,142,150,177,235,152,190,130,130,145,167,250,250,,,,,,,,,,,,,,,,,,,,,,,,
2025-05-10 11:43:11,2025-05-10 12:18:18,IP Address,100,2106,True,R_6Ff7QXHviFCZaxj,anonymous,EN,1499,67ead81567b76f7b14eda8e4,681f814b0cc46f4718b7a737,681f821c8f3fd4f6182fe065,https://github.com/Guoziyang27/guoziyang27.github.io/tree/master/assets/csv,12,12,24,"[""1737"",""2854"",""1659"",""1148"",""2254"",""1755"",""680"",""2100"",""2734"",""2122"",""1726"",""1962""]","[228,229,230,231,232,233,234,235,236,237,238,239]",240129.76285600002,3,"[7,17]",7,0,[],79006.322856,"[""105"",""156"",""300"",""89"",""188"",""73"",""254"",""261"",""460"",""188"",""420"",""21""]",pred1,shap,3,4,2025-05-10 12:18:19,i used the the living area and the capacity of the garage.,Yes,105,156,300,89,188,73,254,261,460,188,420,21,,,,,,,,,,,,,145,148,301,197,164,219,129,250,328,182,248,38,,,,,,,,,,,,
2025-05-10 11:49:25,2025-05-10 12:18:30,IP Address,100,1744,True,R_5R42FrKg6Ig3APv,anonymous,EN,7804,67c7984f1288c822f9364973,681f814b0cc46f4718b7a737,681f837b063610d7a33137b8,https://github.com/Guoziyang27/guoziyang27.github.io/tree/master/assets/csv,12,12,24,"[""2426"",""234"",""2054"",""1679"",""2400"",""1179"",""228"",""2120"",""2697"",""1514"",""2596"",""1037""]","[96,97,98,99,100,101,102,103,104,105,106,107]",62651.977600000006,3.62,"[7,17]",7,0,[],23184.497600000002,"[""103"",""300"",""214"",""190"",""278"",""299"",""306"",""148"",""82"",""87"",""45"",""160""]",pred1,shap,1,3,2025-05-10 12:18:31,I checked the above grade living to place it at a predetermined position. After that I compare the X and Y features to determine how much increase to give. I also use the year to value pricing. When I'm done with that I adjust slightly the price based on Car capacity and No of fireplaces.,Yes,103,300,214,190,278,299,306,148,82,87,45,160,,,,,,,,,,,,,139,231,175,172,314,292,244,148,96,89,58,140,,,,,,,,,,,,
2025-05-10 11:46:26,2025-05-10 12:18:32,IP Address,100,1925,True,R_1JmcfG12iZ8l5W9,anonymous,EN,390,676da97afe68d3f5a09fca43,681f814b0cc46f4718b7a737,681f82cc0229fd47e2a18240,https://github.com/Guoziyang27/guoziyang27.github.io/tree/master/assets/csv,12,12,24,"[""1737"",""2854"",""1659"",""1148"",""2254"",""1755"",""680"",""2100"",""2734"",""2122"",""1726"",""1962""]","[228,229,230,231,232,233,234,235,236,237,238,239]",138189.902856,3,"[7,17]",7,0,[],70703.982856,"[""250"",""271"",""150"",""350"",""150"",""340"",""185"",""475"",""190"",""139"",""470"",""145""]",pred2,both,3,4,2025-05-10 12:18:33,"I looked at the year built as the first critical variable then the living area. regarding the AI predication, I went for the value that is closer to the predicated amount. ",Yes,250,271,150,350,150,340,185,475,190,139,470,145,,,,,,,,,,,,,,,,,,,,,,,,,215,220,170,309,125,295,150,450,145,150,415,145
2025-05-10 11:46:52,2025-05-10 12:19:14,IP Address,100,1941,True,R_6koiisc7jasV5ul,anonymous,EN,424,67e482838e2cd7da7e1d5dd2,681f814b0cc46f4718b7a737,681f82f79a50a40670cd2d8b,https://github.com/Guoziyang27/guoziyang27.github.io/tree/master/assets/csv,12,12,24,"[""1777"",""2011"",""703"",""813"",""1409"",""959"",""2582"",""1232"",""2183"",""1039"",""2344"",""1993""]","[84,85,86,87,88,89,90,91,92,93,94,95]",15813.139930000003,4.18,"[7,17]",7,0,[],49647.753930000006,"[""190"",""170"",""160"",""200"",""181"",""171"",""160"",""170"",""151"",""155"",""221"",""144""]",pred1,shap,1,2,2025-05-10 12:19:15,"I aimed to make informed and consistent estimates. ",Yes,190,170,160,200,181,171,160,170,151,155,221,144,,,,,,,,,,,,,145,152,177,146,151,186,175,13,184,150,226,146,,,,,,,,,,,,
2025-05-10 11:49:18,2025-05-10 12:19:54,IP Address,100,1836,True,R_7G6ziZqrKc6dlcR,anonymous,EN,5168,67e975ed2ed685b0c660b041,681f814b0cc46f4718b7a737,681f8389652615579c2389c6,https://github.com/Guoziyang27/guoziyang27.github.io/tree/master/assets/csv,12,12,24,"[""95"",""2712"",""2847"",""1508"",""2111"",""1069"",""2915"",""2429"",""1646"",""453"",""196"",""2019""]","[24,25,26,27,28,29,30,31,32,33,34,35]",305223.556721,3,"[7,17]",7,0,[],204759.556721,"[""310"",""13"",""67"",""13"",""13"",""87"",""13"",""13"",""13"",""16"",""13"",""13""]",pred2,none,0,2,2025-05-10 12:19:55,i consider the year built and also above grade living area with the car capacity with feature x and feature y,Yes,310,13,67,13,13,87,13,13,13,16,13,13,229,134,161,105,13,87,13,13,209,201,13,13,,,,,,,,,,,,,,,,,,,,,,,,
2025-05-10 11:51:02,2025-05-10 12:20:17,IP Address,100,1754,True,R_3zFUMV0IRDno9oD,anonymous,EN,1726,670348a0446814e5ead1e672,681f814b0cc46f4718b7a737,681f83b7c45a115264e3ca07,https://github.com/Guoziyang27/guoziyang27.github.io/tree/master/assets/csv,12,12,24,"[""1491"",""535"",""307"",""1353"",""2140"",""2199"",""881"",""1942"",""522"",""583"",""778"",""1160""]","[108,109,110,111,112,113,114,115,116,117,118,119]",431958.826933,3,"[7,17]",7,0,[],11536.146932999998,"[""110"",""489"",""60"",""29"",""146"",""93"",""298"",""73"",""495"",""614"",""442"",""316""]",pred2,none,1,4,2025-05-10 12:20:18,"My decisions mainly relied on three features; year built, number of fireplaces, and garage capacity. Homes built in the 1900s were generally less expensive than those from the 2000s. Properties with more fireplaces and larger garages tend to be more valuable, reflecting higher-end designs. I used these factors, supported by the AI predictions, to guide my estimates.",Yes,110,489,60,29,146,93,298,73,495,614,442,316,141,182,112,136,120,124,194,85,313,217,169,172,,,,,,,,,,,,,,,,,,,,,,,,
2025-05-10 11:57:38,2025-05-10 12:20:30,IP Address,100,1371,True,R_6E5ooae9JBVJzXC,anonymous,EN,8422,67f24db46f1c4a3d8deb003e,681f814b0cc46f4718b7a737,681f8549dae48e0b35c45865,https://github.com/Guoziyang27/guoziyang27.github.io/tree/master/assets/csv,12,12,24,"[""1909"",""1565"",""1536"",""1180"",""2543"",""1564"",""2316"",""319"",""2780"",""2565"",""73"",""1967""]","[132,133,134,135,136,137,138,139,140,141,142,143]",106028.41,3,"[7,17]",7,0,[],59665.81,"[""240"",""313"",""221"",""260"",""202"",""300"",""269"",""320"",""301"",""261"",""358"",""250""]",pred2,none,2,1,2025-05-10 12:20:31,"I considered the year it was built which meant recenly built houses are more modern and expensive,the above grade living area was also well considered .Houses with bigger garages also felt expensive and finally fireplaces were also considered",Yes,240,313,221,260,202,300,269,320,301,261,358,250,201,311,186,225,204,279,221,321,293,228,311,224,,,,,,,,,,,,,,,,,,,,,,,,
2025-05-10 11:48:41,2025-05-10 12:20:41,IP Address,100,1919,True,R_3ru3v0MjJQ1nIpX,anonymous,EN,3639,67ddc3aa14d6159a27502d15,681f814b0cc46f4718b7a737,681f8354b94a938948e1f1d1,https://github.com/Guoziyang27/guoziyang27.github.io/tree/master/assets/csv,12,12,24,"[""95"",""2712"",""2847"",""1508"",""2111"",""1069"",""2915"",""2429"",""1646"",""453"",""196"",""2019""]","[24,25,26,27,28,29,30,31,32,33,34,35]",45484.682721000005,3.51,"[7,17]",7,0,[],44035.002721,"[""185"",""150"",""150"",""185"",""204"",""355"",""180"",""230"",""240"",""225"",""266"",""175""]",pred1,both,0,2,2025-05-10 12:20:42,"I based my guesses primarily on the AI's predictions and the importance of specific features like ""Above Grade Living Area"" and ""Feature X."" I considered how much these features impacted the price, as highlighted by the AI, adjusting my guesses higher or lower based on their values. I also factored in other features like the number of fireplaces and garage capacity, though they had a smaller impact. The AI's explanations helped me refine my estimates, balancing between its prediction and the significance of each feature.",Yes,185,150,150,185,204,355,180,230,240,225,266,175,,,,,,,,,,,,,,,,,,,,,,,,,185,141,170,109,200,190,100,270,210,210,215,160
2025-05-10 11:50:11,2025-05-10 12:20:41,IP Address,100,1829,True,R_6UYD17WipQtyU0N,anonymous,EN,4759,67e2c1cf16cb9a0f99c3c071,681f814b0cc46f4718b7a737,681f83b889cd18959201bc62,https://github.com/Guoziyang27/guoziyang27.github.io/tree/master/assets/csv,12,12,24,"[""138"",""773"",""281"",""4"",""2434"",""1791"",""2535"",""944"",""2556"",""48"",""2384"",""192""]","[144,145,146,147,148,149,150,151,152,153,154,155]",173762.9901,3,"[7,17]",7,0,[],63617.030099999996,"[""231"",""185"",""205"",""359"",""451"",""388"",""197"",""190"",""188"",""494"",""382"",""230""]",pred2,both,2,2,2025-05-10 12:20:42,My predictions were mainly based on the living area as the first creteria. I aslo considered the year the house was made with newer houses attracting higher prices based on my judgement.Car capacity in garage was no 3 in determining the price. I did not pay much attention to the features and the AI predictions assisted in adjusting the prices to accommodate the features.,Yes,231,185,205,359,451,388,197,190,188,494,382,230,,,,,,,,,,,,,,,,,,,,,,,,,226,150,180,320,353,300,186,135,174,404,315,201
2025-05-10 11:50:36,2025-05-10 12:21:14,IP Address,100,1837,True,R_7znGfhdX8edplz9,anonymous,EN,2316,6813da744902baf71269402d,681f814b0cc46f4718b7a737,681f83bc5913dfb3298bdd24,https://github.com/Guoziyang27/guoziyang27.github.io/tree/master/assets/csv,12,12,24,"[""138"",""773"",""281"",""4"",""2434"",""1791"",""2535"",""944"",""2556"",""48"",""2384"",""192""]","[144,145,146,147,148,149,150,151,152,153,154,155]",29002.7701,4.74,"[7,17]",7,0,[],16326.0701,"[""197"",""130"",""110"",""220"",""190"",""191"",""140"",""96"",""89"",""240"",""211"",""151""]",pred1,shap,2,2,2025-05-10 12:21:15,"My strategy focused on combining AI predictions with careful analysis of feature impacts to make accurate price guesses. I started with the AI's prediction as a baseline, then adjusted based on the influence of each feature, prioritizing those with the most consistent and significant effects. Key features like Above Grade Living Area and Feature Y were most influential—large living areas boosted prices, while Feature Y's extreme values (high or low) had dramatic impacts. I also noted that missing fireplaces or garages often led to substantial penalties. For Feature X, mid-range values added value, but high values sometimes hurt. I balanced the AI's predictions with my own observations, often averaging the two when they disagreed, and leaned conservative to minimize errors. Over time, I refined my approach by tracking patterns, like Feature Y's strong positive correlation at high values, which significantly improved my accuracy in the second round. The strategy worked by leveraging the AI's data-driven base while applying human judgment to adjust for clear feature trends and outliers.",Yes,197,130,110,220,190,191,140,96,89,240,211,151,,,,,,,,,,,,,190,133,100,221,205,230,170,90,89,275,209,145,,,,,,,,,,,,
2025-05-10 11:42:57,2025-05-10 12:21:26,IP Address,100,2308,True,R_1aULytdR5Kf8h3i,anonymous,EN,7395,63e548215b42b3f3aa069dc2,681f814b0cc46f4718b7a737,681f8204c9e3e85d34eabcf8,https://github.com/Guoziyang27/guoziyang27.github.io/tree/master/assets/csv,12,12,24,"[""830"",""2623"",""1959"",""2069"",""121"",""682"",""2018"",""1786"",""2136"",""1027"",""303"",""564""]","[156,157,158,159,160,161,162,163,164,165,166,167]",17191.965583999998,5.49,"[7,17]",7,0,[],1239.1655839999999,"[""145"",""165"",""190"",""170"",""160"",""155"",""150"",""200"",""170"",""160"",""130"",""215""]",pred2,both,2,3,2025-05-10 12:21:27,I just took in account all the features of the house and made some educated guesses.,Yes,145,165,190,170,160,155,150,200,170,160,130,215,,,,,,,,,,,,,,,,,,,,,,,,,180,120,160,150,145,140,120,250,150,145,78,265
2025-05-10 12:12:16,2025-05-10 12:22:30,IP Address,100,614,True,R_1HlqMARW38OIaJ3,anonymous,EN,9282,67df3557f968a6323b1e41c9,681f814b0cc46f4718b7a737,681f83aea932fdd7756f0dd8,https://github.com/Guoziyang27/guoziyang27.github.io/tree/master/assets/csv,12,12,24,"[""926"",""621"",""2413"",""5"",""1585"",""856"",""2229"",""2906"",""1760"",""1150"",""1142"",""108""]","[168,169,170,171,172,173,174,175,176,177,178,179]",702106.760225,3,"[7,17]",7,0,[],40748.20022499999,"[""428"",""452"",""405"",""441"",""455"",""508"",""457"",""354"",""404"",""273"",""345"",""421""]",pred1,shap,2,4,2025-05-10 12:22:31,I was guided by the provided features to make my guesses and predictions.,Yes,428,452,405,441,455,508,457,354,404,273,345,421,,,,,,,,,,,,,231,233,253,216,281,243,251,193,210,172,191,247,,,,,,,,,,,,
2025-05-10 11:52:41,2025-05-10 12:22:39,IP Address,100,1798,True,R_61yF8BGFPM7np8h,anonymous,EN,755,67d9bc26fac028fdc13b44d6,681f814b0cc46f4718b7a737,681f83bd57f0ac8efcb8be94,https://github.com/Guoziyang27/guoziyang27.github.io/tree/master/assets/csv,12,12,24,"[""1909"",""1565"",""1536"",""1180"",""2543"",""1564"",""2316"",""319"",""2780"",""2565"",""73"",""1967""]","[132,133,134,135,136,137,138,139,140,141,142,143]",536945.01,3,"[7,17]",7,0,[],536992.01,"[""35"",""235"",""130"",""220"",""140"",""236"",""235"",""740"",""580"",""160"",""620"",""180""]",pred1,none,2,1,2025-05-10 12:22:43,"Mostly I relied on the year of manufacturing, since I assumed that the more recent a house has been built the more advance features it has therefore the sale value maybe high.",Yes,35,235,130,220,140,236,235,740,580,160,620,180,125,348,147,262,140,236,220,740,580,116,620,166,,,,,,,,,,,,,,,,,,,,,,,,
2025-05-10 11:44:15,2025-05-10 12:23:09,IP Address,100,2333,True,R_5PbOkIKrZdKRrs5,anonymous,EN,750,67e4b9da1171c20d55663620,681f814b0cc46f4718b7a737,681f824006c6282916c66a7e,https://github.com/Guoziyang27/guoziyang27.github.io/tree/master/assets/csv,12,12,24,"[""2799"",""2197"",""1903"",""935"",""367"",""1830"",""1218"",""1996"",""1857"",""1420"",""1178"",""111""]","[12,13,14,15,16,17,18,19,20,21,22,23]",103096.236569,3,"[7,17]",7,0,[],42263.246568999995,"[""213"",""205"",""131"",""193"",""712"",""202"",""152"",""18"",""160"",""181"",""205"",""164""]",pred2,shap,0,1,2025-05-10 12:23:09,"I was referring to the prices listed of different house and the year they were built, then from there I estimated the price based on the ones provided",Yes,213,205,131,193,712,202,152,18,160,181,205,164,,,,,,,,,,,,,263,168,93,179,347,146,138,122,162,295,271,167,,,,,,,,,,,,
2025-05-10 11:48:31,2025-05-10 12:23:22,IP Address,100,2091,True,R_691iB7JrEdIBsNH,anonymous,EN,7052,681c8d0a74ea9691dff69ca7,681f814b0cc46f4718b7a737,681f833eba10130b1d8aed36,https://github.com/Guoziyang27/guoziyang27.github.io/tree/master/assets/csv,12,12,24,"[""1166"",""2080"",""11"",""261"",""1700"",""706"",""1457"",""18"",""2176"",""2733"",""1484"",""288""]","[204,205,206,207,208,209,210,211,212,213,214,215]",123203.445124,3,"[7,17]",7,0,[],32515.909124,"[""213"",""214"",""160"",""129"",""213"",""130"",""213"",""160"",""129"",""215"",""160"",""130""]",pred1,none,3,2,2025-05-10 12:23:24,I considered safety first. Hence availability of fire place came first. Then the size of the house came second followed by feature X and Y. The availability of parking came after the features and finally the year. The year didn't matter so much as we  might have a house built in 1970s but very strong than the one built in 2010,Yes,213,214,160,129,213,130,213,160,129,215,160,130,190,150,183,131,269,120,212,384,144,124,176,78,,,,,,,,,,,,,,,,,,,,,,,,
2025-05-10 11:54:19,2025-05-10 12:23:26,IP Address,100,1746,True,R_3wyIqzoJjfwB5P1,anonymous,EN,9728,67d0b20f5a84d00fa8b8ff17,681f814b0cc46f4718b7a737,681f84b4575bce466f01615c,https://github.com/Guoziyang27/guoziyang27.github.io/tree/master/assets/csv,12,12,24,"[""1197"",""562"",""99"",""590"",""1040"",""2515"",""2291"",""2369"",""1936"",""1453"",""200"",""29""]","[0,1,2,3,4,5,6,7,8,9,10,11]",21844.974789,5,"[7,17]",7,0,[],14037.704789,"[""190"",""140"",""150"",""225"",""145"",""200"",""145"",""140"",""131"",""135"",""200"",""210""]",pred2,none,0,0,2025-05-10 12:23:27,"Above Grade Living Area (sq ft) – This feature directly correlates with the size of the house, which is one of the primary factors in determining the sale price. Larger houses typically have higher prices, so I gave this feature the highest weight in my decision-making process.",Yes,190,140,150,225,145,200,145,140,131,135,200,210,175,135,165,235,125,200,140,140,131,130,120,195,,,,,,,,,,,,,,,,,,,,,,,,
2025-05-10 11:50:52,2025-05-10 12:23:35,IP Address,100,1962,True,R_5SmhUwZwHllatJn,anonymous,EN,2642,67e990cae30f7f65028a0e42,681f814b0cc46f4718b7a737,681f83b63dc0d62325b53d37,https://github.com/Guoziyang27/guoziyang27.github.io/tree/master/assets/csv,12,12,24,"[""172"",""1352"",""46"",""675"",""544"",""980"",""1655"",""2813"",""2445"",""2094"",""1954"",""2350""]","[192,193,194,195,196,197,198,199,200,201,202,203]",7805.2725,5.62,"[7,17]",7,0,[],5871.7725,"[""120"",""180"",""230"",""165"",""230"",""136"",""170"",""221"",""280"",""255"",""130"",""200""]",pred1,both,3,1,2025-05-10 12:23:36,"I started with a $160K average and adjusted based on clear features like year, size, and garage. I used AI predictions only when they showed a strong effect. I avoided going below $100K unless several big flaws were present, and priced higher for standout features like newer builds.",Yes,120,180,230,165,230,136,170,221,280,255,130,200,,,,,,,,,,,,,,,,,,,,,,,,,110,175,225,160,225,120,175,195,280,250,125,180
2025-05-10 11:50:07,2025-05-10 12:25:32,IP Address,100,2124,True,R_1sbZ7pmf13wCqgL,anonymous,EN,3275,67d4963737c423d4f85b1fd1,681f814b0cc46f4718b7a737,681f8371a1638c60ed0e996e,https://github.com/Guoziyang27/guoziyang27.github.io/tree/master/assets/csv,12,12,24,"[""172"",""1352"",""46"",""675"",""544"",""980"",""1655"",""2813"",""2445"",""2094"",""1954"",""2350""]","[192,193,194,195,196,197,198,199,200,201,202,203]",39459.3725,3.5,"[7,17]",7,0,[],50526.2725,"[""225"",""210"",""180"",""185"",""230"",""145"",""267"",""180"",""211"",""221"",""146"",""177""]",pred1,shap,3,1,2025-05-10 12:25:33,"AI predictions as a reference.
Feature analysis, including both their direct and indirect impacts on price.
Real estate knowledge to adjust for various factors, such as size, age, and amenities.",Yes,225,210,180,185,230,145,267,180,211,221,146,177,,,,,,,,,,,,,110,137,195,92,159,144,190,201,178,137,228,181,,,,,,,,,,,,
2025-05-10 11:47:43,2025-05-10 12:25:39,IP Address,100,2276,True,R_5mkPBqN4GIdF2Ub,anonymous,EN,5015,681d81756735d696f8f3db9d,681f814b0cc46f4718b7a737,681f831f37c44d79254c6609,https://github.com/Guoziyang27/guoziyang27.github.io/tree/master/assets/csv,12,12,24,"[""138"",""773"",""281"",""4"",""2434"",""1791"",""2535"",""944"",""2556"",""48"",""2384"",""192""]","[144,145,146,147,148,149,150,151,152,153,154,155]",28554.5701,4.91,"[7,17]",7,0,[],10832.8501,"[""155"",""106"",""75"",""226"",""130"",""280"",""120"",""51"",""34"",""212"",""351"",""102""]",pred2,both,2,2,2025-05-10 12:25:39,"to begin with the year of the house construction was a very important features to be considered , as time goes due to inflation and other factors the houses built cheaply during certain time seem to be acquired expensively now, more so the size above living area is what really determines the actual price because this sums up the asset value of the whole project , the remaining features decided  slight shifts in prices depending on whether they are present or not",Yes,155,106,75,226,130,280,120,51,34,212,351,102,,,,,,,,,,,,,,,,,,,,,,,,,174,112,93,228,194,220,124,68,83,302,264,124
2025-05-10 11:49:13,2025-05-10 12:26:29,IP Address,100,2235,True,R_6w15WI93p9VDz4i,anonymous,EN,3784,67f2fbf1863f35779e34ee1f,681f814b0cc46f4718b7a737,681f82cc3f12f954c8c0ebd3,https://github.com/Guoziyang27/guoziyang27.github.io/tree/master/assets/csv,12,12,24,"[""1166"",""2080"",""11"",""261"",""1700"",""706"",""1457"",""18"",""2176"",""2733"",""1484"",""288""]","[204,205,206,207,208,209,210,211,212,213,214,215]",160093.625124,3,"[7,17]",7,0,[],160093.625124,"[""310"",""270"",""320"",""300"",""380"",""240"",""370"",""390"",""240"",""280"",""220"",""210""]",pred2,none,3,2,2025-05-10 12:26:30,"To come up with each price guess , I used a mix of real world reasoning , patterns I've seen and logic based on how home features usually affect value ",Yes,310,270,320,300,380,240,370,390,240,280,220,210,310,270,320,300,380,240,370,390,240,280,220,210,,,,,,,,,,,,,,,,,,,,,,,,
2025-05-10 12:14:53,2025-05-10 12:26:44,IP Address,100,710,True,R_7WV5KmOyYXMQPbr,anonymous,EN,3311,67e436e368aeb0feaf2c033a,681f814b0cc46f4718b7a737,681f8369357235fbc095cada,https://github.com/Guoziyang27/guoziyang27.github.io/tree/master/assets/csv,12,12,24,"[""903"",""1343"",""2846"",""1195"",""2797"",""109"",""1216"",""1501"",""1720"",""1418"",""867"",""1005""]","[36,37,38,39,40,41,42,43,44,45,46,47]",103596,3,"[7,17]",7,0,[],16859,"[""116"",""153"",""138"",""215"",""356"",""302"",""210"",""120"",""356"",""165"",""423"",""304""]",pred2,none,0,3,2025-05-10 12:26:44,My prioritywas to look t the year the house was built and the space.  Ialso looked at the AI predictions and i thought the price could be between what i had suggested earlier and the AI results.  The AI guided me on the price that I predicted,Yes,116,153,138,215,356,302,210,120,356,165,423,304,110,141,130,151,291,180,126,105,300,130,340,220,,,,,,,,,,,,,,,,,,,,,,,,
2025-05-10 11:51:14,2025-05-10 12:27:14,IP Address,100,2160,True,R_3AMa9vPpRuxOhiZ,anonymous,EN,4916,6780a644f70a2de5932ef6bb,681f814b0cc46f4718b7a737,681f83f39f92a65ea3941ec8,https://github.com/Guoziyang27/guoziyang27.github.io/tree/master/assets/csv,12,12,24,"[""138"",""773"",""281"",""4"",""2434"",""1791"",""2535"",""944"",""2556"",""48"",""2384"",""192""]","[144,145,146,147,148,149,150,151,152,153,154,155]",23516.5701,4.65,"[7,17]",7,0,[],24975.3701,"[""210"",""134"",""120"",""230"",""180"",""201"",""150"",""85"",""100"",""270"",""221"",""176""]",pred1,shap,2,2,2025-05-10 12:27:15,"I used a strategy that combined analyzing the house features with the AI's prediction and impact explanations. First, I assessed the key features such as the year built, size, garage, and fireplaces, considering their typical impact on price. Then, I integrated the AI’s prediction and how each feature influenced the price, adjusting my guess based on positive or negative impacts. I fine-tuned my guess by applying both my own insights and the AI’s guidance, taking into account patterns in the data, such as newer homes or larger living areas typically leading to higher prices.",Yes,210,134,120,230,180,201,150,85,100,270,221,176,,,,,,,,,,,,,201,136,110,221,170,189,166,80,90,261,230,166,,,,,,,,,,,,
2025-05-10 11:56:53,2025-05-10 12:28:20,IP Address,100,1886,True,R_1J3XKYCXkab07zb,anonymous,EN,1150,66c9f7fd98cb4c8f77f98b27,681f814b0cc46f4718b7a737,681f834871cbbad07ef1bbf2,https://github.com/Guoziyang27/guoziyang27.github.io/tree/master/assets/csv,12,12,24,"[""1166"",""2080"",""11"",""261"",""1700"",""706"",""1457"",""18"",""2176"",""2733"",""1484"",""288""]","[204,205,206,207,208,209,210,211,212,213,214,215]",279664.541124,3,"[7,17]",7,0,[],57093.257124,"[""302"",""291"",""229"",""279"",""209"",""418"",""207"",""296"",""227"",""349"",""240"",""222""]",pred1,shap,3,2,2025-05-10 12:28:21,"All my decisions were drawn from my first three rankings, every other thing came after.",Yes,302,291,229,279,209,418,207,296,227,349,240,222,,,,,,,,,,,,,221,150,208,152,220,140,210,352,170,151,200,78,,,,,,,,,,,,
2025-05-10 11:48:45,2025-05-10 12:31:52,IP Address,100,2587,True,R_6jfkmYyXAr9xTqh,anonymous,EN,2640,674f5a8a79349259b859c0ab,681f814b0cc46f4718b7a737,681f836665965025272ec851,https://github.com/Guoziyang27/guoziyang27.github.io/tree/master/assets/csv,12,12,24,"[""1777"",""2011"",""703"",""813"",""1409"",""959"",""2582"",""1232"",""2183"",""1039"",""2344"",""1993""]","[84,85,86,87,88,89,90,91,92,93,94,95]",618248.08193,3,"[7,17]",7,0,[],317303.85193,"[""310"",""458"",""532"",""293"",""396"",""391"",""383"",""375"",""352"",""328"",""384"",""364""]",pred1,shap,1,2,2025-05-10 12:31:53,"I started by considering the size of the house (Above Grade Living Area), since bigger houses usually have higher prices. I also looked at how new the house was (Year Built) because newer houses typically cost more. If Feature X was higher, I leaned toward guessing a higher price.

I also factored in Fireplaces and Car Capacity in Garage since those things can make the house more appealing, but they weren’t as big of a deal as size or age.

Finally, I paid attention to Feature Y, adjusting my guess based on whether its value was high or low and how it seemed to affect the price.

As for the AI prediction, I used it as a guide but didn’t let it decide my guess. Sometimes the model didn’t seem to use all the features well, so I compared my guess to its prediction, but it wasn’t the main factor in my decision-making.

In the end, I used a mix of the house features, my own understanding of how they affect price, and the AI’s prediction to make my guesses. The most important factors for me were things like size, condition, and age of the house.",Yes,310,458,532,293,396,391,383,375,352,328,384,364,,,,,,,,,,,,,295,273,274,343,304,371,361,374,377,226,303,328,,,,,,,,,,,,
2025-05-10 11:51:59,2025-05-10 12:32:29,IP Address,100,2429,True,R_3E667ZFU8DoBrIa,anonymous,EN,7051,66e982b2da4a8dde63eac56c,681f814b0cc46f4718b7a737,681f84014e1d2d2b8ad844c4,https://github.com/Guoziyang27/guoziyang27.github.io/tree/master/assets/csv,12,12,24,"[""903"",""1343"",""2846"",""1195"",""2797"",""109"",""1216"",""1501"",""1720"",""1418"",""867"",""1005""]","[36,37,38,39,40,41,42,43,44,45,46,47]",77378,3,"[7,17]",7,0,[],59969,"[""37"",""43"",""21"",""87"",""373"",""80"",""58"",""64"",""326"",""83"",""244"",""119""]",pred2,none,0,3,2025-05-10 12:32:30,I took into consideration the all features and predictions of the AI.,Yes,37,43,21,87,373,80,58,64,326,83,244,119,69,57,38,83,191,57,49,58,324,111,272,183,,,,,,,,,,,,,,,,,,,,,,,,
2025-05-10 12:19:20,2025-05-10 12:33:39,IP Address,100,858,True,R_1DvfgXXEMhTbkaR,anonymous,EN,6430,675724b349592b2b81147387,681f814b0cc46f4718b7a737,681f8351c4a1fdf29a7bf5c6,https://github.com/Guoziyang27/guoziyang27.github.io/tree/master/assets/csv,12,12,24,"[""1166"",""2080"",""11"",""261"",""1700"",""706"",""1457"",""18"",""2176"",""2733"",""1484"",""288""]","[204,205,206,207,208,209,210,211,212,213,214,215]",119611.07312399999,3,"[7,17]",7,0,[],44884.209124,"[""236"",""310"",""310"",""236"",""384"",""236"",""384"",""458"",""236"",""236"",""161"",""161""]",pred1,shap,3,2,2025-05-10 12:33:40,"I looked at the AI's price, then thought about how things like the house size, age, and garage might change the price, and made my guess based on that.",Yes,236,310,310,236,384,236,384,458,236,236,161,161,,,,,,,,,,,,,236,236,236,236,310,161,311,384,161,161,161,87,,,,,,,,,,,,
2025-05-10 11:45:01,2025-05-10 12:34:39,IP Address,100,2977,True,R_6H2azdc2RSw6ZNO,anonymous,EN,798,67f117c069962c8306b3e285,681f814b0cc46f4718b7a737,681f8277cd15a7257945ba04,https://github.com/Guoziyang27/guoziyang27.github.io/tree/master/assets/csv,12,12,24,"[""2799"",""2197"",""1903"",""935"",""367"",""1830"",""1218"",""1996"",""1857"",""1420"",""1178"",""111""]","[12,13,14,15,16,17,18,19,20,21,22,23]",111307.10456899999,3,"[7,17]",7,0,[],59837.924568999995,"[""250"",""120"",""13"",""165"",""230"",""190"",""170"",""165"",""180"",""200"",""210"",""205""]",pred2,none,0,1,2025-05-10 12:34:39,"For my predictions, I looked up the features for the houses against the chart to guess the prices.
For my predictions after AI, I used my previous predictions and those of AI to guess a mean figure as the price.",Yes,250,120,13,165,230,190,170,165,180,200,210,205,260,145,50,162,300,160,150,155,170,300,250,200,,,,,,,,,,,,,,,,,,,,,,,,
2025-05-10 11:53:37,2025-05-10 12:38:44,IP Address,100,2706,True,R_3dYKw3emwhqkQ53,anonymous,EN,402,67e7ff1ef81c52ec2bf98f85,681f814b0cc46f4718b7a737,681f831f0394b217fcc70c2f,https://github.com/Guoziyang27/guoziyang27.github.io/tree/master/assets/csv,12,12,24,"[""611"",""197"",""2090"",""1571"",""2202"",""694"",""2588"",""1743"",""2157"",""2298"",""570"",""2147""]","[72,73,74,75,76,77,78,79,80,81,82,83]",247876.280901,3,"[7,17]",7,0,[],8153.9929010000005,"[""236"",""310"",""458"",""474"",""241"",""220"",""265"",""355"",""245"",""256"",""285"",""250""]",pred2,shap,1,1,2025-05-10 12:38:45,"I combined the AI model's predicted price with the known direction and magnitude of the feature-based adjustments. I prioritized features that had a clear and consistent monetary impact (e.g., newer build years and larger living areas tended to raise price). If the model prediction ignored a key feature or gave it $0K impact (like Feature X or Y), I assumed those features held no predictive power and adjusted my estimates accordingly. I used the model prediction as a base and made small manual adjustments based on features I believed the model under- or overestimated.",Yes,236,310,458,474,241,220,265,355,245,256,285,250,,,,,,,,,,,,,170,160,224,225,120,130,140,249,151,115,220,224,,,,,,,,,,,,
2025-05-10 11:50:17,2025-05-10 12:39:50,IP Address,100,2973,True,R_7IvgFqGEU6zpaYC,anonymous,EN,1356,67f046666817139309eca3bb,681f814b0cc46f4718b7a737,681f83bcc9e3e85d34eabd23,https://github.com/Guoziyang27/guoziyang27.github.io/tree/master/assets/csv,12,12,24,"[""1197"",""562"",""99"",""590"",""1040"",""2515"",""2291"",""2369"",""1936"",""1453"",""200"",""29""]","[0,1,2,3,4,5,6,7,8,9,10,11]",6590.934789000001,5.6,"[7,17]",7,0,[],7872.594789000001,"[""175"",""80"",""190"",""230"",""100"",""200"",""95"",""130"",""105"",""90"",""140"",""170""]",pred2,none,0,0,2025-05-10 12:39:51,"i calculated roughly the price of a house in midwestern USA, based on the year it was built and the above grade living area. I then looked at the digit value of feature x, if its high, I anticipated a higher price in the cost of the house. the number of fire places indicated a higher living standards, and therefore played a significant role in the pricing of the house. Car garage capacity, symbolized amount of available space in the compound and also the general size of the house and was therefore also essential in pricing the house. that is the criteria that I used",Yes,175,80,190,230,100,200,95,130,105,90,140,170,168,120,183,236,100,204,110,120,108,105,143,175,,,,,,,,,,,,,,,,,,,,,,,,
2025-05-10 11:56:34,2025-05-10 12:40:52,IP Address,100,2657,True,R_3UlH6ePCibxSW8V,anonymous,EN,5065,668f8d7343028ae0faa7a907,681f814b0cc46f4718b7a737,681f8535132705ed7b850ec5,https://github.com/Guoziyang27/guoziyang27.github.io/tree/master/assets/csv,12,12,24,"[""1217"",""2890"",""232"",""2583"",""2275"",""708"",""1395"",""1853"",""2594"",""1431"",""2305"",""2605""]","[216,217,218,219,220,221,222,223,224,225,226,227]",24510.052369000005,5.23,"[7,17]",7,0,[],3278.7523690000007,"[""160"",""163"",""130"",""130"",""220"",""150"",""120"",""233"",""180"",""180"",""180"",""200""]",pred2,none,3,3,2025-05-10 12:41:01,"Well, I first looked at the year built of the house as that tends to inform in the durability and ""shape"" of the house. After that I considered above grade living  area, as homebuyers as homebuyers tend to look at size next to see if they will fit, they can expand their family's there, and just in general if house sizing will suit their needs. After that I looked at garage size as to me it directly influences durability and convenience in being able to store your car or have other things like a worship going on in the garage. Finally, even though it is the midwest and very cold during winter months I looked at #fireplaces where these could save you in electricity when available.  Finally I looked at feature x and y, which I was told affects house pricing but in an unknown way, having either a positive or negative effect on house pricing.  I looked at these factors and then compared it to the data I was given here about pricing for various houses at different tiers. Then I examined the various features like year built, # of cars that fit in garage, area, fireplaces, etc and trie dot extrapolate how the houses may fall in the various price brackets I was shown here. For example, newer homes, more garages, larger area would indicate a higher price bracket and inversely for older homes with smaller areas no fireplace or smaller garage. Because features X and Y are unknown variables it was hard to decide how they may affect the brackets so I tended to kind of look at whether X and Y maybe corresponded with price values or home features along the various trials. Hope that makes sense. Then I tried to place each price into estimated price brackets and did my best to balance the fixed features that I did know how they affected the home price with the uncertain effect of factors X and Y. I tried to reference previous estimates as I went on in the trials and make logical adjustments for pricing to try to minimize error as much as I could.  Afterwards on the second set of trials, I assume the AI was more accurate than me in some respects although I was told the AI may or not be shown as much as I was shown in terms of data. So I took my educated assumption that the AI algorithm would be more accurate than me and adjusted a little bit in comparison with my own predictions tending to place prices closer to what the AI had suggested, compared to my estimate which came from a much broader spectrum I calculated for each home. . ",Yes,160,163,130,130,220,150,120,233,180,180,180,200,140,150,120,120,270,99,80,310,125,192,135,180,,,,,,,,,,,,,,,,,,,,,,,,
2025-05-10 11:50:39,2025-05-10 12:41:44,IP Address,100,3064,True,R_7FIMBS31YfQxnqv,anonymous,EN,60,67d72063e9c2d9c1c2f242b4,681f814b0cc46f4718b7a737,681f8389ff88bf292f91284b,https://github.com/Guoziyang27/guoziyang27.github.io/tree/master/assets/csv,12,12,24,"[""322"",""1308"",""2166"",""298"",""2825"",""2257"",""1590"",""1608"",""2226"",""429"",""2572"",""1416""]","[180,181,182,183,184,185,186,187,188,189,190,191]",653239.43385,3,"[7,17]",7,0,[],124404.93385,"[""600"",""350"",""453"",""350"",""600"",""295"",""300"",""160"",""550"",""680"",""195"",""200""]",pred2,both,3,0,2025-05-10 12:41:45,"I first considered  how much value the features Y and X  add to a home. I also considered specific features like  like fireplace ant the car capacity typically adds to a home selling price based on the trends in the housing market. To  make each guess, I mentally adjusted the base value of a standard home and I think I may have also unconsciously weighed recent housing trends.",Yes,600,350,453,350,600,295,300,160,550,680,195,200,,,,,,,,,,,,,,,,,,,,,,,,,450,280,320,285,300,155,201,100,250,451,165,145
2025-05-10 11:58:01,2025-05-10 12:42:10,IP Address,100,2648,True,R_1mPAALpb1ctkxUd,anonymous,EN,1261,67e9ac5d11ce96e09fbabc43,681f814b0cc46f4718b7a737,681f83c94206ff170863885a,https://github.com/Guoziyang27/guoziyang27.github.io/tree/master/assets/csv,12,12,24,"[""502"",""1090"",""809"",""2396"",""2554"",""1748"",""2717"",""1489"",""2513"",""2035"",""1518"",""2653""]","[48,49,50,51,52,53,54,55,56,57,58,59]",939131.865569,3,"[7,17]",7,0,[],125481.273569,"[""278"",""315"",""380"",""269"",""446"",""490"",""491"",""483"",""502"",""422"",""434"",""574""]",pred2,shap,0,4,2025-05-10 12:42:11,"I made a guess by considering the features from Grade living area to year built and when the AI predicted it gave me more assurance on my guesses and what to correct ",Yes,278,315,380,269,446,490,491,483,502,422,434,574,,,,,,,,,,,,,341,245,188,345,121,197,497,140,178,147,181,136,,,,,,,,,,,,
2025-05-10 11:49:27,2025-05-10 12:44:41,IP Address,100,3313,True,R_3LG45OUvpgP6nvh,anonymous,EN,2938,61078578714e91dbed738032,681f814b0cc46f4718b7a737,681f835fe49908dc91a18e7a,https://github.com/Guoziyang27/guoziyang27.github.io/tree/master/assets/csv,12,12,24,"[""1491"",""535"",""307"",""1353"",""2140"",""2199"",""881"",""1942"",""522"",""583"",""778"",""1160""]","[108,109,110,111,112,113,114,115,116,117,118,119]",74783.994933,3,"[7,17]",7,0,[],83925.264933,"[""197"",""201"",""170"",""160"",""185"",""190"",""209"",""209"",""182"",""201"",""213"",""181""]",pred2,both,1,4,2025-05-10 12:44:42,I came up with the guesses to help my understanding by zillow,Yes,197,201,170,160,185,190,209,209,182,201,213,181,,,,,,,,,,,,,,,,,,,,,,,,,183,178,113,125,195,130,201,132,129,113,139,160
2025-05-10 11:47:22,2025-05-10 12:57:12,IP Address,100,4190,True,R_1e4ozDZNCF0rEc1,anonymous,EN,4241,67e9e4a4cddd6331b90f280c,681f814b0cc46f4718b7a737,681f8303fbd8c4452ca99cd2,https://github.com/Guoziyang27/guoziyang27.github.io/tree/master/assets/csv,12,12,24,"[""322"",""1308"",""2166"",""298"",""2825"",""2257"",""1590"",""1608"",""2226"",""429"",""2572"",""1416""]","[180,181,182,183,184,185,186,187,188,189,190,191]",127568.90385,3,"[7,17]",7,0,[],28956.38385,"[""377"",""223"",""370"",""224"",""265"",""264"",""69"",""51"",""84"",""450"",""286"",""50""]",pred2,none,3,0,2025-05-10 12:57:13,I chose based in car capacity in garage and the year built.,Yes,377,223,318,224,265,117,69,36,84,450,286,50,331,113,233,190,271,193,182,138,154,348,134,116,,,,,,,,,,,,,,,,,,,,,,,,
2025-05-10 11:45:59,2025-05-10 13:02:44,IP Address,100,4604,True,R_6f0ZtvI8UdFQrjM,anonymous,EN,7801,67926bccd6da8d0031202f50,681f814b0cc46f4718b7a737,681f82aa94ede929b4bfc980,https://github.com/Guoziyang27/guoziyang27.github.io/tree/master/assets/csv,12,12,24,"[""138"",""773"",""281"",""4"",""2434"",""1791"",""2535"",""944"",""2556"",""48"",""2384"",""192""]","[144,145,146,147,148,149,150,151,152,153,154,155]",678914.1701,3,"[7,17]",7,0,[],9055.2901,"[""500"",""420"",""250"",""520"",""410"",""420"",""480"",""285"",""175"",""605"",""480"",""390""]",pred1,both,2,2,2025-05-10 13:02:45,"First I considered the year the house was build and the checked important features that every home owner would find important while looking for a house, i.e., car garage capacity and # of fireplaces. I also considered above grade living area when making my choices. ",Yes,500,420,250,520,410,420,480,285,175,605,480,390,,,,,,,,,,,,,,,,,,,,,,,,,200,151,101,225,216,247,186,105,109,352,282,157
2025-05-10 12:28:28,2025-05-10 13:08:14,IP Address,100,2386,True,R_7d9MrhuI69Tx7iB,anonymous,EN,5457,6749edf9c30fca401971e895,681f814b0cc46f4718b7a737,681f83695f69f1b90089d630,https://github.com/Guoziyang27/guoziyang27.github.io/tree/master/assets/csv,12,12,24,"[""95"",""2712"",""2847"",""1508"",""2111"",""1069"",""2915"",""2429"",""1646"",""453"",""196"",""2019""]","[24,25,26,27,28,29,30,31,32,33,34,35]",186350.20272099998,3,"[7,17]",7,0,[],63346.622721,"[""347"",""291"",""405"",""170"",""160"",""160"",""160"",""170"",""172"",""166"",""178"",""166""]",pred2,shap,0,2,2025-05-10 13:08:15,"I started by considering the size of the house (Above Grade Living Area), since bigger houses usually have higher prices. I also looked at how new the house was (Year Built) because newer houses typically cost more. If Feature X was higher, I leaned toward guessing a higher price.

I also factored in Fireplaces and Car Capacity in Garage since those things can make the house more appealing, but they weren’t as big of a deal as size or age.

Finally, I paid attention to Feature Y, adjusting my guess based on whether its value was high or low and how it seemed to affect the price.

As for the AI prediction, I used it as a guide but didn’t let it decide my guess. Sometimes the model didn’t seem to use all the features well, so I compared my guess to its prediction, but it wasn’t the main factor in my decision-making.",Yes,347,291,405,170,160,160,160,170,172,166,178,166,,,,,,,,,,,,,170,164,168,182,166,186,160,160,160,160,160,160,,,,,,,,,,,,
2025-05-10 12:28:24,2025-05-10 13:08:15,IP Address,100,2391,True,R_7IMnPi4McMdcrMl,anonymous,EN,9424,675a99dd60d20651780b5e26,681f814b0cc46f4718b7a737,681f836408513bdc39acabf1,https://github.com/Guoziyang27/guoziyang27.github.io/tree/master/assets/csv,12,12,24,"[""1909"",""1565"",""1536"",""1180"",""2543"",""1564"",""2316"",""319"",""2780"",""2565"",""73"",""1967""]","[132,133,134,135,136,137,138,139,140,141,142,143]",183413.01,3,"[7,17]",7,0,[],45597.41,"[""399"",""270"",""382"",""192"",""195"",""250"",""200"",""205"",""160"",""160"",""160"",""160""]",pred1,none,2,1,2025-05-10 13:08:16,"I started by considering the size of the house (Above Grade Living Area), since bigger houses usually have higher prices. I also looked at how new the house was (Year Built) because newer houses typically cost more. If Feature X was higher, I leaned toward guessing a higher price.

I also factored in Fireplaces and Car Capacity in Garage since those things can make the house more appealing, but they weren’t as big of a deal as size or age.

Finally, I paid attention to Feature Y, adjusting my guess based on whether its value was high or low and how it seemed to affect the price.

As for the AI prediction, I used it as a guide but didn’t let it decide my guess. Sometimes the model didn’t seem to use all the features well, so I compared my guess to its prediction, but it wasn’t the main factor in my decision-making.",Yes,399,270,382,192,195,250,200,205,160,160,160,160,163,185,187,175,207,192,185,236,175,163,160,160,,,,,,,,,,,,,,,,,,,,,,,,
2025-05-10 12:28:25,2025-05-10 13:08:18,IP Address,100,2392,True,R_1lrTicKUEZEjTMt,anonymous,EN,1754,67ee06c4eb3409e71337930b,681f814b0cc46f4718b7a737,681f835a9a50a40670cd2d96,https://github.com/Guoziyang27/guoziyang27.github.io/tree/master/assets/csv,12,12,24,"[""830"",""2623"",""1959"",""2069"",""121"",""682"",""2018"",""1786"",""2136"",""1027"",""303"",""564""]","[156,157,158,159,160,161,162,163,164,165,166,167]",83392.453584,3,"[7,17]",7,0,[],62431.165584,"[""335"",""203"",""258"",""206"",""212"",""206"",""216"",""202"",""205"",""181"",""201"",""204""]",pred1,none,2,3,2025-05-10 13:08:19,"I started by considering the size of the house (Above Grade Living Area), since bigger houses usually have higher prices. I also looked at how new the house was (Year Built) because newer houses typically cost more. If Feature X was higher, I leaned toward guessing a higher price.

I also factored in Fireplaces and Car Capacity in Garage since those things can make the house more appealing, but they weren’t as big of a deal as size or age.

Finally, I paid attention to Feature Y, adjusting my guess based on whether its value was high or low and how it seemed to affect the price.

As for the AI prediction, I used it as a guide but didn’t let it decide my guess. Sometimes the model didn’t seem to use all the features well, so I compared my guess to its prediction, but it wasn’t the main factor in my decision-making.",Yes,335,203,258,206,212,206,216,202,205,181,201,204,215,224,213,220,216,199,222,200,205,197,186,192,,,,,,,,,,,,,,,,,,,,,,,,
2025-05-10 11:48:48,2025-05-10 13:08:19,IP Address,100,4771,True,R_6MDk64RxTweP8wF,anonymous,EN,7078,6749e08c328a5ba71b36b7c4,681f814b0cc46f4718b7a737,681f8350e3827abf00351464,https://github.com/Guoziyang27/guoziyang27.github.io/tree/master/assets/csv,12,12,24,"[""1737"",""2854"",""1659"",""1148"",""2254"",""1755"",""680"",""2100"",""2734"",""2122"",""1726"",""1962""]","[228,229,230,231,232,233,234,235,236,237,238,239]",170117.242856,3,"[7,17]",7,0,[],183350.494856,"[""260"",""291"",""323"",""241"",""280"",""302"",""288"",""255"",""320"",""223"",""297"",""277""]",pred2,shap,3,4,2025-05-10 13:08:20,"I started by considering the size of the house (Above Grade Living Area), since bigger houses usually have higher prices. I also looked at how new the house was (Year Built) because newer houses typically cost more. If Feature X was higher, I leaned toward guessing a higher price.

I also factored in Fireplaces and Car Capacity in Garage since those things can make the house more appealing, but they weren’t as big of a deal as size or age.

Finally, I paid attention to Feature Y, adjusting my guess based on whether its value was high or low and how it seemed to affect the price.

As for the AI prediction, I used it as a guide but didn’t let it decide my guess. Sometimes the model didn’t seem to use all the features well, so I compared my guess to its prediction, but it wasn’t the main factor in my decision-making.",Yes,260,291,323,241,280,302,288,255,320,223,297,277,,,,,,,,,,,,,386,326,197,275,250,330,369,281,245,192,224,242,,,,,,,,,,,,
2025-05-10 11:48:52,2025-05-10 13:08:20,IP Address,100,4767,True,R_3rDBH1Oi7vPClCu,anonymous,EN,2602,66f691628c7a1436f889308b,681f814b0cc46f4718b7a737,681f834f8ff6caa0ea6d0999,https://github.com/Guoziyang27/guoziyang27.github.io/tree/master/assets/csv,12,12,24,"[""1909"",""1565"",""1536"",""1180"",""2543"",""1564"",""2316"",""319"",""2780"",""2565"",""73"",""1967""]","[132,133,134,135,136,137,138,139,140,141,142,143]",120281.01,3,"[7,17]",7,0,[],44890.81,"[""276"",""276"",""347"",""232"",""210"",""182"",""184"",""214"",""192"",""190"",""192"",""200""]",pred2,none,2,1,2025-05-10 13:08:21,"I started by considering the size of the house (Above Grade Living Area), since bigger houses usually have higher prices. I also looked at how new the house was (Year Built) because newer houses typically cost more. If Feature X was higher, I leaned toward guessing a higher price.

I also factored in Fireplaces and Car Capacity in Garage since those things can make the house more appealing, but they weren’t as big of a deal as size or age.

Finally, I paid attention to Feature Y, adjusting my guess based on whether its value was high or low and how it seemed to affect the price.

As for the AI prediction, I used it as a guide but didn’t let it decide my guess. Sometimes the model didn’t seem to use all the features well, so I compared my guess to its prediction, but it wasn’t the main factor in my decision-making.",Yes,276,276,347,232,210,182,184,214,192,190,192,200,200,252,192,260,224,226,226,210,188,176,182,184,,,,,,,,,,,,,,,,,,,,,,,,
2025-05-10 13:06:19,2025-05-10 13:14:36,IP Address,100,496,True,R_5r2HZv72Isakptw,anonymous,EN,9624,6446b4a6eb2ba64c1505307d,681f814b0cc46f4718b7a737,681f9595df81bf6fc7cec6a4,https://github.com/Guoziyang27/guoziyang27.github.io/tree/master/assets/csv,12,12,24,"[""322"",""1308"",""2166"",""298"",""2825"",""2257"",""1590"",""1608"",""2226"",""429"",""2572"",""1416""]","[180,181,182,183,184,185,186,187,188,189,190,191]",154647.89385,3,"[7,17]",7,0,[],60312.193849999996,"[""447"",""188"",""282"",""247"",""426"",""286"",""271"",""138"",""97"",""470"",""287"",""338""]",pred1,both,3,0,2025-05-10 13:14:37,I weighed most heavily toward the living area space and the age of the home while gauging how different x and y were from the other homes. I tried to use a middle point with the assistant and my original prediction.,Yes,447,188,282,247,426,286,271,138,97,470,287,338,,,,,,,,,,,,,,,,,,,,,,,,,373,151,257,222,314,214,255,133,123,416,200,257
2025-05-10 13:08:44,2025-05-10 13:35:25,IP Address,100,1600,True,R_564uln0gzsmq3l8,anonymous,EN,3070,67ec3fe9714885c1e3c487c3,681f814b0cc46f4718b7a737,681f9627900b197c00f4594a,https://github.com/Guoziyang27/guoziyang27.github.io/tree/master/assets/csv,12,12,24,"[""217"",""775"",""974"",""1306"",""397"",""2450"",""416"",""383"",""1444"",""655"",""1074"",""1767""]","[60,61,62,63,64,65,66,67,68,69,70,71]",482858.57,3,"[7,17]",7,0,[],67072.17,"[""280"",""220"",""300"",""351"",""430"",""424"",""434"",""457"",""495"",""209"",""308"",""325""]",pred2,shap,1,0,2025-05-10 13:35:26,"In the first round, I relied more on my own judgment and assumptions about which features were predictive. I often used simple heuristics, like assuming higher income or education correlated with the target value. However, this led to a high mean squared error. In the second round, I focused more on the AI's prediction, treating it as a baseline and adjusting my guess slightly based on features I felt confident about. I noticed that relying on the AI prediction significantly improved my performance. I used it as an anchor and only deviated when the features strongly contradicted it.",Yes,280,220,300,351,430,424,434,457,495,209,308,325,,,,,,,,,,,,,139,153,135,125,342,398,214,228,322,109,258,317,,,,,,,,,,,,
2025-05-10 12:48:38,2025-05-10 13:39:05,IP Address,100,3026,True,R_5guo0d3lqaUhd6N,anonymous,EN,6963,67dac9fec33b7784afd3d08b,681f814b0cc46f4718b7a737,681f9171d81f90196c104245,https://github.com/Guoziyang27/guoziyang27.github.io/tree/master/assets/csv,12,12,24,"[""1737"",""2854"",""1659"",""1148"",""2254"",""1755"",""680"",""2100"",""2734"",""2122"",""1726"",""1962""]","[228,229,230,231,232,233,234,235,236,237,238,239]",1696977.282856,3,"[7,17]",7,0,[],44129.562856000004,"[""640"",""535"",""755"",""731"",""455"",""670"",""460"",""628"",""536"",""303"",""485"",""156""]",pred2,both,3,4,2025-05-10 13:39:06,"when i saw each prediction by AI it came a better understanding the probable worth of a house, so all i did was compare my previous answer with that of AI maintaining the price listing criteria and i came up with my predictions  ",Yes,640,535,755,731,455,670,460,628,536,303,485,156,,,,,,,,,,,,,,,,,,,,,,,,,255,200,200,290,160,320,203,360,216,185,270,183
2025-05-10 18:08:14,2025-05-10 18:13:07,IP Address,100,293,True,R_7pSEfnjqF4xmQH3,anonymous,EN,4616,5fefefa4c9707d3516361c9c,681fd8d4232ba9fe33d7ea48,681fdc5941aebd20a5914ae0,https://github.com/Guoziyang27/guoziyang27.github.io/tree/master/assets/csv,12,12,24,"[""2426"",""234"",""2054"",""1679"",""2400"",""1179"",""228"",""2120"",""2697"",""1514"",""2596"",""1037""]","[96,97,98,99,100,101,102,103,104,105,106,107]",357843.3776,3,"[7,17]",7,0,[],78404.6176,"[""298"",""314"",""368"",""345"",""457"",""506"",""328"",""274"",""274"",""196"",""294"",""232""]",pred1,shap,1,3,2025-05-10 18:13:08,"I tried to imagine what the average price would be for each home. ",Yes,298,314,368,345,457,506,328,274,274,196,294,232,,,,,,,,,,,,,195,172,365,138,375,292,200,190,174,99,85,130,,,,,,,,,,,,
2025-05-10 18:07:42,2025-05-10 18:13:34,IP Address,100,351,True,R_320mACugZEz2ITL,anonymous,EN,7797,5f16f559325a640008bb9a07,681fd8d4232ba9fe33d7ea48,681fdc364a1559363df4f120,https://github.com/Guoziyang27/guoziyang27.github.io/tree/master/assets/csv,12,12,24,"[""1777"",""2011"",""703"",""813"",""1409"",""959"",""2582"",""1232"",""2183"",""1039"",""2344"",""1993""]","[84,85,86,87,88,89,90,91,92,93,94,95]",37304.22793,4.72,"[7,17]",7,0,[],8756.72793,"[""210"",""175"",""213"",""212"",""191"",""257"",""240"",""190"",""192"",""187"",""187"",""185""]",pred2,both,1,2,2025-05-10 18:13:34,"I tried to focus on the year and the AI prediction ",Yes,210,175,213,212,191,257,240,190,192,187,187,185,,,,,,,,,,,,,,,,,,,,,,,,,276,156,167,180,170,220,177,174,179,186,272,112
2025-05-10 18:07:39,2025-05-10 18:13:34,IP Address,100,354,True,R_5W7x1gSZEsmMUfL,anonymous,EN,685,634696400ff1ac25ed01ad11,681fd8d4232ba9fe33d7ea48,681fdc350297747c31ed45cb,https://github.com/Guoziyang27/guoziyang27.github.io/tree/master/assets/csv,12,12,24,"[""1491"",""535"",""307"",""1353"",""2140"",""2199"",""881"",""1942"",""522"",""583"",""778"",""1160""]","[108,109,110,111,112,113,114,115,116,117,118,119]",125508.912933,3,"[7,17]",7,0,[],63038.55493300001,"[""253"",""289"",""205"",""300"",""218"",""235"",""294"",""207"",""319"",""266"",""254"",""252""]",pred2,shap,1,4,2025-05-10 18:13:35,"i TOOK INTO CONSIDERATION YEAR BUILT , FEATURES, AND USED A MID GROUND FOR THE AI SUGGESTIONS.",Yes,253,289,205,300,218,235,294,207,319,266,254,252,,,,,,,,,,,,,145,217,218,274,181,197,194,203,284,220,189,212,,,,,,,,,,,,
2025-05-10 18:08:56,2025-05-10 18:15:19,IP Address,100,383,True,R_3643bPi0AfQlymb,anonymous,EN,7705,5bb58e338f3bd70001e5df57,681fd8d4232ba9fe33d7ea48,681fdc80f76435af172ac5e9,https://github.com/Guoziyang27/guoziyang27.github.io/tree/master/assets/csv,12,12,24,"[""138"",""773"",""281"",""4"",""2434"",""1791"",""2535"",""944"",""2556"",""48"",""2384"",""192""]","[144,145,146,147,148,149,150,151,152,153,154,155]",216474.5101,3,"[7,17]",7,0,[],14850.2901,"[""181"",""237"",""278"",""185"",""277"",""208"",""255"",""346"",""322"",""224"",""280"",""177""]",pred1,shap,2,2,2025-05-10 18:15:20,i just compared my best guesses with what made sense. sometimes i was close to what the AI predicted and others I wasn't. I took sort of an average of what i thought made sense to come up with the values.,Yes,181,237,278,185,277,208,255,346,322,224,280,177,,,,,,,,,,,,,184,165,92,215,216,245,192,94,89,280,221,147,,,,,,,,,,,,
2025-05-10 18:07:57,2025-05-10 18:15:19,IP Address,100,441,True,R_6OreCFd056rQARJ,anonymous,EN,5885,6643b0fe98e091c70e7988e4,681fd8d4232ba9fe33d7ea48,681fdc4890c170639836f0ee,https://github.com/Guoziyang27/guoziyang27.github.io/tree/master/assets/csv,12,12,24,"[""502"",""1090"",""809"",""2396"",""2554"",""1748"",""2717"",""1489"",""2513"",""2035"",""1518"",""2653""]","[48,49,50,51,52,53,54,55,56,57,58,59]",137567.111569,3,"[7,17]",7,0,[],21505.837569000003,"[""305"",""216"",""301"",""304"",""148"",""301"",""225"",""286"",""257"",""209"",""382"",""267""]",pred2,none,0,4,2025-05-10 18:15:20,Square footage. 2k+ = more expensive. <1500 around 200k,Yes,305,216,301,304,148,301,225,286,257,209,382,267,322,221,202,309,141,216,165,145,177,169,267,175,,,,,,,,,,,,,,,,,,,,,,,,
2025-05-10 18:07:50,2025-05-10 18:15:26,IP Address,100,455,True,R_3mXr3P7CLfbmI01,anonymous,EN,2374,57dd186e6598aa0001992616,681fd8d4232ba9fe33d7ea48,681fdc2e08513bdc39acb4e5,https://github.com/Guoziyang27/guoziyang27.github.io/tree/master/assets/csv,12,12,24,"[""1909"",""1565"",""1536"",""1180"",""2543"",""1564"",""2316"",""319"",""2780"",""2565"",""73"",""1967""]","[132,133,134,135,136,137,138,139,140,141,142,143]",236147.21,3,"[7,17]",7,0,[],96536.61,"[""108"",""476"",""142"",""211"",""106"",""417"",""295"",""525"",""433"",""116"",""440"",""140""]",pred1,none,2,1,2025-05-10 18:15:28,"I figured the year was the most important because people value newer construction more as it will generally be in better shape, last longer, and be more energy efficient.  Above grade living area is next since bigger spaces mean higher prices and the same for car capacity.  I didn't bother with Feature X, Y, or Fireplaces.  As for the AI, I used it to moderate my higher predictions and I brought them down a bit in price.",Yes,108,476,142,211,106,417,295,525,433,116,440,140,113,377,146,224,113,393,242,380,363,116,406,153,,,,,,,,,,,,,,,,,,,,,,,,
2025-05-10 18:09:04,2025-05-10 18:15:42,IP Address,100,397,True,R_5y1JvylDvb8mQT7,anonymous,EN,6631,63d3fac5cefbcf3878ef6be4,681fd8d4232ba9fe33d7ea48,681fdc823684a1603841a264,https://github.com/Guoziyang27/guoziyang27.github.io/tree/master/assets/csv,12,12,24,"[""172"",""1352"",""46"",""675"",""544"",""980"",""1655"",""2813"",""2445"",""2094"",""1954"",""2350""]","[192,193,194,195,196,197,198,199,200,201,202,203]",34892.072499999995,4.79,"[7,17]",7,0,[],8594.072499999998,"[""130"",""121"",""185"",""152"",""235"",""174"",""166"",""212"",""204"",""181"",""124"",""152""]",pred2,none,3,1,2025-05-10 18:15:43,"I used the year built, if it was more recent, square footage, garage size and living area as primary indicators of value. I rarely factored in X or Y because these were unknown and I had no idea how to correlate them to overalll cost. I figured the AI had better algorithms to put to use to determine a price, and tried to realign to match with it. ",Yes,130,121,185,152,235,174,166,212,204,181,124,152,91,160,230,151,244,108,166,182,280,280,118,185,,,,,,,,,,,,,,,,,,,,,,,,
2025-05-10 18:07:58,2025-05-10 18:15:44,IP Address,100,465,True,R_5ymA04X4Hm6vX2G,anonymous,EN,2643,655f9bb3070d42d4bc67e866,681fd8d4232ba9fe33d7ea48,681fdc3b96b03757fad646f1,https://github.com/Guoziyang27/guoziyang27.github.io/tree/master/assets/csv,12,12,24,"[""1197"",""562"",""99"",""590"",""1040"",""2515"",""2291"",""2369"",""1936"",""1453"",""200"",""29""]","[0,1,2,3,4,5,6,7,8,9,10,11]",1748722.9867890002,3,"[7,17]",7,0,[],89180.338789,"[""249"",""508"",""352"",""490"",""591"",""298"",""420"",""526"",""678"",""577"",""733"",""305""]",pred2,none,0,0,2025-05-10 18:15:45,"I use the years of houses built and add them up. ",Yes,249,508,352,490,591,298,420,526,678,577,733,305,181,236,198,296,137,221,130,149,214,115,315,250,,,,,,,,,,,,,,,,,,,,,,,,
2025-05-10 18:09:57,2025-05-10 18:16:15,IP Address,100,378,True,R_5Bdix6qa7hqdSbT,anonymous,EN,6570,6134d9cf96a9c6192e24866d,681fd8d4232ba9fe33d7ea48,681fdcbe336231e3db3e2b10,https://github.com/Guoziyang27/guoziyang27.github.io/tree/master/assets/csv,12,12,24,"[""138"",""773"",""281"",""4"",""2434"",""1791"",""2535"",""944"",""2556"",""48"",""2384"",""192""]","[144,145,146,147,148,149,150,151,152,153,154,155]",379296.3501,3,"[7,17]",7,0,[],24266.4501,"[""552"",""136"",""111"",""371"",""519"",""283"",""127"",""100"",""92"",""630"",""463"",""189""]",pred1,none,2,2,2025-05-10 18:16:16,"I tried to use the square footage to estimate the value of the houses.  ",Yes,552,136,111,371,519,283,127,100,92,630,463,189,245,135,95,222,324,253,176,86,90,345,261,154,,,,,,,,,,,,,,,,,,,,,,,,
2025-05-10 18:07:57,2025-05-10 18:16:16,IP Address,100,498,True,R_717On2RPbSPortL,anonymous,EN,7875,6685cec5c360283099e5bb29,681fd8d4232ba9fe33d7ea48,681fdc4662a0f10b24c73e05,https://github.com/Guoziyang27/guoziyang27.github.io/tree/master/assets/csv,12,12,24,"[""1777"",""2011"",""703"",""813"",""1409"",""959"",""2582"",""1232"",""2183"",""1039"",""2344"",""1993""]","[84,85,86,87,88,89,90,91,92,93,94,95]",38589.58193,4.7,"[7,17]",7,0,[],8227.693929999998,"[""258"",""180"",""199"",""207"",""149"",""291"",""176"",""184"",""266"",""205"",""284"",""142""]",pred2,none,1,2,2025-05-10 18:16:17,The living area and the year built were my primary determinants.  The AI assistant was relatively helpful too since it wasn't that far from my estimates.  I just used it to tweak my estimates a bit.,Yes,258,180,199,207,149,291,176,184,266,205,284,142,275,154,160,186,152,239,163,178,167,169,270,130,,,,,,,,,,,,,,,,,,,,,,,,
2025-05-10 18:08:02,2025-05-10 18:16:19,IP Address,100,496,True,R_1y8XQgvdEJr5gkh,anonymous,EN,656,65031f68de6e940396216f8a,681fd8d4232ba9fe33d7ea48,681fdc3cbfa9d8f8fd8b3d8c,https://github.com/Guoziyang27/guoziyang27.github.io/tree/master/assets/csv,12,12,24,"[""903"",""1343"",""2846"",""1195"",""2797"",""109"",""1216"",""1501"",""1720"",""1418"",""867"",""1005""]","[36,37,38,39,40,41,42,43,44,45,46,47]",21821,5,"[7,17]",7,0,[],14265,"[""105"",""111"",""98"",""160"",""287"",""133"",""124"",""123"",""303"",""117"",""284"",""251""]",pred1,none,0,3,2025-05-10 18:16:20,"Since I had no idea what X or Y were, I went mainly by the year the house was built and what I remember housing prices being during the study time. Of course, they are significantly higher now.",Yes,105,111,98,160,287,133,124,123,303,117,284,251,127,90,102,157,287,150,127,108,273,112,349,224,,,,,,,,,,,,,,,,,,,,,,,,
2025-05-10 18:08:14,2025-05-10 18:16:49,IP Address,100,515,True,R_6r6YjGwtByUA2Tz,anonymous,EN,7590,5e3a8aeedc1d57292aea3f22,681fd8d4232ba9fe33d7ea48,681fdc538f9c79371d8bab84,https://github.com/Guoziyang27/guoziyang27.github.io/tree/master/assets/csv,12,12,24,"[""926"",""621"",""2413"",""5"",""1585"",""856"",""2229"",""2906"",""1760"",""1150"",""1142"",""108""]","[168,169,170,171,172,173,174,175,176,177,178,179]",56492.110225000004,4.36,"[7,17]",7,0,[],2499.6802249999996,"[""400"",""83"",""190"",""265"",""152"",""126"",""202"",""150"",""258"",""142"",""188"",""175""]",pred1,shap,2,4,2025-05-10 18:16:50,"I did my best to guess based on what the charts were showing. When AI was giving predictions, I went with answers in between mine and the AI, because I believe the AI is probably more knowledgeable with this than I am overall.",Yes,400,83,190,265,152,126,202,150,258,142,188,175,,,,,,,,,,,,,190,142,189,188,157,146,204,171,187,143,191,217,,,,,,,,,,,,
2025-05-10 18:07:59,2025-05-10 18:16:51,IP Address,100,531,True,R_6xL3ZQGVlNCtPMd,anonymous,EN,4227,628f572a2d1304a34b9e1a37,681fd8d4232ba9fe33d7ea48,681fdc3fec81ec6b2c82f5ec,https://github.com/Guoziyang27/guoziyang27.github.io/tree/master/assets/csv,12,12,24,"[""1777"",""2011"",""703"",""813"",""1409"",""959"",""2582"",""1232"",""2183"",""1039"",""2344"",""1993""]","[84,85,86,87,88,89,90,91,92,93,94,95]",197632.18993,3,"[7,17]",7,0,[],175281.76393000002,"[""350"",""228"",""296"",""335"",""266"",""356"",""221"",""315"",""291"",""304"",""343"",""236""]",pred2,both,1,2,2025-05-10 18:16:52,"I felt the homes that were newer would have higher prices. I also felt that greater square footage would increase the price. I used AI calculations in revising predictions, since it had more information.",Yes,350,228,296,335,266,356,221,315,291,304,343,236,,,,,,,,,,,,,,,,,,,,,,,,,303,215,294,335,258,352,209,306,281,300,338,230
2025-05-10 18:07:45,2025-05-10 18:16:52,IP Address,100,546,True,R_1nHpg0k2h7SJqxH,anonymous,EN,8586,66abc1c82e0fab4f407454a8,681fd8d4232ba9fe33d7ea48,681fdc2cfb3961eafef1ad73,https://github.com/Guoziyang27/guoziyang27.github.io/tree/master/assets/csv,12,12,24,"[""830"",""2623"",""1959"",""2069"",""121"",""682"",""2018"",""1786"",""2136"",""1027"",""303"",""564""]","[156,157,158,159,160,161,162,163,164,165,166,167]",114078.28558400001,3,"[7,17]",7,0,[],14447.645584,"[""110"",""22"",""27"",""40"",""99"",""25"",""13"",""130"",""140"",""50"",""13"",""160""]",pred2,both,2,3,2025-05-10 18:16:53,"I thought the older the house was built, the lower the price would be. Back in 1950 you could get a house for cheaper than you can now. ",Yes,110,22,27,40,99,25,13,130,140,50,13,160,,,,,,,,,,,,,,,,,,,,,,,,,142,140,195,159,97,125,130,220,185,129,124,280
2025-05-10 18:08:58,2025-05-10 18:16:56,IP Address,100,477,True,R_1p9IuOwSKqgx3SV,anonymous,EN,2391,662d7fba32d6a738b194d893,681fd8d4232ba9fe33d7ea48,681fdc771d6d0f0c4c978bc1,https://github.com/Guoziyang27/guoziyang27.github.io/tree/master/assets/csv,12,12,24,"[""138"",""773"",""281"",""4"",""2434"",""1791"",""2535"",""944"",""2556"",""48"",""2384"",""192""]","[144,145,146,147,148,149,150,151,152,153,154,155]",174840.7301,3,"[7,17]",7,0,[],52223.9701,"[""40"",""22"",""17"",""71"",""188"",""175"",""35"",""13"",""13"",""134"",""163"",""18""]",pred1,shap,2,2,2025-05-10 18:16:56,I came up with my guesses mainly based on the year the home was built. The older it was the lower value I would give it. I then took into account the above grade living area and tried to keep my final predictions between my initial ones and the AI ones.,Yes,40,22,17,71,188,175,35,13,13,134,163,18,,,,,,,,,,,,,154,76,26,155,200,211,128,55,65,195,200,100,,,,,,,,,,,,
2025-05-10 18:08:03,2025-05-10 18:16:56,IP Address,100,533,True,R_64CWDblf59R0MqL,anonymous,EN,6781,6726c70622b97e6722fa53d8,681fd8d4232ba9fe33d7ea48,681fdc420a6b69ff76f46bfe,https://github.com/Guoziyang27/guoziyang27.github.io/tree/master/assets/csv,12,12,24,"[""1938"",""229"",""988"",""679"",""841"",""2641"",""1309"",""2639"",""2685"",""2604"",""969"",""593""]","[120,121,122,123,124,125,126,127,128,129,130,131]",168779.06,3,"[7,17]",7,0,[],46387.66,"[""259"",""457"",""338"",""213"",""336"",""186"",""208"",""247"",""250"",""173"",""425"",""349""]",pred1,shap,2,0,2025-05-10 18:16:57,"First I Iooked at the year the house was built, then garage capacity and above grade living area. ",Yes,259,457,338,213,336,186,208,247,250,173,425,349,,,,,,,,,,,,,204,179,194,126,175,182,166,116,128,116,309,236,,,,,,,,,,,,
2025-05-10 18:11:04,2025-05-10 18:17:01,IP Address,100,356,True,R_3B4k258IlhkAPt9,anonymous,EN,7118,660462af12d1deceebf52ed3,681fd8d4232ba9fe33d7ea48,681fdcf6070a671f5fe5d2e8,https://github.com/Guoziyang27/guoziyang27.github.io/tree/master/assets/csv,12,12,24,"[""1938"",""229"",""988"",""679"",""841"",""2641"",""1309"",""2639"",""2685"",""2604"",""969"",""593""]","[120,121,122,123,124,125,126,127,128,129,130,131]",110137.86,3,"[7,17]",7,0,[],32933.46,"[""75"",""90"",""126"",""71"",""200"",""50"",""47"",""49"",""49"",""57"",""362"",""266""]",pred2,shap,2,0,2025-05-10 18:17:01,"I more chose cost of home based on year built and area. Then with AI, met in the middle.",Yes,75,90,126,71,200,50,47,49,49,57,362,266,,,,,,,,,,,,,99,217,200,108,178,87,95,97,100,100,352,265,,,,,,,,,,,,
2025-05-10 18:08:19,2025-05-10 18:17:17,IP Address,100,538,True,R_6zYcyKHw9OWd20R,anonymous,EN,7411,67b664e600a3dbd58913a9b0,681fd8d4232ba9fe33d7ea48,681fdc4b3b85efca5668c449,https://github.com/Guoziyang27/guoziyang27.github.io/tree/master/assets/csv,12,12,24,"[""172"",""1352"",""46"",""675"",""544"",""980"",""1655"",""2813"",""2445"",""2094"",""1954"",""2350""]","[192,193,194,195,196,197,198,199,200,201,202,203]",115974.1725,3,"[7,17]",7,0,[],11963.5725,"[""196"",""270"",""387"",""185"",""373"",""189"",""213"",""339"",""393"",""271"",""186"",""277""]",pred1,none,3,1,2025-05-10 18:17:18,i try to consider the year and the features X and y,Yes,196,270,387,185,373,189,213,339,393,271,186,277,93,195,272,133,253,121,181,255,303,263,161,176,,,,,,,,,,,,,,,,,,,,,,,,
2025-05-10 18:07:34,2025-05-10 18:17:21,IP Address,100,587,True,R_1PHoQlHsgugHhpH,anonymous,EN,1507,67ba35b0a2aff76b7c7beae0,681fd8d4232ba9fe33d7ea48,681fdc2f51c3c30507704448,https://github.com/Guoziyang27/guoziyang27.github.io/tree/master/assets/csv,12,12,24,"[""138"",""773"",""281"",""4"",""2434"",""1791"",""2535"",""944"",""2556"",""48"",""2384"",""192""]","[144,145,146,147,148,149,150,151,152,153,154,155]",47364.7301,4.46,"[7,17]",7,0,[],7917.490099999999,"[""322"",""144"",""122"",""373"",""288"",""324"",""147"",""101"",""97"",""335"",""334"",""167""]",pred1,none,2,2,2025-05-10 18:17:23,"I averaged out my guess with the girss of the ai predictions ",Yes,322,144,122,373,288,324,147,101,97,335,334,167,194,140,103,230,226,252,163,98,92,300,246,153,,,,,,,,,,,,,,,,,,,,,,,,
2025-05-10 18:08:06,2025-05-10 18:17:22,IP Address,100,556,True,R_5fYUaGZSvy1mWsf,anonymous,EN,9256,676ed8014625d5ebd417b5f2,681fd8d4232ba9fe33d7ea48,681fdc49fb732429ef0b7e61,https://github.com/Guoziyang27/guoziyang27.github.io/tree/master/assets/csv,12,12,24,"[""1217"",""2890"",""232"",""2583"",""2275"",""708"",""1395"",""1853"",""2594"",""1431"",""2305"",""2605""]","[216,217,218,219,220,221,222,223,224,225,226,227]",226251.372369,3,"[7,17]",7,0,[],6027.714369,"[""285"",""350"",""250"",""130"",""400"",""215"",""120"",""525"",""246"",""389"",""274"",""150""]",pred2,none,3,3,2025-05-10 18:17:23,I tried to go by year built and square footage plus the number of garages and went by Al predictions and made my own guesses,Yes,285,350,250,130,400,215,120,525,246,389,274,150,150,203,123,121,283,100,89,320,120,191,144,179,,,,,,,,,,,,,,,,,,,,,,,,
2025-05-10 18:10:05,2025-05-10 18:17:28,IP Address,100,443,True,R_5eylAK5Nu0mzrTS,anonymous,EN,6285,5ecaf0fa5c1f7f6599d959ff,681fd8d4232ba9fe33d7ea48,681fdcc6144d3cad38d8b2fe,https://github.com/Guoziyang27/guoziyang27.github.io/tree/master/assets/csv,12,12,24,"[""1909"",""1565"",""1536"",""1180"",""2543"",""1564"",""2316"",""319"",""2780"",""2565"",""73"",""1967""]","[132,133,134,135,136,137,138,139,140,141,142,143]",16777.809999999998,5.24,"[7,17]",7,0,[],10568.61,"[""180"",""213"",""142"",""190"",""109"",""277"",""184"",""258"",""213"",""135"",""272"",""205""]",pred1,both,2,1,2025-05-10 18:17:29,"I thought the square footage would be a big factor. A newer home probably is more expensive than an older home as well and a garage adds value. Fireplaces can go either way in my opinion and features Y/X were an unknown.  AI, I would figure anyway, would be able to determine how features Y/X would affect the price and I ended up adjusting my prices down (or up) accordingly when needed.",Yes,180,213,142,190,109,277,184,258,213,135,272,205,,,,,,,,,,,,,,,,,,,,,,,,,131,325,142,242,123,259,184,269,215,126,186,178
2025-05-10 18:07:57,2025-05-10 18:17:30,IP Address,100,573,True,R_5axh33QT337Am5H,anonymous,EN,2699,572d05c688902e00091e4a2c,681fd8d4232ba9fe33d7ea48,681fdc3f728846da7fe27a51,https://github.com/Guoziyang27/guoziyang27.github.io/tree/master/assets/csv,12,12,24,"[""830"",""2623"",""1959"",""2069"",""121"",""682"",""2018"",""1786"",""2136"",""1027"",""303"",""564""]","[156,157,158,159,160,161,162,163,164,165,166,167]",199407.613584,3,"[7,17]",7,0,[],29958.917584000003,"[""215"",""193"",""227"",""236"",""288"",""326"",""172"",""392"",""311"",""425"",""123"",""256""]",pred2,both,2,3,2025-05-10 18:17:31,It seems all kind of made up. I would need a city and location to make an actual guess. This all means nothing. We could have a total shit hole in silicon valley or a place in rural Kansas. Wildly different prices for the same house,Yes,215,193,227,236,288,326,172,392,311,425,123,256,,,,,,,,,,,,,,,,,,,,,,,,,203,130,201,202,183,212,158,258,237,245,102,275
2025-05-10 18:08:41,2025-05-10 18:17:33,IP Address,100,531,True,R_3xEqUqi6CUaJDgN,anonymous,EN,4990,5d3221b8eb6cfa0001950113,681fd8d4232ba9fe33d7ea48,681fdc31ae9a18735d2e8b5f,https://github.com/Guoziyang27/guoziyang27.github.io/tree/master/assets/csv,12,12,24,"[""830"",""2623"",""1959"",""2069"",""121"",""682"",""2018"",""1786"",""2136"",""1027"",""303"",""564""]","[156,157,158,159,160,161,162,163,164,165,166,167]",118557.357584,3,"[7,17]",7,0,[],29506.829584,"[""364"",""200"",""349"",""178"",""168"",""195"",""196"",""418"",""175"",""192"",""73"",""297""]",pred1,both,2,3,2025-05-10 18:17:34,I just went with my gut and looked at the features to see if they were desirable. When I had the AI predictions I just went with a mix of mine and the AI prediction so my price guesses were somewhat in the middle,Yes,364,200,349,178,168,195,196,418,175,192,73,297,,,,,,,,,,,,,,,,,,,,,,,,,308,156,248,179,153,170,160,256,160,162,58,290
2025-05-10 18:14:05,2025-05-10 18:17:47,IP Address,100,222,True,R_3shLCgy3l9eqdQi,anonymous,EN,3520,66439d1d88d5845e4a6b85bf,681fd8d4232ba9fe33d7ea48,681fddb837fbeff2a1d3bf78,https://github.com/Guoziyang27/guoziyang27.github.io/tree/master/assets/csv,12,12,24,"[""926"",""621"",""2413"",""5"",""1585"",""856"",""2229"",""2906"",""1760"",""1150"",""1142"",""108""]","[168,169,170,171,172,173,174,175,176,177,178,179]",31551.660225,4.87,"[7,17]",7,0,[],9163.400224999998,"[""164"",""183"",""275"",""215"",""209"",""124"",""124"",""173"",""133"",""175"",""216"",""139""]",pred2,none,2,4,2025-05-10 18:17:48,I used my own personal knowledge on looking for homes.,Yes,164,183,275,215,209,124,124,173,133,175,216,139,182,147,213,213,196,126,188,166,155,157,216,149,,,,,,,,,,,,,,,,,,,,,,,,
2025-05-10 18:08:12,2025-05-10 18:17:49,IP Address,100,576,True,R_77QBg5VUi901lHt,anonymous,EN,2098,671a80f4ca33770b00602f07,681fd8d4232ba9fe33d7ea48,681fdc55f18f0c435f2a2c74,https://github.com/Guoziyang27/guoziyang27.github.io/tree/master/assets/csv,12,12,24,"[""1491"",""535"",""307"",""1353"",""2140"",""2199"",""881"",""1942"",""522"",""583"",""778"",""1160""]","[108,109,110,111,112,113,114,115,116,117,118,119]",192208.36893300002,3,"[7,17]",7,0,[],25835.060933,"[""173"",""302"",""157"",""227"",""293"",""265"",""381"",""182"",""381"",""283"",""203"",""441""]",pred2,both,1,4,2025-05-10 18:17:50,"i just look at the year the house was built and the features ",Yes,173,302,157,227,293,265,381,182,381,283,203,441,,,,,,,,,,,,,,,,,,,,,,,,,160,250,135,175,161,147,218,128,381,264,195,233
2025-05-10 18:10:46,2025-05-10 18:18:01,IP Address,100,434,True,R_5y8JJalmoH5X5mh,anonymous,EN,4178,5edcfe625cd39c9efd5cc2ae,681fd8d4232ba9fe33d7ea48,681fdc2eeda95a46ab6630fa,https://github.com/Guoziyang27/guoziyang27.github.io/tree/master/assets/csv,12,12,24,"[""1777"",""2011"",""703"",""813"",""1409"",""959"",""2582"",""1232"",""2183"",""1039"",""2344"",""1993""]","[84,85,86,87,88,89,90,91,92,93,94,95]",46085.97793,4.57,"[7,17]",7,0,[],5421.473929999999,"[""221"",""278"",""148"",""250"",""198"",""196"",""89"",""175"",""118"",""121"",""258"",""162""]",pred2,none,1,2,2025-05-10 18:18:02,"In the second round I went closer to the AI predictions. I tried to judge the house overall, based on which features were low and high, mostly basing on square footage",Yes,221,278,148,250,198,196,89,175,118,121,258,162,271,157,149,184,166,230,149,175,160,160,263,109,,,,,,,,,,,,,,,,,,,,,,,,
2025-05-10 18:10:51,2025-05-10 18:18:16,IP Address,100,445,True,R_67dShc76BcKpAlj,anonymous,EN,8086,5d8a29c082fec30001d9c24a,681fd8d4232ba9fe33d7ea48,681fdce41b6e65527fde9cdf,https://github.com/Guoziyang27/guoziyang27.github.io/tree/master/assets/csv,12,12,24,"[""138"",""773"",""281"",""4"",""2434"",""1791"",""2535"",""944"",""2556"",""48"",""2384"",""192""]","[144,145,146,147,148,149,150,151,152,153,154,155]",49117.5501,4.3,"[7,17]",7,0,[],12181.2101,"[""70"",""72"",""99"",""135"",""279"",""279"",""82"",""57"",""53"",""257"",""281"",""91""]",pred1,shap,2,2,2025-05-10 18:18:17,I went with AI because I know nothing about houses. Other than that I made guesses based on year.,Yes,70,72,99,135,279,279,82,57,53,257,281,91,,,,,,,,,,,,,185,135,94,221,212,246,185,86,90,291,217,144,,,,,,,,,,,,
2025-05-10 18:09:09,2025-05-10 18:18:16,IP Address,100,547,True,R_3sVvqHNrkThKLLP,anonymous,EN,2371,66db9db4324609f1a7231f49,681fd8d4232ba9fe33d7ea48,681fdc7e575bce466f0165af,https://github.com/Guoziyang27/guoziyang27.github.io/tree/master/assets/csv,12,12,24,"[""2799"",""2197"",""1903"",""935"",""367"",""1830"",""1218"",""1996"",""1857"",""1420"",""1178"",""111""]","[12,13,14,15,16,17,18,19,20,21,22,23]",238262.48256899999,3,"[7,17]",7,0,[],35289.506569,"[""265"",""63"",""111"",""219"",""133"",""267"",""103"",""287"",""143"",""230"",""217"",""138""]",pred1,both,0,1,2025-05-10 18:18:17,"I started with square footage, and then went with the other features like firep;;aces. I did guess on many",Yes,265,63,111,219,133,267,103,287,143,230,217,138,,,,,,,,,,,,,,,,,,,,,,,,,243,179,66,166,357,134,122,114,166,193,354,154
2025-05-10 18:08:27,2025-05-10 18:18:17,IP Address,100,589,True,R_6j87VlPLS0JvsYO,anonymous,EN,5980,6681ae9e7fbceb728648c7cb,681fd8d4232ba9fe33d7ea48,681fdc6635383edba1be28c1,https://github.com/Guoziyang27/guoziyang27.github.io/tree/master/assets/csv,12,12,24,"[""830"",""2623"",""1959"",""2069"",""121"",""682"",""2018"",""1786"",""2136"",""1027"",""303"",""564""]","[156,157,158,159,160,161,162,163,164,165,166,167]",122873.565584,3,"[7,17]",7,0,[],41636.365584,"[""230"",""200"",""190"",""250"",""240"",""250"",""280"",""350"",""220"",""250"",""160"",""450""]",pred1,both,2,3,2025-05-10 18:18:18,"Having recently purchased a house and having done so eight years ago, I have some knowledge of the market in my area.  I did take the AI suggestion into consideration, since I saw it was probably working with a lot more information than I had.  So I split the difference but favored more for the higher price based on other factors, a main one being it is extremely rare to find anything for under $200,000 around here, at least.",Yes,230,200,190,250,240,250,280,350,220,250,160,450,,,,,,,,,,,,,,,,,,,,,,,,,210,160,160,210,200,200,250,300,200,190,150,350
2025-05-10 18:09:50,2025-05-10 18:18:17,IP Address,100,507,True,R_1kGDfn9bxUMtd6v,anonymous,EN,2452,614e0468bbbac16be38fa13f,681fd8d4232ba9fe33d7ea48,681fdcb0e33a2202fd7e9bef,https://github.com/Guoziyang27/guoziyang27.github.io/tree/master/assets/csv,12,12,24,"[""2799"",""2197"",""1903"",""935"",""367"",""1830"",""1218"",""1996"",""1857"",""1420"",""1178"",""111""]","[12,13,14,15,16,17,18,19,20,21,22,23]",105899.37056899999,3,"[7,17]",7,0,[],89667.404569,"[""375"",""121"",""83"",""258"",""421"",""281"",""237"",""241"",""245"",""332"",""391"",""247""]",pred1,shap,0,1,2025-05-10 18:18:18,"I strongly considered year built and living area.  then the garage capacity was important also.  I didnt quite understand feature X and Y so I was not sure exactly how to mix that into my guesses. ",Yes,375,121,83,258,421,281,237,241,245,332,391,247,,,,,,,,,,,,,315,88,85,123,280,188,256,82,215,199,279,201,,,,,,,,,,,,
2025-05-10 18:08:28,2025-05-10 18:18:38,IP Address,100,609,True,R_6CJymyOd6VyLstk,anonymous,EN,1836,6296290ec41bde1525dbb77e,681fd8d4232ba9fe33d7ea48,681fdc3577736b46cf1c3095,https://github.com/Guoziyang27/guoziyang27.github.io/tree/master/assets/csv,12,12,24,"[""138"",""773"",""281"",""4"",""2434"",""1791"",""2535"",""944"",""2556"",""48"",""2384"",""192""]","[144,145,146,147,148,149,150,151,152,153,154,155]",42600.1701,4.35,"[7,17]",7,0,[],16884.0701,"[""192"",""120"",""150"",""250"",""160"",""210"",""135"",""180"",""152"",""270"",""215"",""185""]",pred1,shap,2,2,2025-05-10 18:18:39,I used the Ai as a starting point and kind of adjusted it based off  what i thought it would be closer too based on living area and feature and year,Yes,192,120,150,250,160,210,135,180,152,270,215,185,,,,,,,,,,,,,188,130,120,235,205,240,175,110,120,280,215,160,,,,,,,,,,,,
2025-05-10 18:08:50,2025-05-10 18:18:51,IP Address,100,600,True,R_7cLj0EddzWhtdOp,anonymous,EN,921,677d8ca02a50ccdc47145568,681fd8d4232ba9fe33d7ea48,681fdc7acbde027c9aa58184,https://github.com/Guoziyang27/guoziyang27.github.io/tree/master/assets/csv,12,12,24,"[""172"",""1352"",""46"",""675"",""544"",""980"",""1655"",""2813"",""2445"",""2094"",""1954"",""2350""]","[192,193,194,195,196,197,198,199,200,201,202,203]",42590.1725,4.43,"[7,17]",7,0,[],13785.7725,"[""91"",""151"",""212"",""162"",""271"",""199"",""243"",""281"",""250"",""295"",""142"",""285""]",pred2,both,3,1,2025-05-10 18:18:52,Used my gut feeling and previous knowledge of home pricing.,Yes,91,151,212,162,271,199,243,281,250,295,142,285,,,,,,,,,,,,,,,,,,,,,,,,,91,160,217,153,252,124,205,232,252,290,135,235
2025-05-10 18:08:15,2025-05-10 18:18:51,IP Address,100,636,True,R_6KZaSoPO7PIE2Gv,anonymous,EN,9594,57334d427d01ed00098e8e69,681fd8d4232ba9fe33d7ea48,681fdc511f76a87b68272d1b,https://github.com/Guoziyang27/guoziyang27.github.io/tree/master/assets/csv,12,12,24,"[""1197"",""562"",""99"",""590"",""1040"",""2515"",""2291"",""2369"",""1936"",""1453"",""200"",""29""]","[0,1,2,3,4,5,6,7,8,9,10,11]",13131.534789,5.41,"[7,17]",7,0,[],8027.136789,"[""150"",""90"",""161"",""219"",""116"",""133"",""118"",""132"",""97"",""93"",""106"",""152""]",pred1,shap,0,0,2025-05-10 18:18:52,"The year built and square footage was the most important and then also if it had a garage because that is something that makes the home more valuable. i noticed a high score for feature X on a lot of the homes so I looked at that as the 4th tie breaker but the location and time is also important and since it was during the housing crisis in 2007-2009 and the area in the instructions was stated as ""Midwestern"" i knew prices would be pretty low",Yes,150,90,161,219,116,133,118,132,97,93,106,152,,,,,,,,,,,,,148,93,165,226,116,160,113,129,97,100,112,176,,,,,,,,,,,,
2025-05-10 18:10:22,2025-05-10 18:19:01,IP Address,100,518,True,R_7LCWc4zYyafyTaF,anonymous,EN,3419,67ebb56e95630699abe6243d,681fd8d4232ba9fe33d7ea48,681fdcccce9ec113fe9f91fd,https://github.com/Guoziyang27/guoziyang27.github.io/tree/master/assets/csv,12,12,24,"[""138"",""773"",""281"",""4"",""2434"",""1791"",""2535"",""944"",""2556"",""48"",""2384"",""192""]","[144,145,146,147,148,149,150,151,152,153,154,155]",1057261.2501,3,"[7,17]",7,0,[],1616527.9701,"[""410"",""518"",""465"",""441"",""464"",""461"",""424"",""469"",""446"",""471"",""479"",""544""]",pred1,both,2,2,2025-05-10 18:19:02,no idea,Yes,410,518,465,441,464,461,424,469,446,471,479,544,,,,,,,,,,,,,,,,,,,,,,,,,509,536,521,500,500,511,486,575,559,582,620,587
2025-05-10 18:11:12,2025-05-10 18:19:06,IP Address,100,474,True,R_3goZtakMV9z9uFz,anonymous,EN,2919,60c770aa2d2928bfda4c7cd4,681fd8d4232ba9fe33d7ea48,681fdd067fda5ab4e2b037f1,https://github.com/Guoziyang27/guoziyang27.github.io/tree/master/assets/csv,12,12,24,"[""172"",""1352"",""46"",""675"",""544"",""980"",""1655"",""2813"",""2445"",""2094"",""1954"",""2350""]","[192,193,194,195,196,197,198,199,200,201,202,203]",575650.3725,3,"[7,17]",7,0,[],540466.8725,"[""150"",""433"",""298"",""269"",""625"",""210"",""237"",""233"",""573"",""700"",""105"",""359""]",pred2,shap,3,1,2025-05-10 18:19:07,All AI should be deleted and destroyed and all associated with AI should be incarcerated.,Yes,150,433,298,269,625,210,237,233,573,700,105,359,,,,,,,,,,,,,126,411,237,225,541,227,282,248,627,722,109,316,,,,,,,,,,,,
2025-05-10 18:08:29,2025-05-10 18:19:08,IP Address,100,638,True,R_3UzJP6qqVmntNYZ,anonymous,EN,1987,5e121701dc79bd8a1a22ca99,681fd8d4232ba9fe33d7ea48,681fdc553e8efa0de602ee41,https://github.com/Guoziyang27/guoziyang27.github.io/tree/master/assets/csv,12,12,24,"[""1217"",""2890"",""232"",""2583"",""2275"",""708"",""1395"",""1853"",""2594"",""1431"",""2305"",""2605""]","[216,217,218,219,220,221,222,223,224,225,226,227]",826616.474369,3,"[7,17]",7,0,[],2316.936369,"[""334"",""371"",""387"",""429"",""523"",""348"",""261"",""585"",""386"",""433"",""393"",""582""]",pred1,both,3,3,2025-05-10 18:19:08,"I focused on the features, the square footage, year it was built and house amenities to determine price.  These homes are a lot lower in value than the homes in my area though so it was hard determining price.",Yes,334,371,387,429,523,348,261,585,386,433,393,582,,,,,,,,,,,,,,,,,,,,,,,,,154,150,139,153,286,101,133,317,133,180,135,140
2025-05-10 18:08:36,2025-05-10 18:19:10,IP Address,100,634,True,R_5PMieICZb5eMHdU,anonymous,EN,2634,5cba50bf114fa5001aac5570,681fd8d4232ba9fe33d7ea48,681fdc4c332cd2db8ce8d807,https://github.com/Guoziyang27/guoziyang27.github.io/tree/master/assets/csv,12,12,24,"[""95"",""2712"",""2847"",""1508"",""2111"",""1069"",""2915"",""2429"",""1646"",""453"",""196"",""2019""]","[24,25,26,27,28,29,30,31,32,33,34,35]",37145.140720999996,4.53,"[7,17]",7,0,[],15776.876720999999,"[""134"",""112"",""217"",""103"",""137"",""279"",""131"",""241"",""230"",""180"",""229"",""163""]",pred2,none,0,2,2025-05-10 18:19:12,I liked old houses better but I went mostly on size and car capacity. Feature X and Y were meaningless to me. I nudged my guesses in the direction of AI in round 2,Yes,134,112,217,103,137,279,131,241,230,180,229,163,173,118,196,103,161,296,113,253,221,193,182,131,,,,,,,,,,,,,,,,,,,,,,,,
2025-05-10 18:08:09,2025-05-10 18:19:13,IP Address,100,664,True,R_6ApUlBrdzTXrgWd,anonymous,EN,253,65c7998283fde07a38b830af,681fd8d4232ba9fe33d7ea48,681fdc41445b61a51651b250,https://github.com/Guoziyang27/guoziyang27.github.io/tree/master/assets/csv,12,12,24,"[""1777"",""2011"",""703"",""813"",""1409"",""959"",""2582"",""1232"",""2183"",""1039"",""2344"",""1993""]","[84,85,86,87,88,89,90,91,92,93,94,95]",28456.259930000004,5.08,"[7,17]",7,0,[],4764.83193,"[""185"",""105"",""120"",""145"",""114"",""155"",""106"",""102"",""165"",""145"",""165"",""106""]",pred2,both,1,2,2025-05-10 18:19:14,"A combination of the year it was built, square footage and the footage of the features ",Yes,185,105,120,145,114,155,106,102,165,145,165,106,,,,,,,,,,,,,,,,,,,,,,,,,264,135,145,180,145,215,150,170,165,160,215,106
2025-05-10 18:07:49,2025-05-10 18:19:16,IP Address,100,686,True,R_3pAkaaSpc280Y8V,anonymous,EN,1681,6757069f8e2b810b4fabd66b,681fd8d4232ba9fe33d7ea48,681fdc34894588b7c58d125b,https://github.com/Guoziyang27/guoziyang27.github.io/tree/master/assets/csv,12,12,24,"[""1938"",""229"",""988"",""679"",""841"",""2641"",""1309"",""2639"",""2685"",""2604"",""969"",""593""]","[120,121,122,123,124,125,126,127,128,129,130,131]",83039.45999999999,3,"[7,17]",7,0,[],27617.86,"[""130"",""191"",""160"",""161"",""188"",""215"",""155"",""144"",""129"",""194"",""215"",""193""]",pred1,none,2,0,2025-05-10 18:19:17,"I placed heavy emphasis on living area, year built, and car capacity, I placed great trust in the ai and adjusted my predictions heavily, but not 100 percent.",Yes,130,191,160,161,188,215,155,144,129,194,215,193,117,194,190,111,163,187,162,101,119,131,337,215,,,,,,,,,,,,,,,,,,,,,,,,
2025-05-10 18:09:48,2025-05-10 18:19:18,IP Address,100,570,True,R_11BoJEWxV2fRJqO,anonymous,EN,2133,659daa1ed4e13d6428103c1f,681fd8d4232ba9fe33d7ea48,681fdc9c9899cd8aa5b3aed9,https://github.com/Guoziyang27/guoziyang27.github.io/tree/master/assets/csv,12,12,24,"[""1217"",""2890"",""232"",""2583"",""2275"",""708"",""1395"",""1853"",""2594"",""1431"",""2305"",""2605""]","[216,217,218,219,220,221,222,223,224,225,226,227]",332740.078369,3,"[7,17]",7,0,[],2512.048369,"[""248"",""252"",""138"",""93"",""369"",""110"",""207"",""472"",""220"",""526"",""244"",""526""]",pred2,both,3,3,2025-05-10 18:19:19,"I saw the year it was built, square feet of the house and feature x and y.",Yes,248,252,138,93,369,110,207,472,220,526,244,526,,,,,,,,,,,,,,,,,,,,,,,,,141,137,121,121,274,97,114,320,133,212,140,175
2025-05-10 18:08:04,2025-05-10 18:19:22,IP Address,100,678,True,R_5VvVfGJfNDwmIKU,anonymous,EN,2366,67e65e8be2484e3ef16e9829,681fd8d4232ba9fe33d7ea48,681fdc456339a309306f8d22,https://github.com/Guoziyang27/guoziyang27.github.io/tree/master/assets/csv,12,12,24,"[""322"",""1308"",""2166"",""298"",""2825"",""2257"",""1590"",""1608"",""2226"",""429"",""2572"",""1416""]","[180,181,182,183,184,185,186,187,188,189,190,191]",709481.74385,3,"[7,17]",7,0,[],221447.71385,"[""430"",""647"",""328"",""222"",""330"",""204"",""127"",""539"",""206"",""202"",""499"",""426""]",pred1,none,3,0,2025-05-10 18:19:23,the space area each house had mattered a lot to me. I also tend to believe vintage houses are a masterpiece and could fetch more,Yes,430,647,328,222,330,204,127,539,206,202,499,426,405,560,223,196,229,209,136,131,174,203,158,119,,,,,,,,,,,,,,,,,,,,,,,,
2025-05-10 18:10:50,2025-05-10 18:19:32,IP Address,100,521,True,R_7LXAgWVPnsIozWt,anonymous,EN,934,6735b2a6112cf17b7b8df8d1,681fd8d4232ba9fe33d7ea48,681fdce2faf4a1f8105d01c4,https://github.com/Guoziyang27/guoziyang27.github.io/tree/master/assets/csv,12,12,24,"[""1197"",""562"",""99"",""590"",""1040"",""2515"",""2291"",""2369"",""1936"",""1453"",""200"",""29""]","[0,1,2,3,4,5,6,7,8,9,10,11]",83309.95278899999,3.33,"[7,17]",7,0,[],12920.104788999999,"[""111"",""177"",""329"",""190"",""116"",""93"",""101"",""200"",""150"",""88"",""225"",""131""]",pred2,shap,0,0,2025-05-10 18:19:33,I mostly went by personal experience with the years built. I changed my responses to better match the AI.,Yes,111,177,329,190,116,93,101,200,150,88,225,131,,,,,,,,,,,,,164,135,162,162,103,176,110,89,140,110,151,173,,,,,,,,,,,,
2025-05-10 18:08:30,2025-05-10 18:19:36,IP Address,100,665,True,R_3Ffb8DWZUlIgFyi,anonymous,EN,7492,5e4a1337aabe8747b041692c,681fd8d4232ba9fe33d7ea48,681fdc66bd5d2430b4930d5d,https://github.com/Guoziyang27/guoziyang27.github.io/tree/master/assets/csv,12,12,24,"[""926"",""621"",""2413"",""5"",""1585"",""856"",""2229"",""2906"",""1760"",""1150"",""1142"",""108""]","[168,169,170,171,172,173,174,175,176,177,178,179]",11931.390225,5.62,"[7,17]",7,0,[],1586.2502249999998,"[""200"",""190"",""226"",""181"",""190"",""145"",""141"",""176"",""171"",""116"",""193"",""157""]",pred1,shap,2,4,2025-05-10 18:19:37,"I mostly just looked at sq ft and year built. Then thought about small town prices 10 years ago and just guessed at that point. ",Yes,200,190,226,181,190,145,141,176,171,116,193,157,,,,,,,,,,,,,192,160,188,181,175,153,191,176,184,126,194,209,,,,,,,,,,,,
2025-05-10 18:09:46,2025-05-10 18:19:38,IP Address,100,591,True,R_3RfpD4OJ8jCNOFH,anonymous,EN,6487,5db0e17518230d00170d4332,681fd8d4232ba9fe33d7ea48,681fdcb3fe907f3bc2bb0355,https://github.com/Guoziyang27/guoziyang27.github.io/tree/master/assets/csv,12,12,24,"[""1217"",""2890"",""232"",""2583"",""2275"",""708"",""1395"",""1853"",""2594"",""1431"",""2305"",""2605""]","[216,217,218,219,220,221,222,223,224,225,226,227]",75161.494369,3.73,"[7,17]",7,0,[],6665.9743690000005,"[""248"",""282"",""190"",""137"",""253"",""138"",""115"",""422"",""123"",""226"",""161"",""313""]",pred2,shap,3,3,2025-05-10 18:19:38,I tried to look at size fire places  the year it was built newer  or mansions are older if they are real big,Yes,248,282,190,137,253,138,115,422,123,226,161,313,,,,,,,,,,,,,139,134,117,119,273,95,76,312,123,195,134,219,,,,,,,,,,,,
2025-05-10 18:07:59,2025-05-10 18:19:44,IP Address,100,705,True,R_1sUcdJN34nVe6Y5,anonymous,EN,5821,5c55c45f53fba80001bcf323,681fd8d4232ba9fe33d7ea48,681fdc4419c32daff9dbd77d,https://github.com/Guoziyang27/guoziyang27.github.io/tree/master/assets/csv,12,12,24,"[""217"",""775"",""974"",""1306"",""397"",""2450"",""416"",""383"",""1444"",""655"",""1074"",""1767""]","[60,61,62,63,64,65,66,67,68,69,70,71]",46402.369999999995,4.19,"[7,17]",7,0,[],18710.57,"[""200"",""219"",""175"",""170"",""185"",""302"",""235"",""220"",""225"",""159"",""267"",""292""]",pred2,both,1,0,2025-05-10 18:19:45,"I based my strategy off of living area and year built, because these two can be the main factors in a home's overall value",Yes,200,219,175,170,185,302,235,220,225,159,267,292,,,,,,,,,,,,,,,,,,,,,,,,,175,190,145,124,148,320,188,201,226,134,237,309
2025-05-10 18:07:59,2025-05-10 18:20:21,IP Address,100,741,True,R_11Z8QoWjU4w0FOW,anonymous,EN,6052,6111a1893c0daa13e23ab15a,681fd8d4232ba9fe33d7ea48,681fdc470f494db4c8305551,https://github.com/Guoziyang27/guoziyang27.github.io/tree/master/assets/csv,12,12,24,"[""1166"",""2080"",""11"",""261"",""1700"",""706"",""1457"",""18"",""2176"",""2733"",""1484"",""288""]","[204,205,206,207,208,209,210,211,212,213,214,215]",93925.505124,3,"[7,17]",7,0,[],34967.085124000005,"[""136"",""195"",""210"",""114"",""193"",""127"",""230"",""270"",""208"",""200"",""160"",""120""]",pred2,none,3,2,2025-05-10 18:20:22,"I relied mostly on the car capacity garage, year built and above grade living area. They seem to be indicative of the wealth of the owners. The X and Y features were hard to decipher and I figured could be approximated by the other indicators of expense/wealth.",Yes,136,195,210,114,193,127,230,270,208,200,160,120,156,153,210,121,302,127,250,300,131,155,160,111,,,,,,,,,,,,,,,,,,,,,,,,
2025-05-10 18:08:17,2025-05-10 18:20:25,IP Address,100,728,True,R_6elJi5b4Lrphwrv,anonymous,EN,2010,65c9c7748fe29aae818fc187,681fd8d4232ba9fe33d7ea48,681fdc404c52ad060f8c5dc5,https://github.com/Guoziyang27/guoziyang27.github.io/tree/master/assets/csv,12,12,24,"[""138"",""773"",""281"",""4"",""2434"",""1791"",""2535"",""944"",""2556"",""48"",""2384"",""192""]","[144,145,146,147,148,149,150,151,152,153,154,155]",33061.2101,4.54,"[7,17]",7,0,[],19599.2901,"[""237"",""125"",""126"",""303"",""262"",""210"",""138"",""116"",""132"",""322"",""279"",""221""]",pred2,none,2,2,2025-05-10 18:20:26,I went with the above ground living space. I think that that is the best way to come up with a basic price and then add on features.,Yes,237,125,126,303,262,210,138,116,132,322,279,221,220,116,107,258,216,211,138,88,117,321,266,208,,,,,,,,,,,,,,,,,,,,,,,,
2025-05-10 18:07:41,2025-05-10 18:20:28,IP Address,100,767,True,R_7OquT5Ojwio6HNG,anonymous,EN,2352,66b033e4f3498b16894e4c3f,681fd8d4232ba9fe33d7ea48,681fdc308b52899249a3144f,https://github.com/Guoziyang27/guoziyang27.github.io/tree/master/assets/csv,12,12,24,"[""1777"",""2011"",""703"",""813"",""1409"",""959"",""2582"",""1232"",""2183"",""1039"",""2344"",""1993""]","[84,85,86,87,88,89,90,91,92,93,94,95]",224456.64992999999,3,"[7,17]",7,0,[],16122.579929999998,"[""340"",""280"",""290"",""315"",""300"",""320"",""310"",""290"",""325"",""295"",""290"",""270""]",pred2,both,1,2,2025-05-10 18:20:29,I just 6thought about the more important things that have to do with a house and predicted from there,Yes,340,280,290,315,300,320,310,290,325,295,290,270,,,,,,,,,,,,,,,,,,,,,,,,,305,160,175,205,210,250,160,180,200,175,270,135
2025-05-10 18:08:05,2025-05-10 18:20:42,IP Address,100,756,True,R_59rVdUT1AziDnPa,anonymous,EN,7319,58a1fe40ea3d11000170d9b9,681fd8d4232ba9fe33d7ea48,681fdc33ce9ec113fe9f91f6,https://github.com/Guoziyang27/guoziyang27.github.io/tree/master/assets/csv,12,12,24,"[""172"",""1352"",""46"",""675"",""544"",""980"",""1655"",""2813"",""2445"",""2094"",""1954"",""2350""]","[192,193,194,195,196,197,198,199,200,201,202,203]",17881.7725,5.37,"[7,17]",7,0,[],4713.272499999999,"[""150"",""181"",""262"",""131"",""225"",""142"",""165"",""282"",""308"",""202"",""160"",""218""]",pred2,shap,3,1,2025-05-10 18:20:43,"I first considered how old a property was and placed more value on newer properties. After that, I considered how much the total living space and a garage might add to the value, then I considered Feature Y and Feature X. Fireplaces were the lowest on my list",Yes,150,181,262,131,225,142,165,282,308,202,160,218,,,,,,,,,,,,,121,168,247,136,229,112,160,192,300,236,123,191,,,,,,,,,,,,
2025-05-10 18:10:29,2025-05-10 18:20:45,IP Address,100,616,True,R_516O2HNHLRdrk7K,anonymous,EN,2978,62b628e4351d179f1ff6cc59,681fd8d4232ba9fe33d7ea48,681fdcb14c3f62aa4544d18f,https://github.com/Guoziyang27/guoziyang27.github.io/tree/master/assets/csv,12,12,24,"[""2426"",""234"",""2054"",""1679"",""2400"",""1179"",""228"",""2120"",""2697"",""1514"",""2596"",""1037""]","[96,97,98,99,100,101,102,103,104,105,106,107]",75495.21759999999,3.61,"[7,17]",7,0,[],10467.817599999998,"[""250"",""315"",""200"",""230"",""315"",""270"",""260"",""220"",""160"",""170"",""150"",""200""]",pred1,none,1,3,2025-05-10 18:20:46,I tried to use knowledge about pricing and features I have learned through viewing houses,Yes,250,315,200,230,315,270,260,220,160,170,150,200,195,167,131,126,362,291,166,165,128,91,80,127,,,,,,,,,,,,,,,,,,,,,,,,
2025-05-10 18:07:50,2025-05-10 18:20:47,IP Address,100,776,True,R_3rlzgX2tvgRkckX,anonymous,EN,7100,66717200063fc2eb3987270a,681fd8d4232ba9fe33d7ea48,681fdc372b0f4c81ec5758ce,https://github.com/Guoziyang27/guoziyang27.github.io/tree/master/assets/csv,12,12,24,"[""903"",""1343"",""2846"",""1195"",""2797"",""109"",""1216"",""1501"",""1720"",""1418"",""867"",""1005""]","[36,37,38,39,40,41,42,43,44,45,46,47]",72570,3.74,"[7,17]",7,0,[],8673,"[""199"",""209"",""172"",""96"",""275"",""195"",""126"",""263"",""275"",""212"",""310"",""199""]",pred2,none,0,3,2025-05-10 18:20:48,"I looked at the year it was built and the square footage. Then I looked at the garage and fireplace. I then came up with the number after considering features Y and X. On most houses my numbers were close to AI. ",Yes,199,209,172,96,275,195,126,263,275,212,310,199,115,99,121,115,277,185,126,120,240,99,320,200,,,,,,,,,,,,,,,,,,,,,,,,
2025-05-10 18:07:41,2025-05-10 18:20:48,IP Address,100,787,True,R_7TYqDCrLKmc9xs6,anonymous,EN,2147,5f8cbc5c355ea745e6cef2ca,681fd8d4232ba9fe33d7ea48,681fdc34be163ba7c83e7337,https://github.com/Guoziyang27/guoziyang27.github.io/tree/master/assets/csv,12,12,24,"[""217"",""775"",""974"",""1306"",""397"",""2450"",""416"",""383"",""1444"",""655"",""1074"",""1767""]","[60,61,62,63,64,65,66,67,68,69,70,71]",18471.77,5.22,"[7,17]",7,0,[],9595.77,"[""120"",""100"",""110"",""90"",""115"",""260"",""150"",""180"",""220"",""110"",""185"",""240""]",pred1,shap,1,0,2025-05-10 18:20:49,"I first thought about the time period when the sales happened, and how much were houses typically valued back then. Then I tried to guess as best as I could based on the construction year, car capacity, and living area first, then fireplace second. I ignored features Y and X since they told me nothing. When having the AI predictions, I analyzed how close I was to the AI prediction, and adjusted accordingly while still considering my criteria.",Yes,120,100,110,90,115,260,150,180,220,110,185,240,,,,,,,,,,,,,110,105,100,85,117,305,155,150,218,90,315,256,,,,,,,,,,,,
2025-05-10 18:07:35,2025-05-10 18:20:58,IP Address,100,802,True,R_3Ns2g8OiwFX4yAw,anonymous,EN,8386,672ce4b6444bb28ed1573e5a,681fd8d4232ba9fe33d7ea48,681fdc308bea9e99987529f1,https://github.com/Guoziyang27/guoziyang27.github.io/tree/master/assets/csv,12,12,24,"[""903"",""1343"",""2846"",""1195"",""2797"",""109"",""1216"",""1501"",""1720"",""1418"",""867"",""1005""]","[36,37,38,39,40,41,42,43,44,45,46,47]",39821,4.49,"[7,17]",7,0,[],14518,"[""129"",""123"",""128"",""190"",""200"",""217"",""155"",""167"",""222"",""142"",""197"",""193""]",pred1,none,0,3,2025-05-10 18:20:58,"I honestly just went by the age of the house and a few other factors, this to me was the best way to decide. ",Yes,129,123,128,190,200,217,155,167,222,142,197,193,132,94,120,170,270,179,140,101,233,122,392,193,,,,,,,,,,,,,,,,,,,,,,,,
2025-05-10 18:14:19,2025-05-10 18:20:58,IP Address,100,399,True,R_3ImXWXKyIxAsKJA,anonymous,EN,4156,5d0934c3c8d1490001b1d7c5,681fd8d4232ba9fe33d7ea48,681fddbfe9f2519d403d337c,https://github.com/Guoziyang27/guoziyang27.github.io/tree/master/assets/csv,12,12,24,"[""172"",""1352"",""46"",""675"",""544"",""980"",""1655"",""2813"",""2445"",""2094"",""1954"",""2350""]","[192,193,194,195,196,197,198,199,200,201,202,203]",39226.072499999995,4.2,"[7,17]",7,0,[],25719.7725,"[""167"",""229"",""272"",""191"",""258"",""183"",""206"",""228"",""304"",""139"",""189"",""239""]",pred2,none,3,1,2025-05-10 18:20:59,i guesswd,Yes,167,229,272,191,258,183,206,228,304,139,189,239,100,163,272,181,249,189,205,218,304,285,174,217,,,,,,,,,,,,,,,,,,,,,,,,
2025-05-10 18:09:54,2025-05-10 18:21:01,IP Address,100,667,True,R_3obeQE4OkZgwTgf,anonymous,EN,33,5e542a0c4b7e8c42fafa7216,681fd8d4232ba9fe33d7ea48,681fdcba73424f6f2062a3f0,https://github.com/Guoziyang27/guoziyang27.github.io/tree/master/assets/csv,12,12,24,"[""217"",""775"",""974"",""1306"",""397"",""2450"",""416"",""383"",""1444"",""655"",""1074"",""1767""]","[60,61,62,63,64,65,66,67,68,69,70,71]",88223.37000000001,3.29,"[7,17]",7,0,[],9275.97,"[""258"",""120"",""152"",""258"",""245"",""304"",""240"",""245"",""255"",""148"",""223"",""314""]",pred2,both,1,0,2025-05-10 18:21:02,"I looked at the size first then the year it was built.  This gives me some ideas of how much renovation and upgrades have been made to the houses and improve their value.  With people owning at least 2 cars, a large garage is also a feature that I look closely at.",Yes,258,120,152,258,245,304,240,245,255,148,223,314,,,,,,,,,,,,,,,,,,,,,,,,,138,129,113,105,124,369,168,180,230,107,230,318
2025-05-10 18:10:17,2025-05-10 18:21:05,IP Address,100,648,True,R_30BJRyKDoYYyxgM,anonymous,EN,2816,6740e1e09ca406ab781318cb,681fd8d4232ba9fe33d7ea48,681fdccc3aaba2cb94987625,https://github.com/Guoziyang27/guoziyang27.github.io/tree/master/assets/csv,12,12,24,"[""322"",""1308"",""2166"",""298"",""2825"",""2257"",""1590"",""1608"",""2226"",""429"",""2572"",""1416""]","[180,181,182,183,184,185,186,187,188,189,190,191]",123599.48385,3,"[7,17]",7,0,[],34465.93385,"[""210"",""30"",""350"",""250"",""400"",""215"",""200"",""150"",""175"",""375"",""125"",""160""]",pred2,shap,3,0,2025-05-10 18:21:07,I looked at all of the information available and made my best guesstimates.,Yes,210,30,350,250,400,215,200,150,175,375,125,160,,,,,,,,,,,,,325,100,250,215,290,200,190,140,160,360,130,132,,,,,,,,,,,,
2025-05-10 18:08:34,2025-05-10 18:21:09,IP Address,100,754,True,R_3QWh9T6iCI1luWu,anonymous,EN,4441,67e4125b6877c94cbca2c2ee,681fd8d4232ba9fe33d7ea48,681fdc50ae1a0cbe96e1f27a,https://github.com/Guoziyang27/guoziyang27.github.io/tree/master/assets/csv,12,12,24,"[""1197"",""562"",""99"",""590"",""1040"",""2515"",""2291"",""2369"",""1936"",""1453"",""200"",""29""]","[0,1,2,3,4,5,6,7,8,9,10,11]",550726.444789,3,"[7,17]",7,0,[],476053.662789,"[""302"",""315"",""290"",""400"",""300"",""450"",""391"",""393"",""405"",""202"",""275"",""325""]",pred2,none,0,0,2025-05-10 18:21:09,"the year built
car capacity in garage",Yes,302,315,290,400,300,450,391,393,405,202,275,325,306,272,306,347,400,312,225,279,400,356,381,336,,,,,,,,,,,,,,,,,,,,,,,,
2025-05-10 18:09:43,2025-05-10 18:21:10,IP Address,100,686,True,R_36kZijENpnzJoa1,anonymous,EN,2939,606f9bca353fc36aba9ccb8b,681fd8d4232ba9fe33d7ea48,681fdcb09087db2b83ade6df,https://github.com/Guoziyang27/guoziyang27.github.io/tree/master/assets/csv,12,12,24,"[""1197"",""562"",""99"",""590"",""1040"",""2515"",""2291"",""2369"",""1936"",""1453"",""200"",""29""]","[0,1,2,3,4,5,6,7,8,9,10,11]",42363.620789,4.3,"[7,17]",7,0,[],18963.582788999996,"[""190"",""139"",""249"",""282"",""135"",""219"",""149"",""191"",""142"",""127"",""185"",""239""]",pred2,shap,0,0,2025-05-10 18:21:11,"I tried to meet my prediction and the ai prediction in the middle. I mostly went by square footage and the year built as my strategy ",Yes,190,139,249,282,135,219,149,191,142,127,185,239,,,,,,,,,,,,,181,142,200,270,115,211,132,136,126,116,176,201,,,,,,,,,,,,
2025-05-10 18:08:12,2025-05-10 18:21:11,IP Address,100,779,True,R_1M4heYzbyRdpX74,anonymous,EN,7565,6555776099f743902858ed4b,681fd8d4232ba9fe33d7ea48,681fdc4f2c1a7476c824f796,https://github.com/Guoziyang27/guoziyang27.github.io/tree/master/assets/csv,12,12,24,"[""1491"",""535"",""307"",""1353"",""2140"",""2199"",""881"",""1942"",""522"",""583"",""778"",""1160""]","[108,109,110,111,112,113,114,115,116,117,118,119]",58106.826933,3.81,"[7,17]",7,0,[],20873.960933,"[""199"",""183"",""130"",""220"",""82"",""161"",""212"",""136"",""200"",""301"",""215"",""160""]",pred1,both,1,4,2025-05-10 18:21:12,"I looked at the averages and added up or down based on additional information. I could not figure out x and y correlation so didn't really use that as a factor. I used AI to help point out things, and sometimes went with what the AI helped with. ",Yes,199,183,130,220,82,161,212,136,200,301,215,160,,,,,,,,,,,,,,,,,,,,,,,,,180,187,125,219,87,133,191,113,291,248,200,171
2025-05-10 18:07:56,2025-05-10 18:21:11,IP Address,100,794,True,R_1jZf8egYuotrCEx,anonymous,EN,1087,674b46b00690584bddd6e33b,681fd8d4232ba9fe33d7ea48,681fdc41f80514474d0b12bf,https://github.com/Guoziyang27/guoziyang27.github.io/tree/master/assets/csv,12,12,24,"[""1777"",""2011"",""703"",""813"",""1409"",""959"",""2582"",""1232"",""2183"",""1039"",""2344"",""1993""]","[84,85,86,87,88,89,90,91,92,93,94,95]",774053.78793,3,"[7,17]",7,0,[],182451.64992999999,"[""630"",""429"",""302"",""532"",""431"",""338"",""299"",""445"",""278"",""328"",""533"",""361""]",pred2,shap,1,2,2025-05-10 18:21:12,"I honestly was just doing trial and error, since I wasn't given any feedback. I would take the AI's predictions into account and make my final answer somewhere in the middle. There were some instances where the AI was clearly not accurate (i.e. i think it said a house with 0 fireplaces had a positive impact on the price) so in those cases I did not ilsten to it.",Yes,630,429,302,532,431,338,299,445,278,328,533,361,,,,,,,,,,,,,353,322,223,354,225,302,174,226,241,205,449,228,,,,,,,,,,,,
2025-05-10 18:09:56,2025-05-10 18:21:20,IP Address,100,684,True,R_6VxdueVBj38kLfu,anonymous,EN,7860,5e914ee346d11b48197172c2,681fd8d4232ba9fe33d7ea48,681fdca521263de70d5f662d,https://github.com/Guoziyang27/guoziyang27.github.io/tree/master/assets/csv,12,12,24,"[""1777"",""2011"",""703"",""813"",""1409"",""959"",""2582"",""1232"",""2183"",""1039"",""2344"",""1993""]","[84,85,86,87,88,89,90,91,92,93,94,95]",54757.919930000004,4.22,"[7,17]",7,0,[],9420.59993,"[""160"",""205"",""160"",""180"",""300"",""250"",""160"",""191"",""140"",""181"",""350"",""200""]",pred1,none,1,2,2025-05-10 18:21:21,I mostly chose based on Above grade living area. The AI predictions influenced my second round predictions.,Yes,160,205,160,180,300,250,160,191,140,181,350,200,250,190,180,150,200,225,166,188,160,170,245,150,,,,,,,,,,,,,,,,,,,,,,,,
2025-05-10 18:12:58,2025-05-10 18:21:28,IP Address,100,509,True,R_7yeLBpCh7dhbcdi,anonymous,EN,647,67774f6cb82700dbe99655a4,681fd8d4232ba9fe33d7ea48,681fdcfa829f425d339121b3,https://github.com/Guoziyang27/guoziyang27.github.io/tree/master/assets/csv,12,12,24,"[""611"",""197"",""2090"",""1571"",""2202"",""694"",""2588"",""1743"",""2157"",""2298"",""570"",""2147""]","[72,73,74,75,76,77,78,79,80,81,82,83]",17311.774900999997,5.19,"[7,17]",7,0,[],11764.938901,"[""166"",""149"",""180"",""176"",""110"",""101"",""155"",""208"",""147"",""110"",""182"",""180""]",pred1,shap,1,1,2025-05-10 18:21:28,Used the averages provided before the trials and went from there,Yes,166,149,180,176,110,101,155,208,147,110,182,180,,,,,,,,,,,,,167,141,180,182,144,130,152,226,156,120,186,200,,,,,,,,,,,,
2025-05-10 18:11:04,2025-05-10 18:21:30,IP Address,100,626,True,R_5xQVdX5Liwg2KAK,anonymous,EN,6186,670fe349d7f527a0b7b8d646,681fd8d4232ba9fe33d7ea48,681fdd00b5b8ed2a76f248ec,https://github.com/Guoziyang27/guoziyang27.github.io/tree/master/assets/csv,12,12,24,"[""1909"",""1565"",""1536"",""1180"",""2543"",""1564"",""2316"",""319"",""2780"",""2565"",""73"",""1967""]","[132,133,134,135,136,137,138,139,140,141,142,143]",873989.21,3,"[7,17]",7,0,[],49395.61,"[""230"",""695"",""315"",""527"",""211"",""464"",""420"",""685"",""591"",""241"",""497"",""341""]",pred1,none,2,1,2025-05-10 18:21:31,The first thing me around I considered the year the house was built. The second one I cwanted aired the price ai established.,Yes,230,695,315,527,211,464,420,685,591,241,497,341,220,388,197,282,153,241,205,309,222,144,187,170,,,,,,,,,,,,,,,,,,,,,,,,
2025-05-10 18:08:22,2025-05-10 18:21:40,IP Address,100,798,True,R_3j0YMa4sJ9vUegF,anonymous,EN,1609,59dc458f77860e000151240e,681fd8d4232ba9fe33d7ea48,681fdc57b1bde6829f349e01,https://github.com/Guoziyang27/guoziyang27.github.io/tree/master/assets/csv,12,12,24,"[""1166"",""2080"",""11"",""261"",""1700"",""706"",""1457"",""18"",""2176"",""2733"",""1484"",""288""]","[204,205,206,207,208,209,210,211,212,213,214,215]",538781.9371239999,3,"[7,17]",7,0,[],109735.417124,"[""332"",""147"",""408"",""326"",""646"",""275"",""491"",""532"",""439"",""498"",""240"",""318""]",pred2,shap,3,2,2025-05-10 18:21:41,"I had very little idea how it would affect the prices, so I tried to think of expensive vs cheap houses and the different aspects that might change between them.  Living area seemed like an obvious one, but it looked like it had less effect than I thought when I saw the AI predictions.  The AI let me get a lot of necessary context, especially since house prices here seem much cheaper than my area, and I made the guess that Feature X was positive and Y was somehow detrimental because that seemed to coincide with the scale of overall prices.",Yes,332,147,408,326,646,275,491,532,439,498,240,318,,,,,,,,,,,,,182,147,218,136,457,120,421,337,226,280,217,255,,,,,,,,,,,,
2025-05-10 18:09:47,2025-05-10 18:21:45,IP Address,100,718,True,R_3isZlC55EnKudSh,anonymous,EN,5195,645906dc264ac9eb66b7f3ec,681fd8d4232ba9fe33d7ea48,681fdcafcdd0a6ab5248f19a,https://github.com/Guoziyang27/guoziyang27.github.io/tree/master/assets/csv,12,12,24,"[""611"",""197"",""2090"",""1571"",""2202"",""694"",""2588"",""1743"",""2157"",""2298"",""570"",""2147""]","[72,73,74,75,76,77,78,79,80,81,82,83]",36563.326901,4.6,"[7,17]",7,0,[],13904.410901,"[""207"",""146"",""173"",""142"",""185"",""114"",""160"",""232"",""227"",""172"",""262"",""205""]",pred1,none,1,1,2025-05-10 18:21:46,"I mostly used the year built as a guide. Many of the older houses were hard to estimate, because some old houses are beautifully maintained, and some are beyond repair.",Yes,207,146,173,142,185,114,160,232,227,172,262,205,170,136,173,185,161,154,152,240,167,125,196,205,,,,,,,,,,,,,,,,,,,,,,,,
2025-05-10 18:08:36,2025-05-10 18:21:49,IP Address,100,793,True,R_7RlSThmuuIP2HiA,anonymous,EN,926,67c7e250b3d28dd21344b3ce,681fd8d4232ba9fe33d7ea48,681fdc64be3fdadda12da98b,https://github.com/Guoziyang27/guoziyang27.github.io/tree/master/assets/csv,12,12,24,"[""95"",""2712"",""2847"",""1508"",""2111"",""1069"",""2915"",""2429"",""1646"",""453"",""196"",""2019""]","[24,25,26,27,28,29,30,31,32,33,34,35]",49872.19272099999,3.97,"[7,17]",7,0,[],23258.684720999998,"[""189"",""158"",""147"",""174"",""179"",""212"",""179"",""175"",""179"",""176"",""153"",""136""]",pred2,none,0,2,2025-05-10 18:21:50,"The lack of precise information (e.g., condition of each home, neighborhood characteristics, etc) reduced the strategy to guesswork.",Yes,189,158,147,174,179,212,179,175,179,176,153,136,189,145,155,126,179,261,140,189,190,180,152,125,,,,,,,,,,,,,,,,,,,,,,,,
2025-05-10 18:08:20,2025-05-10 18:21:50,IP Address,100,809,True,R_1YXswlKLXagjPT8,anonymous,EN,1983,662fecef2a008847dc4f0d9b,681fd8d4232ba9fe33d7ea48,681fdc57e4673db7bfe267f3,https://github.com/Guoziyang27/guoziyang27.github.io/tree/master/assets/csv,12,12,24,"[""172"",""1352"",""46"",""675"",""544"",""980"",""1655"",""2813"",""2445"",""2094"",""1954"",""2350""]","[192,193,194,195,196,197,198,199,200,201,202,203]",12192.072499999998,5.5,"[7,17]",7,0,[],5714.272499999999,"[""169"",""194"",""160"",""118"",""213"",""106"",""136"",""189"",""308"",""260"",""107"",""203""]",pred2,both,3,1,2025-05-10 18:21:51,"I thought back to what houses were going for per sq ft back then and I added or subtracted based on size, age, garage size, etc,,,",Yes,169,194,160,118,213,106,136,189,308,260,107,203,,,,,,,,,,,,,,,,,,,,,,,,,83,183,241,136,222,103,160,178,297,280,114,195
2025-05-10 18:09:30,2025-05-10 18:21:55,IP Address,100,745,True,R_1zGsnGQDFR9DzHg,anonymous,EN,4571,6781e2745214f6bcc5c6d6c0,681fd8d4232ba9fe33d7ea48,681fdc5a9c322c89c9dda01b,https://github.com/Guoziyang27/guoziyang27.github.io/tree/master/assets/csv,12,12,24,"[""2799"",""2197"",""1903"",""935"",""367"",""1830"",""1218"",""1996"",""1857"",""1420"",""1178"",""111""]","[12,13,14,15,16,17,18,19,20,21,22,23]",123014.206569,3,"[7,17]",7,0,[],58937.660569,"[""203"",""189"",""134"",""142"",""307"",""129"",""134"",""294"",""170"",""453"",""282"",""281""]",pred2,none,0,1,2025-05-10 18:21:56,I just multiplied what I thought was the price per square foot by the above grade living area. It was feature Y x Living area. And then I just went halfway between my predictions and the AI in the second round.,Yes,203,189,134,142,307,129,134,294,170,453,282,281,258,178,93,150,336,129,135,221,168,366,281,210,,,,,,,,,,,,,,,,,,,,,,,,
2025-05-10 18:10:20,2025-05-10 18:22:18,IP Address,100,718,True,R_17DX1ODgdTGnC4h,anonymous,EN,1498,663d1e842efe0b27087f52cb,681fd8d4232ba9fe33d7ea48,681fdccab234f9e42243ad13,https://github.com/Guoziyang27/guoziyang27.github.io/tree/master/assets/csv,12,12,24,"[""138"",""773"",""281"",""4"",""2434"",""1791"",""2535"",""944"",""2556"",""48"",""2384"",""192""]","[144,145,146,147,148,149,150,151,152,153,154,155]",24089.1501,5.05,"[7,17]",7,0,[],10098.1901,"[""160"",""140"",""101"",""163"",""209"",""213"",""141"",""84"",""90"",""237"",""279"",""121""]",pred1,shap,2,2,2025-05-10 18:22:19,By comparing the cost of what was lsited to the houses provided and then checking compared to AI using the x and y values that were provided,Yes,160,140,101,163,209,213,141,84,90,237,279,121,,,,,,,,,,,,,190,136,93,228,211,260,195,84,90,297,222,149,,,,,,,,,,,,
2025-05-10 18:09:34,2025-05-10 18:22:20,IP Address,100,766,True,R_3H7dN4dP2wgcz1D,anonymous,EN,4436,65ebbbc0a6328372037a40c1,681fd8d4232ba9fe33d7ea48,681fdc3a1daa2b88983fee0e,https://github.com/Guoziyang27/guoziyang27.github.io/tree/master/assets/csv,12,12,24,"[""1217"",""2890"",""232"",""2583"",""2275"",""708"",""1395"",""1853"",""2594"",""1431"",""2305"",""2605""]","[216,217,218,219,220,221,222,223,224,225,226,227]",156450.522369,3,"[7,17]",7,0,[],45821.67236899999,"[""235"",""289"",""155"",""183"",""375"",""88"",""82"",""426"",""334"",""282"",""136"",""394""]",pred1,both,3,3,2025-05-10 18:22:21,I first looked at the size. but also with the AI is what helped me determine what the sales price should be,Yes,235,289,155,183,375,88,82,426,334,282,136,394,,,,,,,,,,,,,,,,,,,,,,,,,170,152,144,166,350,89,95,371,170,278,133,329
2025-05-10 18:10:28,2025-05-10 18:22:24,IP Address,100,715,True,R_5Dcm9DXte6N3jqO,anonymous,EN,8746,62926f5a375553f13d68bc92,681fd8d4232ba9fe33d7ea48,681fdcdac54e72b521c6830b,https://github.com/Guoziyang27/guoziyang27.github.io/tree/master/assets/csv,12,12,24,"[""2799"",""2197"",""1903"",""935"",""367"",""1830"",""1218"",""1996"",""1857"",""1420"",""1178"",""111""]","[12,13,14,15,16,17,18,19,20,21,22,23]",140759.492569,3,"[7,17]",7,0,[],67931.682569,"[""297"",""144"",""141"",""203"",""268"",""199"",""221"",""296"",""302"",""326"",""341"",""335""]",pred2,none,0,1,2025-05-10 18:22:25,"square footage was the main thing to compare I think, but garages had bearing too/.",Yes,297,144,141,203,268,199,221,296,302,326,341,335,362,154,107,171,333,141,155,210,208,311,283,182,,,,,,,,,,,,,,,,,,,,,,,,
2025-05-10 18:08:22,2025-05-10 18:22:26,IP Address,100,843,True,R_6ReYgObJef50rOz,anonymous,EN,6581,663140c398e19ff9b77d4663,681fd8d4232ba9fe33d7ea48,681fdc3f2a6a6c96a6975978,https://github.com/Guoziyang27/guoziyang27.github.io/tree/master/assets/csv,12,12,24,"[""2799"",""2197"",""1903"",""935"",""367"",""1830"",""1218"",""1996"",""1857"",""1420"",""1178"",""111""]","[12,13,14,15,16,17,18,19,20,21,22,23]",136691.756569,3,"[7,17]",7,0,[],57711.444569,"[""293"",""211"",""113"",""112"",""232"",""123"",""140"",""196"",""122"",""224"",""176"",""120""]",pred2,shap,0,1,2025-05-10 18:22:27,"I grew up in a midwest town so, I considered that while guessing the values",Yes,293,211,113,112,232,123,140,196,122,224,176,120,,,,,,,,,,,,,271,167,63,139,320,127,137,167,128,308,267,160,,,,,,,,,,,,
2025-05-10 18:08:10,2025-05-10 18:22:28,IP Address,100,858,True,R_1HObZFoji6YrIE9,anonymous,EN,2639,617617515ce25cbceccac37c,681fd8d4232ba9fe33d7ea48,681fdc39caa0c70cde509f1f,https://github.com/Guoziyang27/guoziyang27.github.io/tree/master/assets/csv,12,12,24,"[""1938"",""229"",""988"",""679"",""841"",""2641"",""1309"",""2639"",""2685"",""2604"",""969"",""593""]","[120,121,122,123,124,125,126,127,128,129,130,131]",21906.46,4.62,"[7,17]",7,0,[],27941.46,"[""165"",""250"",""190"",""140"",""176"",""122"",""155"",""126"",""107"",""138"",""398"",""295""]",pred2,both,2,0,2025-05-10 18:22:30,"I mostly focused on the year of the build and the size of the house (above grade living area). I sort of ignored the unknown features for the most part. I thought the fireplaces and car garage of secondary importance. When using the AI, I decided to move whatever my guesses where to closer to that of the AI's (sort of averaging them). ",Yes,165,250,190,140,176,122,155,126,107,138,398,295,,,,,,,,,,,,,,,,,,,,,,,,,148,223,194,120,165,150,160,130,107,135,315,209
2025-05-10 18:15:39,2025-05-10 18:22:31,IP Address,100,412,True,R_7qlaXWa3oaHpYvS,anonymous,EN,8168,6673ad6b8abf0e0b25ea3131,681fd8d4232ba9fe33d7ea48,681fdcd9937790827ebfd782,https://github.com/Guoziyang27/guoziyang27.github.io/tree/master/assets/csv,12,12,24,"[""2426"",""234"",""2054"",""1679"",""2400"",""1179"",""228"",""2120"",""2697"",""1514"",""2596"",""1037""]","[96,97,98,99,100,101,102,103,104,105,106,107]",720221.2176000001,3,"[7,17]",7,0,[],17906.057599999996,"[""540"",""213"",""384"",""387"",""636"",""567"",""506"",""449"",""252"",""182"",""160"",""206""]",pred2,both,1,3,2025-05-10 18:22:32,i looked at square footage and year built and gave estimate of how it aged over time,Yes,540,213,384,387,636,567,506,449,252,182,160,206,,,,,,,,,,,,,,,,,,,,,,,,,202,205,160,160,278,213,165,160,72,122,82,120
2025-05-10 18:10:16,2025-05-10 18:22:37,IP Address,100,740,True,R_1oHG03z1bMBoNCO,anonymous,EN,8347,66e4c4358de330a06b4d33f1,681fd8d4232ba9fe33d7ea48,681fdcc0cdd0a6ab5248f19e,https://github.com/Guoziyang27/guoziyang27.github.io/tree/master/assets/csv,12,12,24,"[""322"",""1308"",""2166"",""298"",""2825"",""2257"",""1590"",""1608"",""2226"",""429"",""2572"",""1416""]","[180,181,182,183,184,185,186,187,188,189,190,191]",80382.30385,3.02,"[7,17]",7,0,[],26820.78385,"[""344"",""255"",""196"",""334"",""401"",""290"",""250"",""188"",""208"",""270"",""187"",""135""]",pred2,both,3,0,2025-05-10 18:22:38,I looked at the year built and the living area primarily and then the garage size The fireplaces I discounted because in many areas people aren't allowed to use them.,Yes,344,255,196,334,401,290,250,188,208,270,187,135,,,,,,,,,,,,,,,,,,,,,,,,,339,117,210,200,284,197,188,140,163,332,140,120
2025-05-10 18:10:30,2025-05-10 18:22:38,IP Address,100,728,True,R_3xYj0YR0UmggR3U,anonymous,EN,6855,67104c7deff954cb22438402,681fd8d4232ba9fe33d7ea48,681fdcb631bd0cc1e9aedf7d,https://github.com/Guoziyang27/guoziyang27.github.io/tree/master/assets/csv,12,12,24,"[""1491"",""535"",""307"",""1353"",""2140"",""2199"",""881"",""1942"",""522"",""583"",""778"",""1160""]","[108,109,110,111,112,113,114,115,116,117,118,119]",38604.376933,4.47,"[7,17]",7,0,[],16566.738932999997,"[""197"",""127"",""155"",""193"",""131"",""170"",""177"",""194"",""250"",""239"",""164"",""188""]",pred2,both,1,4,2025-05-10 18:22:39,I looked at how much living space there was and how old the house was. Just because its older doesnt mean its worth less.,Yes,197,127,155,193,131,170,177,194,250,239,164,188,,,,,,,,,,,,,,,,,,,,,,,,,118,145,118,152,126,137,180,107,270,221,165,172
2025-05-10 18:09:51,2025-05-10 18:22:43,IP Address,100,771,True,R_3fcOy3R2T6rT67U,anonymous,EN,3637,67ccbff51d19e63fccfe0d60,681fd8d4232ba9fe33d7ea48,681fdcb1df94175aa8621104,https://github.com/Guoziyang27/guoziyang27.github.io/tree/master/assets/csv,12,12,24,"[""2799"",""2197"",""1903"",""935"",""367"",""1830"",""1218"",""1996"",""1857"",""1420"",""1178"",""111""]","[12,13,14,15,16,17,18,19,20,21,22,23]",805245.104569,3,"[7,17]",7,0,[],138297.144569,"[""400"",""195"",""13"",""100"",""230"",""450"",""400"",""500"",""530"",""680"",""600"",""13""]",pred1,both,0,1,2025-05-10 18:22:44,"I tried to check the square meters as well, and I gave most of the ones with large ones a higher price.
",Yes,400,195,13,100,230,450,400,500,530,680,600,13,,,,,,,,,,,,,,,,,,,,,,,,,302,190,30,130,270,250,152,240,277,405,424,90
2025-05-10 18:09:06,2025-05-10 18:22:48,IP Address,100,822,True,R_6mgHmh78FxVHWpD,anonymous,EN,113,615586b009f801c3f2d4af8d,681fd8d4232ba9fe33d7ea48,681fdc8aa229f2fbe444129e,https://github.com/Guoziyang27/guoziyang27.github.io/tree/master/assets/csv,12,12,24,"[""322"",""1308"",""2166"",""298"",""2825"",""2257"",""1590"",""1608"",""2226"",""429"",""2572"",""1416""]","[180,181,182,183,184,185,186,187,188,189,190,191]",49162.79385,3.82,"[7,17]",7,0,[],29312.763849999996,"[""233"",""149"",""196"",""187"",""232"",""183"",""214"",""196"",""144"",""280"",""132"",""147""]",pred2,none,3,0,2025-05-10 18:22:49,"I eyeballed the example with a focus mainly on year built and above grade living area. It was difficult to discern the x and y features, and those I considered last. Re the Ai predictions, when there was a significant difference between mine and the AI estimation, I split the difference, more or less.",Yes,233,149,196,187,232,183,214,196,144,280,132,147,310,140,210,186,253,185,203,175,144,320,132,137,,,,,,,,,,,,,,,,,,,,,,,,
2025-05-10 18:08:21,2025-05-10 18:22:48,IP Address,100,867,True,R_5cvafe4az2rkDyF,anonymous,EN,3556,664c4e829445321c23a8de52,681fd8d4232ba9fe33d7ea48,681fdc5ed67b83d357261daa,https://github.com/Guoziyang27/guoziyang27.github.io/tree/master/assets/csv,12,12,24,"[""322"",""1308"",""2166"",""298"",""2825"",""2257"",""1590"",""1608"",""2226"",""429"",""2572"",""1416""]","[180,181,182,183,184,185,186,187,188,189,190,191]",274454.47385,3,"[7,17]",7,0,[],274454.47385,"[""549"",""134"",""520"",""203"",""508"",""203"",""209"",""152"",""186"",""490"",""134"",""126""]",pred2,both,3,0,2025-05-10 18:22:50,i used the model you showed originally to assess the value. I did not trust the ai because it never took features X and Y into account.,Yes,549,134,520,203,508,203,209,152,186,490,134,126,,,,,,,,,,,,,,,,,,,,,,,,,549,134,520,203,508,203,209,152,186,490,134,126
2025-05-10 18:12:40,2025-05-10 18:22:56,IP Address,100,616,True,R_7PxRq3TTQeyXTb3,anonymous,EN,2541,565bbc1ec121fe0012fc3782,681fd8d4232ba9fe33d7ea48,681fdd54ea29792c28c0df4a,https://github.com/Guoziyang27/guoziyang27.github.io/tree/master/assets/csv,12,12,24,"[""217"",""775"",""974"",""1306"",""397"",""2450"",""416"",""383"",""1444"",""655"",""1074"",""1767""]","[60,61,62,63,64,65,66,67,68,69,70,71]",59189.97,4.1,"[7,17]",7,0,[],9137.57,"[""107"",""84"",""109"",""134"",""127"",""188"",""153"",""145"",""152"",""107"",""163"",""177""]",pred1,shap,1,0,2025-05-10 18:22:58,I figured that most of my estimate are high based on AI.. I based it on year built and square footage.,Yes,107,84,109,134,127,188,153,145,152,107,163,177,,,,,,,,,,,,,105,134,92,80,119,300,159,143,205,85,301,250,,,,,,,,,,,,
2025-05-10 18:12:39,2025-05-10 18:23:01,IP Address,100,621,True,R_7qOGdxRPqhtJDeB,anonymous,EN,1171,67ab317d4245c4e2b33e2753,681fd8d4232ba9fe33d7ea48,681fdd458d164aeb5c4becfc,https://github.com/Guoziyang27/guoziyang27.github.io/tree/master/assets/csv,12,12,24,"[""830"",""2623"",""1959"",""2069"",""121"",""682"",""2018"",""1786"",""2136"",""1027"",""303"",""564""]","[156,157,158,159,160,161,162,163,164,165,166,167]",1349196.285584,3,"[7,17]",7,0,[],1587030.605584,"[""675"",""401"",""322"",""501"",""565"",""427"",""253"",""605"",""524"",""529"",""405"",""595""]",pred1,both,2,3,2025-05-10 18:23:01,Based  on the current economy,Yes,675,401,322,501,565,427,253,605,524,529,405,595,,,,,,,,,,,,,,,,,,,,,,,,,558,402,286,495,647,478,274,685,525,647,481,622
2025-05-10 18:08:09,2025-05-10 18:23:13,IP Address,100,903,True,R_1g8fU8ds2M1Tvj3,anonymous,EN,5601,663ff3e539df6ec6f060f875,681fd8d4232ba9fe33d7ea48,681fdc512dda559160432d51,https://github.com/Guoziyang27/guoziyang27.github.io/tree/master/assets/csv,12,12,24,"[""95"",""2712"",""2847"",""1508"",""2111"",""1069"",""2915"",""2429"",""1646"",""453"",""196"",""2019""]","[24,25,26,27,28,29,30,31,32,33,34,35]",822367.942721,3,"[7,17]",7,0,[],488110.742721,"[""330"",""301"",""711"",""407"",""200"",""400"",""600"",""500"",""300"",""252"",""228"",""160""]",pred2,both,0,2,2025-05-10 18:23:14,"if the AI had less to go off of, I went with my original gut instinct, but if it had more to go off of, then I took it's word for it and did that. ",Yes,330,301,711,407,200,400,600,500,300,252,228,160,,,,,,,,,,,,,,,,,,,,,,,,,200,301,719,230,180,361,299,500,250,202,155,160
2025-05-10 18:09:14,2025-05-10 18:23:21,IP Address,100,846,True,R_3VdyRa5nvcE0M42,anonymous,EN,4241,67e09140d3b97fa530c719c3,681fd8d4232ba9fe33d7ea48,681fdc88fcf016da919585aa,https://github.com/Guoziyang27/guoziyang27.github.io/tree/master/assets/csv,12,12,24,"[""830"",""2623"",""1959"",""2069"",""121"",""682"",""2018"",""1786"",""2136"",""1027"",""303"",""564""]","[156,157,158,159,160,161,162,163,164,165,166,167]",675450.365584,3,"[7,17]",7,0,[],210500.48558399998,"[""519"",""484"",""434"",""583"",""234"",""397"",""284"",""350"",""267"",""75"",""265"",""225""]",pred1,shap,2,3,2025-05-10 18:23:21,general knowledge,Yes,519,484,434,583,234,397,284,350,267,75,265,225,,,,,,,,,,,,,174,106,142,324,300,278,356,280,318,114,315,178,,,,,,,,,,,,
2025-05-10 18:10:06,2025-05-10 18:23:32,IP Address,100,805,True,R_3BfA2YSb1TqB5nc,anonymous,EN,2083,5c0dbb9b9166290001253342,681fd8d4232ba9fe33d7ea48,681fdccb96f3c65ff27f32ad,https://github.com/Guoziyang27/guoziyang27.github.io/tree/master/assets/csv,12,12,24,"[""1491"",""535"",""307"",""1353"",""2140"",""2199"",""881"",""1942"",""522"",""583"",""778"",""1160""]","[108,109,110,111,112,113,114,115,116,117,118,119]",41569.000932999996,4.41,"[7,17]",7,0,[],15689.790933,"[""180"",""242"",""131"",""119"",""168"",""146"",""301"",""146"",""340"",""269"",""170"",""200""]",pred1,both,1,4,2025-05-10 18:23:33,"i actually did pretty damn good, i could not believe it. I went by the sqft and year built mostly.  But the garages and fire places also placed a small role. The AI made sense to me. So for the second round i kind of stuck with the model prices. ",Yes,180,242,131,119,168,146,301,146,340,269,170,200,,,,,,,,,,,,,,,,,,,,,,,,,174,206,128,122,139,115,212,130,368,189,145,187
2025-05-10 18:08:16,2025-05-10 18:23:32,IP Address,100,915,True,R_12bwcumFAKlzUc8,anonymous,EN,3284,6712d5b9e3d84e9a520966fd,681fd8d4232ba9fe33d7ea48,681fdc4d829eb319e7d476ce,https://github.com/Guoziyang27/guoziyang27.github.io/tree/master/assets/csv,12,12,24,"[""138"",""773"",""281"",""4"",""2434"",""1791"",""2535"",""944"",""2556"",""48"",""2384"",""192""]","[144,145,146,147,148,149,150,151,152,153,154,155]",48442.4501,4.14,"[7,17]",7,0,[],18683.7301,"[""164"",""164"",""157"",""200"",""174"",""191"",""165"",""153"",""142"",""260"",""180"",""145""]",pred2,none,2,2,2025-05-10 18:23:33,I put my guess between my guess and the AI,Yes,164,164,157,200,174,191,165,153,142,260,180,145,184,120,109,217,188,206,149,106,104,282,228,134,,,,,,,,,,,,,,,,,,,,,,,,
2025-05-10 18:15:27,2025-05-10 18:23:41,IP Address,100,493,True,R_71nVlTeyPSU7T4w,anonymous,EN,9674,657dd22938e31904b66ca3b4,681fd8d4232ba9fe33d7ea48,681fdcdc60443251e950b170,https://github.com/Guoziyang27/guoziyang27.github.io/tree/master/assets/csv,12,12,24,"[""1909"",""1565"",""1536"",""1180"",""2543"",""1564"",""2316"",""319"",""2780"",""2565"",""73"",""1967""]","[132,133,134,135,136,137,138,139,140,141,142,143]",41086.61,4.33,"[7,17]",7,0,[],19122.809999999998,"[""190"",""246"",""185"",""203"",""143"",""280"",""225"",""325"",""308"",""125"",""284"",""229""]",pred1,shap,2,1,2025-05-10 18:23:42,based on experience and knowledge of the market,Yes,190,246,185,203,143,280,225,325,308,125,284,229,,,,,,,,,,,,,124,253,151,242,139,251,218,304,285,125,202,193,,,,,,,,,,,,
2025-05-10 18:09:06,2025-05-10 18:23:45,IP Address,100,878,True,R_5fqWVOFGYnAcdgf,anonymous,EN,2412,5be8dab5d153f500019ab320,681fd8d4232ba9fe33d7ea48,681fdc503d37c287c9607ebf,https://github.com/Guoziyang27/guoziyang27.github.io/tree/master/assets/csv,12,12,24,"[""172"",""1352"",""46"",""675"",""544"",""980"",""1655"",""2813"",""2445"",""2094"",""1954"",""2350""]","[192,193,194,195,196,197,198,199,200,201,202,203]",55701.3725,4.14,"[7,17]",7,0,[],11428.4725,"[""80"",""165"",""215"",""154"",""305"",""116"",""197"",""205"",""430"",""393"",""101"",""252""]",pred2,none,3,1,2025-05-10 18:23:45,I looked at square footage and garage space available as my primary considerations. My next most important factors were year built and fireplaces.,Yes,80,165,215,154,305,116,197,205,430,393,101,252,85,164,225,150,260,113,174,192,313,306,105,213,,,,,,,,,,,,,,,,,,,,,,,,
2025-05-10 18:14:12,2025-05-10 18:23:45,IP Address,100,573,True,R_3H3CX4QAUC0wx3j,anonymous,EN,3685,67e992dd7f3e32ea5b32ffc3,681fd8d4232ba9fe33d7ea48,681fddb77efc3003c4349345,https://github.com/Guoziyang27/guoziyang27.github.io/tree/master/assets/csv,12,12,24,"[""903"",""1343"",""2846"",""1195"",""2797"",""109"",""1216"",""1501"",""1720"",""1418"",""867"",""1005""]","[36,37,38,39,40,41,42,43,44,45,46,47]",2904927,3,"[7,17]",7,0,[],1153383,"[""620"",""577"",""673"",""227"",""751"",""597"",""703"",""644"",""755"",""739"",""755"",""610""]",pred1,both,0,3,2025-05-10 18:23:46,CALCULATED,Yes,620,577,673,227,751,597,703,644,755,739,755,610,,,,,,,,,,,,,,,,,,,,,,,,,391,501,534,230,516,503,431,491,514,435,566,431
2025-05-10 18:09:06,2025-05-10 18:23:52,IP Address,100,886,True,R_1Cmkzav1adZJiNA,anonymous,EN,8917,60dfd72817ea2f37bba6b24a,681fd8d4232ba9fe33d7ea48,681fdc67e1398577e93eec7a,https://github.com/Guoziyang27/guoziyang27.github.io/tree/master/assets/csv,12,12,24,"[""322"",""1308"",""2166"",""298"",""2825"",""2257"",""1590"",""1608"",""2226"",""429"",""2572"",""1416""]","[180,181,182,183,184,185,186,187,188,189,190,191]",59885.48385,3.47,"[7,17]",7,0,[],31195.983849999997,"[""330"",""200"",""230"",""210"",""350"",""195"",""200"",""240"",""181"",""390"",""170"",""182""]",pred2,none,3,0,2025-05-10 18:23:53,"I tried picturing the house in my mind as best I could, and then thought of it's age and size vs. value.",Yes,330,200,230,210,350,195,200,240,181,390,170,182,330,130,230,200,300,200,195,160,165,365,150,135,,,,,,,,,,,,,,,,,,,,,,,,
2025-05-10 18:09:27,2025-05-10 18:24:00,IP Address,100,872,True,R_30HO8ASJ8HsONav,anonymous,EN,1091,6526f601bedbae17738408b1,681fd8d4232ba9fe33d7ea48,681fdc343fdee27b754eadad,https://github.com/Guoziyang27/guoziyang27.github.io/tree/master/assets/csv,12,12,24,"[""1938"",""229"",""988"",""679"",""841"",""2641"",""1309"",""2639"",""2685"",""2604"",""969"",""593""]","[120,121,122,123,124,125,126,127,128,129,130,131]",1317174.26,3,"[7,17]",7,0,[],142219.86,"[""438"",""560"",""454"",""433"",""298"",""602"",""624"",""563"",""469"",""474"",""491"",""509""]",pred2,none,2,0,2025-05-10 18:24:01,Market that ai is using for predictions but I thought most of them if not all of them were very low The two primary things I focused on were when it was built how much space is remaining after how many cars fit in the garage and lastly square footage.,Yes,438,560,454,433,298,602,624,563,469,474,491,509,251,359,302,176,220,280,187,235,250,254,353,387,,,,,,,,,,,,,,,,,,,,,,,,
2025-05-10 18:08:04,2025-05-10 18:24:16,IP Address,100,971,True,R_6n5Yo3jFY5B6FU8,anonymous,EN,4487,660c28b0eeb115dac604d8c7,681fd8d4232ba9fe33d7ea48,681fdc3f9b8476604717f4af,https://github.com/Guoziyang27/guoziyang27.github.io/tree/master/assets/csv,12,12,24,"[""172"",""1352"",""46"",""675"",""544"",""980"",""1655"",""2813"",""2445"",""2094"",""1954"",""2350""]","[192,193,194,195,196,197,198,199,200,201,202,203]",29280.3725,5,"[7,17]",7,0,[],6648.6725,"[""81"",""156"",""198"",""203"",""286"",""150"",""177"",""249"",""277"",""300"",""149"",""177""]",pred1,shap,3,1,2025-05-10 18:24:17,"I based my strategy by taking in consideration each of the features of the homes. ",Yes,81,156,198,203,286,150,177,249,277,300,149,177,,,,,,,,,,,,,101,169,222,156,217,100,178,185,278,240,132,161,,,,,,,,,,,,
2025-05-10 18:09:03,2025-05-10 18:24:22,IP Address,100,918,True,R_3g0Xy2kn5oCROlU,anonymous,EN,2983,5ba292385301b80001c71ba2,681fd8d4232ba9fe33d7ea48,681fdc82f80514474d0b12c3,https://github.com/Guoziyang27/guoziyang27.github.io/tree/master/assets/csv,12,12,24,"[""322"",""1308"",""2166"",""298"",""2825"",""2257"",""1590"",""1608"",""2226"",""429"",""2572"",""1416""]","[180,181,182,183,184,185,186,187,188,189,190,191]",1075328.32385,3,"[7,17]",7,0,[],25093.313850000002,"[""535"",""432"",""617"",""383"",""619"",""473"",""539"",""328"",""468"",""623"",""466"",""456""]",pred2,none,3,0,2025-05-10 18:24:22,I counted square footage and age built as most important features and added in the additional features.,Yes,535,432,617,383,619,473,539,328,468,623,466,456,393,114,220,191,293,202,202,133,133,346,131,123,,,,,,,,,,,,,,,,,,,,,,,,
2025-05-10 18:09:06,2025-05-10 18:24:23,IP Address,100,917,True,R_5LqftGIGesryjSr,anonymous,EN,7642,67ed2106f011777be169710e,681fd8d4232ba9fe33d7ea48,681fdc7bd2732dea55cffdf6,https://github.com/Guoziyang27/guoziyang27.github.io/tree/master/assets/csv,12,12,24,"[""1197"",""562"",""99"",""590"",""1040"",""2515"",""2291"",""2369"",""1936"",""1453"",""200"",""29""]","[0,1,2,3,4,5,6,7,8,9,10,11]",23910.714788999994,4.98,"[7,17]",7,0,[],12942.788789,"[""197"",""150"",""179"",""290"",""140"",""210"",""145"",""127"",""123"",""120"",""154"",""217""]",pred2,none,0,0,2025-05-10 18:24:24,"In both rounds, my primary strategy involved assessing each house feature relative to the provided summary statistics for that specific feature and the overall sale prices",Yes,197,150,179,290,140,210,145,127,123,120,154,217,176,141,177,264,120,209,124,114,119,113,151,200,,,,,,,,,,,,,,,,,,,,,,,,
2025-05-10 18:10:04,2025-05-10 18:24:44,IP Address,100,879,True,R_7RwtNxljmocmroW,anonymous,EN,4288,676d746ed2391d1de669298a,681fd8d4232ba9fe33d7ea48,681fdcbcf7e06ea1070e382d,https://github.com/Guoziyang27/guoziyang27.github.io/tree/master/assets/csv,12,12,24,"[""1737"",""2854"",""1659"",""1148"",""2254"",""1755"",""680"",""2100"",""2734"",""2122"",""1726"",""1962""]","[228,229,230,231,232,233,234,235,236,237,238,239]",314260.902856,3,"[7,17]",7,0,[],181791.46285600003,"[""300"",""400"",""274"",""398"",""125"",""400"",""228"",""600"",""428"",""153"",""160"",""100""]",pred2,shap,3,4,2025-05-10 18:24:45,"I basically split the difference between my original guesses and the AI predictions, while leaning more toward my original",Yes,300,400,274,398,125,400,228,600,428,153,160,100,,,,,,,,,,,,,230,325,246,252,125,392,190,552,400,157,190,103,,,,,,,,,,,,
2025-05-10 18:12:49,2025-05-10 18:24:50,IP Address,100,721,True,R_7whP7ISXQLNOBSh,anonymous,EN,9398,67855b8dc74917888b600462,681fd8d4232ba9fe33d7ea48,681fdcb0fb3961eafef1ad79,https://github.com/Guoziyang27/guoziyang27.github.io/tree/master/assets/csv,12,12,24,"[""830"",""2623"",""1959"",""2069"",""121"",""682"",""2018"",""1786"",""2136"",""1027"",""303"",""564""]","[156,157,158,159,160,161,162,163,164,165,166,167]",78936.109584,3.04,"[7,17]",7,0,[],27756.653584,"[""85"",""151"",""151"",""139"",""187"",""29"",""47"",""151"",""101"",""84"",""66"",""109""]",pred1,shap,2,3,2025-05-10 18:24:51,"Looking at my previous answer and the obligated suggestions,  I figure I was right in the middle of the choices provided. ",Yes,85,151,151,139,187,29,47,151,101,84,66,109,,,,,,,,,,,,,144,126,126,208,199,242,200,252,177,203,57,304,,,,,,,,,,,,
2025-05-10 18:07:51,2025-05-10 18:24:52,IP Address,100,1021,True,R_3ZBGj6AgJJ3gCYx,anonymous,EN,9659,67c1df48df51185acd620066,681fd8d4232ba9fe33d7ea48,681fdc40acb7529b16557dc4,https://github.com/Guoziyang27/guoziyang27.github.io/tree/master/assets/csv,12,12,24,"[""172"",""1352"",""46"",""675"",""544"",""980"",""1655"",""2813"",""2445"",""2094"",""1954"",""2350""]","[192,193,194,195,196,197,198,199,200,201,202,203]",831051.4724999999,3,"[7,17]",7,0,[],12873.272500000001,"[""235"",""124"",""752"",""135"",""228"",""174"",""224"",""755"",""755"",""233"",""175"",""227""]",pred1,both,3,1,2025-05-10 18:24:53,"My strategy was based on making estimate as to the details provided about each house and carefully picking an amount which i feel should reflect the price of the house. With the AI predictions, i had a more streamlined range for an amount to pick. I reevaluated my original prices and make adjustments where necessary.",Yes,235,124,752,135,228,174,224,755,755,233,175,227,,,,,,,,,,,,,,,,,,,,,,,,,148,144,273,142,225,141,200,180,309,235,150,206
2025-05-10 18:08:01,2025-05-10 18:24:58,IP Address,100,1016,True,R_11GwzNXoQ6sHmU1,anonymous,EN,4850,67e20801187db9c5fe47a563,681fd8d4232ba9fe33d7ea48,681fdc36122ff2152da796d5,https://github.com/Guoziyang27/guoziyang27.github.io/tree/master/assets/csv,12,12,24,"[""2799"",""2197"",""1903"",""935"",""367"",""1830"",""1218"",""1996"",""1857"",""1420"",""1178"",""111""]","[12,13,14,15,16,17,18,19,20,21,22,23]",1340187.988569,3,"[7,17]",7,0,[],25705.894568999996,"[""502"",""562"",""301"",""402"",""564"",""600"",""635"",""650"",""390"",""466"",""286"",""597""]",pred1,both,0,1,2025-05-10 18:24:59,"At first I could identify a lot of features before deciding on what price to indicate, then analyze the best price. Then on AI it really helped me on the best price chose",Yes,502,562,301,402,564,600,635,650,390,466,286,597,,,,,,,,,,,,,,,,,,,,,,,,,251,160,77,156,395,101,111,103,168,201,357,153
2025-05-10 18:08:46,2025-05-10 18:25:02,IP Address,100,975,True,R_5CvobxAl0SuVPjL,anonymous,EN,6491,66905dfde26a6e6e3c685d8d,681fd8d4232ba9fe33d7ea48,681fdc72ed59b37f3c38c56c,https://github.com/Guoziyang27/guoziyang27.github.io/tree/master/assets/csv,12,12,24,"[""1737"",""2854"",""1659"",""1148"",""2254"",""1755"",""680"",""2100"",""2734"",""2122"",""1726"",""1962""]","[228,229,230,231,232,233,234,235,236,237,238,239]",31078.742856,4.74,"[7,17]",7,0,[],14400.302856000002,"[""200"",""176"",""186"",""195"",""151"",""172"",""147"",""206"",""171"",""204"",""214"",""172""]",pred2,both,3,4,2025-05-10 18:25:03,"In many of the trials, my and the AI's guesses were pretty close, in which case I did not change my predictions significantly. In other cases, when the differences was substantial, I split the difference between my value and the AI's.",Yes,200,176,186,195,151,172,147,206,171,204,214,172,,,,,,,,,,,,,,,,,,,,,,,,,195,162,186,202,122,237,140,250,156,179,211,128
2025-05-10 18:09:20,2025-05-10 18:25:08,IP Address,100,947,True,R_5cdqOQblBOnMoE6,anonymous,EN,3010,66ea6bd034571ff4a00f2171,681fd8d4232ba9fe33d7ea48,681fdc9ee2821a197514a2c7,https://github.com/Guoziyang27/guoziyang27.github.io/tree/master/assets/csv,12,12,24,"[""1737"",""2854"",""1659"",""1148"",""2254"",""1755"",""680"",""2100"",""2734"",""2122"",""1726"",""1962""]","[228,229,230,231,232,233,234,235,236,237,238,239]",38348.358856,4.46,"[7,17]",7,0,[],17238.850856,"[""208"",""140"",""165"",""205"",""165"",""210"",""250"",""225"",""194"",""165"",""190"",""126""]",pred1,both,3,4,2025-05-10 18:25:09,"I used the comps as much as possible to come up with my estimates for the first round. On the second round, I adjusted the estimates to be in the middle of AI's and my first round's. ",Yes,208,140,165,205,165,210,250,225,194,165,190,126,,,,,,,,,,,,,,,,,,,,,,,,,189,143,166,202,148,210,130,235,150,173,230,138
2025-05-10 18:08:38,2025-05-10 18:25:21,IP Address,100,1002,True,R_5ERtzHF9IAsiQDs,anonymous,EN,6977,667dff584b72be8e8cf6b196,681fd8d4232ba9fe33d7ea48,681fdc3a9688ae8351da69e1,https://github.com/Guoziyang27/guoziyang27.github.io/tree/master/assets/csv,12,12,24,"[""611"",""197"",""2090"",""1571"",""2202"",""694"",""2588"",""1743"",""2157"",""2298"",""570"",""2147""]","[72,73,74,75,76,77,78,79,80,81,82,83]",283407.748901,3,"[7,17]",7,0,[],8156.402901,"[""152"",""140"",""205"",""159"",""120"",""129"",""150"",""571"",""219"",""167"",""542"",""197""]",pred2,shap,1,1,2025-05-10 18:25:21,I tried to balance the factors while reviewing the table each time like the AI did. Then I changed my guesses to more match the AI a bit,Yes,152,140,205,159,120,129,150,571,219,167,542,197,,,,,,,,,,,,,166,150,212,209,116,125,138,244,149,120,218,219,,,,,,,,,,,,
2025-05-10 18:07:50,2025-05-10 18:25:31,IP Address,100,1060,True,R_61aYuuJsWG0IIE4,anonymous,EN,2694,663abe859bcc3ea8ef9bbdf3,681fd8d4232ba9fe33d7ea48,681fdc3be485ad72914b50f2,https://github.com/Guoziyang27/guoziyang27.github.io/tree/master/assets/csv,12,12,24,"[""1197"",""562"",""99"",""590"",""1040"",""2515"",""2291"",""2369"",""1936"",""1453"",""200"",""29""]","[0,1,2,3,4,5,6,7,8,9,10,11]",167150.534789,3,"[7,17]",7,0,[],22371.670788999996,"[""315"",""130"",""210"",""450"",""100"",""230"",""150"",""179"",""130"",""150"",""229"",""425""]",pred1,none,0,0,2025-05-10 18:25:31,I figured that I would meet somewhere close to the AI prediction as prices of in the housing market does fluctuate daily.,Yes,315,130,210,450,100,230,150,179,130,150,229,425,156,144,188,312,116,210,123,141,129,115,142,233,,,,,,,,,,,,,,,,,,,,,,,,
2025-05-10 18:08:58,2025-05-10 18:25:34,IP Address,100,996,True,R_3Ns77F6Q953P4TC,anonymous,EN,2656,66491e9882aaa64c5d0911d5,681fd8d4232ba9fe33d7ea48,681fdc52d54ff288fcb0258b,https://github.com/Guoziyang27/guoziyang27.github.io/tree/master/assets/csv,12,12,24,"[""502"",""1090"",""809"",""2396"",""2554"",""1748"",""2717"",""1489"",""2513"",""2035"",""1518"",""2653""]","[48,49,50,51,52,53,54,55,56,57,58,59]",36927.735569,4.63,"[7,17]",7,0,[],12253.925569,"[""265"",""170"",""125"",""195"",""105"",""140"",""105"",""125"",""140"",""138"",""220"",""160""]",pred1,shap,0,4,2025-05-10 18:25:35,"I have a home of my own, and I know for a fact that real estate emphasizes certain features like the area/square foot over others. I looked at the area/sq of the home first, then the year, followed by the features like garage and fireplace.",Yes,265,170,125,195,105,140,105,125,140,138,220,160,,,,,,,,,,,,,265,220,190,420,150,220,200,150,200,150,150,121,,,,,,,,,,,,
2025-05-10 18:09:58,2025-05-10 18:25:38,IP Address,100,939,True,R_3FKE9ybsVe32JAM,anonymous,EN,8895,64da2accd7f18b0adeede7ba,681fd8d4232ba9fe33d7ea48,681fdcbc4a5bbf9d42556dfa,https://github.com/Guoziyang27/guoziyang27.github.io/tree/master/assets/csv,12,12,24,"[""138"",""773"",""281"",""4"",""2434"",""1791"",""2535"",""944"",""2556"",""48"",""2384"",""192""]","[144,145,146,147,148,149,150,151,152,153,154,155]",32533.3701,4.7,"[7,17]",7,0,[],14240.990099999999,"[""165"",""130"",""54"",""166"",""170"",""200"",""159"",""108"",""75"",""225"",""250"",""125""]",pred1,none,2,2,2025-05-10 18:25:39,"I made my guess based on the year and the square feet. I adjusted higher for more space in the garage and for fireplaces. When the AI differed from me, I tried to meet it approximately halfway. I didn't know how accurate the AI is or what information sources it had that were different from mine. ",Yes,165,130,54,166,170,200,159,108,75,225,250,125,175,133,78,200,201,226,175,94,80,275,242,135,,,,,,,,,,,,,,,,,,,,,,,,
2025-05-10 18:10:02,2025-05-10 18:25:40,IP Address,100,937,True,R_31LT5lf7n0uxN9p,anonymous,EN,9870,6501f7c274092e1270832a17,681fd8d4232ba9fe33d7ea48,681fdcc2bfa9d8f8fd8b3d95,https://github.com/Guoziyang27/guoziyang27.github.io/tree/master/assets/csv,12,12,24,"[""903"",""1343"",""2846"",""1195"",""2797"",""109"",""1216"",""1501"",""1720"",""1418"",""867"",""1005""]","[36,37,38,39,40,41,42,43,44,45,46,47]",72151,3.83,"[7,17]",7,0,[],5993,"[""126"",""134"",""107"",""77"",""180"",""145"",""88"",""209"",""130"",""154"",""152"",""134""]",pred2,both,0,3,2025-05-10 18:25:40,I looked at the values of X and Y and compared those to the averages listed on the charts. I also looked at the year it was made and the above ground square footage and compared those to the averages listed on the charts as well and used those factors to come up with my answers,Yes,126,134,107,77,180,145,88,209,130,154,152,134,,,,,,,,,,,,,,,,,,,,,,,,,121,121,112,126,263,146,120,116,205,111,342,200
2025-05-10 18:08:14,2025-05-10 18:25:56,IP Address,100,1062,True,R_1J9DGf5mV62KqoF,anonymous,EN,6806,64135dd9d2ef675b8e1799ef,681fd8d4232ba9fe33d7ea48,681fdc54aefd6f43fa00e6a8,https://github.com/Guoziyang27/guoziyang27.github.io/tree/master/assets/csv,12,12,24,"[""502"",""1090"",""809"",""2396"",""2554"",""1748"",""2717"",""1489"",""2513"",""2035"",""1518"",""2653""]","[48,49,50,51,52,53,54,55,56,57,58,59]",5363.255569,5.76,"[7,17]",7,0,[],3293.4275690000004,"[""250"",""214"",""145"",""323"",""129"",""205"",""170"",""145"",""205"",""160"",""177"",""150""]",pred1,none,0,4,2025-05-10 18:25:57,"The strategy I used was to compare the various features that I knew for sure, such as year built, above grade living area, car capacity in garage, and # of fireplaces. These were all known numbers, and in my opinion, these are some of the most important things most people look at. Feature X and Y were unknown, and most likely they were smaller features that most would not care about. Most people care about the ""bones"" of a house, so that is affected by the year it was built, and they also care about having more space to live in and for their vehicles. From there, I adjusted the price based on those. For the AI round, many of my guesses were pretty close, so I either adjusted them a little, or if it was a larger amount, I put my guess in the middle between mine and the AI's guesses.",Yes,250,214,145,323,129,205,170,145,205,160,177,150,260,215,167,360,126,205,168,140,193,145,160,131,,,,,,,,,,,,,,,,,,,,,,,,
2025-05-10 18:09:37,2025-05-10 18:25:57,IP Address,100,980,True,R_3JOur0zN2DsWcNu,anonymous,EN,5466,663831d2597fe70254c66632,681fd8d4232ba9fe33d7ea48,681fdc6b8b2a6685c2887f53,https://github.com/Guoziyang27/guoziyang27.github.io/tree/master/assets/csv,12,12,24,"[""217"",""775"",""974"",""1306"",""397"",""2450"",""416"",""383"",""1444"",""655"",""1074"",""1767""]","[60,61,62,63,64,65,66,67,68,69,70,71]",308162.57,3,"[7,17]",7,0,[],344434.17,"[""365"",""210"",""228"",""226"",""403"",""425"",""244"",""141"",""428"",""179"",""522"",""331""]",pred1,shap,1,0,2025-05-10 18:25:58,"I used the year built, the car capacity, feature X and Y s means to my decision",Yes,365,210,228,226,403,425,244,141,428,179,522,331,,,,,,,,,,,,,239,268,166,255,172,358,269,163,544,89,635,389,,,,,,,,,,,,
2025-05-10 18:13:31,2025-05-10 18:26:13,IP Address,100,760,True,R_3qP0x7D4gtflcMp,anonymous,EN,5135,62029a55ef1cb18a1337c61a,681fd8d4232ba9fe33d7ea48,681fdceefba8652c830b5b41,https://github.com/Guoziyang27/guoziyang27.github.io/tree/master/assets/csv,12,12,24,"[""1938"",""229"",""988"",""679"",""841"",""2641"",""1309"",""2639"",""2685"",""2604"",""969"",""593""]","[120,121,122,123,124,125,126,127,128,129,130,131]",151078.46,3,"[7,17]",7,0,[],31474.66,"[""250"",""335"",""295"",""230"",""230"",""275"",""295"",""265"",""230"",""250"",""375"",""305""]",pred2,shap,2,0,2025-05-10 18:26:13,I tried to use prior experience looking for places to live,Yes,250,335,295,230,230,275,295,265,230,250,375,305,,,,,,,,,,,,,139,217,201,113,150,154,166,138,107,133,302,202,,,,,,,,,,,,
2025-05-10 18:09:43,2025-05-10 18:26:16,IP Address,100,992,True,R_3UDnBV8q4iHlqKZ,anonymous,EN,3111,6276d97e209059496d37bf74,681fd8d4232ba9fe33d7ea48,681fdc5c184402a4df9725f9,https://github.com/Guoziyang27/guoziyang27.github.io/tree/master/assets/csv,12,12,24,"[""138"",""773"",""281"",""4"",""2434"",""1791"",""2535"",""944"",""2556"",""48"",""2384"",""192""]","[144,145,146,147,148,149,150,151,152,153,154,155]",47395.9501,4.24,"[7,17]",7,0,[],15830.0501,"[""180"",""115"",""99"",""398"",""199"",""202"",""160"",""88"",""84"",""258"",""210"",""165""]",pred1,none,2,2,2025-05-10 18:26:16,I didn't use feature x and y too much because I didn't know if high or low numbers were preferable. I used the other 4 features and adjusted the price higher or lower based on the details for each property.,Yes,180,115,99,398,199,202,160,88,84,258,210,165,183,129,96,250,204,228,172,86,87,275,213,155,,,,,,,,,,,,,,,,,,,,,,,,
2025-05-10 18:11:58,2025-05-10 18:26:19,IP Address,100,860,True,R_3ZhvQMxGEyWl6A9,anonymous,EN,5392,672ceecd4b982fd2123fa32f,681fd8d4232ba9fe33d7ea48,681fdca91d48ad305230f348,https://github.com/Guoziyang27/guoziyang27.github.io/tree/master/assets/csv,12,12,24,"[""95"",""2712"",""2847"",""1508"",""2111"",""1069"",""2915"",""2429"",""1646"",""453"",""196"",""2019""]","[24,25,26,27,28,29,30,31,32,33,34,35]",62025.310720999994,3.91,"[7,17]",7,0,[],13279.392721,"[""109"",""119"",""186"",""145"",""195"",""248"",""163"",""256"",""258"",""209"",""274"",""154""]",pred1,none,0,2,2025-05-10 18:26:20,"for the AI if it was close to my guess, I picked my guess. For the trials before that I considered mainly the space and garage ",Yes,109,119,186,145,195,248,163,256,258,209,274,154,182,128,174,107,195,301,100,275,190,209,201,154,,,,,,,,,,,,,,,,,,,,,,,,
2025-05-10 18:09:10,2025-05-10 18:26:25,IP Address,100,1035,True,R_5VnqSeFT6uozR8B,anonymous,EN,6645,67d08ad93223692ce66a3310,681fd8d4232ba9fe33d7ea48,681fdc316854248f26465aa4,https://github.com/Guoziyang27/guoziyang27.github.io/tree/master/assets/csv,12,12,24,"[""502"",""1090"",""809"",""2396"",""2554"",""1748"",""2717"",""1489"",""2513"",""2035"",""1518"",""2653""]","[48,49,50,51,52,53,54,55,56,57,58,59]",21170.925569,5.07,"[7,17]",7,0,[],12390.925569,"[""240"",""210"",""190"",""270"",""160"",""200"",""175"",""165"",""215"",""180"",""230"",""190""]",pred1,both,0,4,2025-05-10 18:26:26,"I used the Above Grade Living Area, Year Built, and Car Capacity in Garage for the most part to make my suggestions because they are the key parameters that influence price. I viewed Feature X and Feature Y as possibly changing my estimates although I wasn’t clear on how they would do so. Although the effect of the number of fireplaces is the smallest, I considered it nonetheless. My forecast remained within a sensible price bracket while considering the impact of varied features on the calculation.",Yes,240,210,190,270,160,200,175,165,215,180,230,190,,,,,,,,,,,,,,,,,,,,,,,,,260,215,190,300,150,200,170,150,200,160,220,190
2025-05-10 18:08:41,2025-05-10 18:26:26,IP Address,100,1065,True,R_58XDBu6W3WyWqul,anonymous,EN,5822,6272bd000471b3d9ed5d4da5,681fd8d4232ba9fe33d7ea48,681fdc7469433141ba4c42df,https://github.com/Guoziyang27/guoziyang27.github.io/tree/master/assets/csv,12,12,24,"[""2426"",""234"",""2054"",""1679"",""2400"",""1179"",""228"",""2120"",""2697"",""1514"",""2596"",""1037""]","[96,97,98,99,100,101,102,103,104,105,106,107]",517311.2176,3,"[7,17]",7,0,[],215594.2176,"[""400"",""500"",""300"",""375"",""550"",""425"",""450"",""400"",""200"",""200"",""225"",""300""]",pred1,shap,1,3,2025-05-10 18:26:27,"The additional X and Y features made no sense to me. Very difficult to make predictions with such limited information. I read the AI estimate as very low in today's housing market. I adjusted each of my predictions lower, assuming A-I had mor information than I did.",Yes,400,500,300,375,550,425,450,400,200,200,225,300,,,,,,,,,,,,,300,350,250,300,475,375,350,325,180,180,175,225,,,,,,,,,,,,
2025-05-10 18:08:14,2025-05-10 18:26:26,IP Address,100,1091,True,R_7HpDvZUatUKTsSm,anonymous,EN,5503,67a7460f140d97736b4ce063,681fd8d4232ba9fe33d7ea48,681fdc3d02e277008cd4fc43,https://github.com/Guoziyang27/guoziyang27.github.io/tree/master/assets/csv,12,12,24,"[""1197"",""562"",""99"",""590"",""1040"",""2515"",""2291"",""2369"",""1936"",""1453"",""200"",""29""]","[0,1,2,3,4,5,6,7,8,9,10,11]",114896.948789,3,"[7,17]",7,0,[],38668.06278899999,"[""300"",""161"",""204"",""309"",""117"",""339"",""208"",""93"",""88"",""74"",""49"",""35""]",pred1,none,0,0,2025-05-10 18:26:27,"The year of building was a main factor, followed by the car capacity in garage.",Yes,300,161,204,309,117,339,208,93,88,74,49,35,83,152,174,168,145,141,169,141,175,177,168,204,,,,,,,,,,,,,,,,,,,,,,,,
2025-05-10 18:10:08,2025-05-10 18:26:27,IP Address,100,978,True,R_7SJjNwXaT2MDswT,anonymous,EN,4263,5cbe04b4f429ff00159de30e,681fd8d4232ba9fe33d7ea48,681fdccaf335a2a98b77221b,https://github.com/Guoziyang27/guoziyang27.github.io/tree/master/assets/csv,12,12,24,"[""1938"",""229"",""988"",""679"",""841"",""2641"",""1309"",""2639"",""2685"",""2604"",""969"",""593""]","[120,121,122,123,124,125,126,127,128,129,130,131]",286975.46,3,"[7,17]",7,0,[],26233.46,"[""27"",""36"",""89"",""68"",""67"",""75"",""75"",""85"",""83"",""86"",""53"",""90""]",pred1,none,2,0,2025-05-10 18:26:28,I was trying to see where in the estimates the features were.,Yes,27,36,89,68,67,75,75,85,83,86,53,90,95,195,180,104,158,184,160,100,115,100,342,207,,,,,,,,,,,,,,,,,,,,,,,,
2025-05-10 18:07:40,2025-05-10 18:26:29,IP Address,100,1128,True,R_7mjEhiQQ7oYNBTQ,anonymous,EN,972,66c90ef0be010a9a6eb28b4f,681fd8d4232ba9fe33d7ea48,681fdc33bb162292b26e264c,https://github.com/Guoziyang27/guoziyang27.github.io/tree/master/assets/csv,12,12,24,"[""1737"",""2854"",""1659"",""1148"",""2254"",""1755"",""680"",""2100"",""2734"",""2122"",""1726"",""1962""]","[228,229,230,231,232,233,234,235,236,237,238,239]",148251.218856,3,"[7,17]",7,0,[],75441.818856,"[""138"",""13"",""22"",""110"",""79"",""147"",""13"",""148"",""46"",""93"",""175"",""53""]",pred2,both,3,4,2025-05-10 18:26:30,"I do a lot of price watching, where I go on real estate sites frequently.",Yes,138,13,22,110,79,147,13,148,46,93,175,53,,,,,,,,,,,,,,,,,,,,,,,,,173,131,143,122,94,160,127,160,82,70,248,45
2025-05-10 18:08:07,2025-05-10 18:26:32,IP Address,100,1104,True,R_5K3Y8NKCdzAJN5e,anonymous,EN,4781,5c69f9dd4b5bb30001b3d31c,681fd8d4232ba9fe33d7ea48,681fdc5381f58dbd76966f9a,https://github.com/Guoziyang27/guoziyang27.github.io/tree/master/assets/csv,12,12,24,"[""1938"",""229"",""988"",""679"",""841"",""2641"",""1309"",""2639"",""2685"",""2604"",""969"",""593""]","[120,121,122,123,124,125,126,127,128,129,130,131]",57964.06,3.72,"[7,17]",7,0,[],24286.46,"[""160"",""322"",""203"",""149"",""160"",""176"",""278"",""139"",""209"",""194"",""290"",""252""]",pred1,shap,2,0,2025-05-10 18:26:33,I tried to imagine what the house would look like. I changed my answer if the AI was way off from my guess.,Yes,160,322,203,149,160,176,278,139,209,194,290,252,,,,,,,,,,,,,100,199,189,107,160,180,160,99,116,102,344,218,,,,,,,,,,,,
2025-05-10 18:11:24,2025-05-10 18:26:34,IP Address,100,909,True,R_6ESwER42xSf52DD,anonymous,EN,1817,6584554a4c4be5883082f67b,681fd8d4232ba9fe33d7ea48,681fdcbdf0735464fb153622,https://github.com/Guoziyang27/guoziyang27.github.io/tree/master/assets/csv,12,12,24,"[""926"",""621"",""2413"",""5"",""1585"",""856"",""2229"",""2906"",""1760"",""1150"",""1142"",""108""]","[168,169,170,171,172,173,174,175,176,177,178,179]",111173.380225,3,"[7,17]",7,0,[],4057.7902249999997,"[""160"",""261"",""239"",""299"",""240"",""271"",""267"",""263"",""232"",""335"",""213"",""242""]",pred1,both,2,4,2025-05-10 18:26:34,"I actually just did a bit of math, I was off for some, but some I was actually pretty close. Based on the AI I just kind of rounded up basically.",Yes,160,261,239,299,240,271,267,263,232,335,213,242,,,,,,,,,,,,,,,,,,,,,,,,,187,152,186,184,166,154,208,179,191,169,200,225
2025-05-10 18:08:16,2025-05-10 18:26:38,IP Address,100,1101,True,R_5ohvRh5Bl82R6WR,anonymous,EN,3319,67a60aab3179b5e743db2a2b,681fd8d4232ba9fe33d7ea48,681fdc374eda75e5fc571953,https://github.com/Guoziyang27/guoziyang27.github.io/tree/master/assets/csv,12,12,24,"[""903"",""1343"",""2846"",""1195"",""2797"",""109"",""1216"",""1501"",""1720"",""1418"",""867"",""1005""]","[36,37,38,39,40,41,42,43,44,45,46,47]",21458,5.17,"[7,17]",7,0,[],8471,"[""100"",""95"",""75"",""85"",""250"",""109"",""95"",""90"",""160"",""85"",""249"",""155""]",pred1,none,0,3,2025-05-10 18:26:39,"Age of the house would impact the need for any modernization as well as repairs that could be required for the buyer.  Living space impacts the number of people who can comfortably live in the house.  Garage can be for storage but the Midwest has winters so being able to park a car under cover is important.  Fireplaces are nice but not really essential.  The random, unidentified features were a throwaway and I pretty much ignored them.  ",Yes,100,95,75,85,250,109,95,90,160,85,249,155,130,90,100,117,260,127,132,92,200,94,263,173,,,,,,,,,,,,,,,,,,,,,,,,
2025-05-10 18:10:03,2025-05-10 18:26:41,IP Address,100,997,True,R_3gMkWKE7vor75KX,anonymous,EN,7062,67dd005e21e271181cde8e33,681fd8d4232ba9fe33d7ea48,681fdcb9a85a484cc40fc06e,https://github.com/Guoziyang27/guoziyang27.github.io/tree/master/assets/csv,12,12,24,"[""172"",""1352"",""46"",""675"",""544"",""980"",""1655"",""2813"",""2445"",""2094"",""1954"",""2350""]","[192,193,194,195,196,197,198,199,200,201,202,203]",2253535.0725,3,"[7,17]",7,0,[],139465.0725,"[""534"",""423"",""679"",""688"",""669"",""658"",""586"",""694"",""697"",""496"",""589"",""551""]",pred2,shap,3,1,2025-05-10 18:26:41,I estmeted with best of my knowledge on the particular field.,Yes,534,423,679,688,669,658,586,694,697,496,589,551,,,,,,,,,,,,,262,227,287,252,276,266,286,250,306,326,309,261,,,,,,,,,,,,
2025-05-10 18:13:53,2025-05-10 18:26:45,IP Address,100,772,True,R_6PjT0mV0KJcU8M7,anonymous,EN,1307,660b2346862ff2a3da9cfe3e,681fd8d4232ba9fe33d7ea48,681fdda53fdee27b754eadb9,https://github.com/Guoziyang27/guoziyang27.github.io/tree/master/assets/csv,12,12,24,"[""1166"",""2080"",""11"",""261"",""1700"",""706"",""1457"",""18"",""2176"",""2733"",""1484"",""288""]","[204,205,206,207,208,209,210,211,212,213,214,215]",93832.681124,3,"[7,17]",7,0,[],38968.181123999995,"[""300"",""209"",""216"",""180"",""386"",""190"",""330"",""411"",""283"",""170"",""307"",""176""]",pred1,both,3,2,2025-05-10 18:26:46,"I guessed based on a few of the factors that I know matters when houses are priced.  I know the market better than AI so I didnt really consider their guesses ",Yes,300,209,216,180,386,190,330,411,283,170,307,176,,,,,,,,,,,,,,,,,,,,,,,,,202,170,204,149,325,172,250,411,178,165,249,160
2025-05-10 18:14:59,2025-05-10 18:26:46,IP Address,100,707,True,R_7Gp8HAVQXi5WcYo,anonymous,EN,5293,62a0b34cbcc5987a8fa73c39,681fd8d4232ba9fe33d7ea48,681fdddd2d5383cca8cb7da5,https://github.com/Guoziyang27/guoziyang27.github.io/tree/master/assets/csv,12,12,24,"[""2799"",""2197"",""1903"",""935"",""367"",""1830"",""1218"",""1996"",""1857"",""1420"",""1178"",""111""]","[12,13,14,15,16,17,18,19,20,21,22,23]",198635.48856899998,3,"[7,17]",7,0,[],64561.400569,"[""564"",""214"",""62"",""134"",""314"",""107"",""149"",""299"",""186"",""351"",""279"",""226""]",pred2,shap,0,1,2025-05-10 18:26:47,"My main one was using above grade living are since that was the most straightforward, and then I would partially consider the other scores",Yes,564,214,62,134,314,107,149,299,186,351,279,226,,,,,,,,,,,,,281,181,62,158,326,115,145,251,183,331,278,201,,,,,,,,,,,,
2025-05-10 18:08:00,2025-05-10 18:26:46,IP Address,100,1126,True,R_5q2tgPHfrZhfKVi,anonymous,EN,2048,67f1c7bd6f1c4a3d8deae02f,681fd8d4232ba9fe33d7ea48,681fdc442dda559160432d4e,https://github.com/Guoziyang27/guoziyang27.github.io/tree/master/assets/csv,12,12,24,"[""1491"",""535"",""307"",""1353"",""2140"",""2199"",""881"",""1942"",""522"",""583"",""778"",""1160""]","[108,109,110,111,112,113,114,115,116,117,118,119]",46373.826933,3.42,"[7,17]",7,0,[],46373.826933,"[""180"",""155"",""170"",""180"",""150"",""170"",""180"",""140"",""210"",""230"",""200"",""175""]",pred1,none,1,4,2025-05-10 18:26:48,"The strategy was interpretation-driven, relying heavily on the known and well-understood features. For the unknown features (X and Y), I treated them as auxiliary signals and cautiously adjusted until a pattern became apparent across trials.
Feature Importance Ranking (1 = most important, 8 = least)
Above Grade Living Area
This was the clearest and most interpretable feature—larger homes almost always indicate higher prices, and the effect is relatively linear.

Year Built
Newer homes are generally worth more due to newer construction standards, materials, and lower likelihood of needing repairs.

Car Capacity in Garage
Garage size is a practical indicator of home value, particularly in suburban areas where parking is valued. It had consistent effects across examples.

# of Fireplaces
While less directly impactful, fireplaces added aesthetic and luxury value. I weighted this when comparing homes with otherwise similar stats.

Feature X
I looked at whether high or low values of Feature X tended to appear alongside higher or lower house prices in examples. Without feedback, I tentatively assumed higher values of Feature X leaned toward higher prices, but kept this weighting cautious.

Feature Y
Similar approach to Feature X, but its values showed narrower variation and seemed to exert less consistent influence.

(N/A – Only 6 features given)

(N/A – Only 6 features given)

Strategy Description
1. Anchor Using Known Features
I started each guess by building a mental “base price” using the most interpretable features:

Above Grade Living Area: Anchored price to the percentile it fell into (e.g., well above 75th percentile = high base price).

Year Built: Adjusted base price up for newer homes, down for older ones.

Garage Capacity and Fireplaces: Used as secondary modifiers—adding or subtracting ~$10K to $20K depending on how far they were from average.

2. Adjust with Feature X and Y
Since the direction of influence for Features X and Y was unknown, I did the following:

Looked for consistency: I reviewed earlier examples (especially homes with high or low Feature X/Y) to see whether those homes generally had higher or lower prices.

Inferred possible direction: Over time, I tentatively leaned toward assuming:

Feature X may be positively correlated, since high values often showed up in high-priced homes.

Feature Y may also be positively correlated, though with smaller magnitude.

I then made small adjustments to the base price (±$10K to $30K) based on how far Features X or Y were from their mean.

3. No Feedback = Conservative Estimates
Because there was no feedback, I aimed to stay near the middle or upper-middle range of the price distribution unless the features were clearly exceptional or weak. This helped avoid extreme guesses that could inflate MSE.
",Yes,180,155,170,180,150,170,180,140,210,230,200,175,180,155,170,180,150,170,180,140,210,230,200,175,,,,,,,,,,,,,,,,,,,,,,,,
2025-05-10 18:17:18,2025-05-10 18:26:49,IP Address,100,571,True,R_6oG8FsmMKEIVXPi,anonymous,EN,5911,67c4ac03f24437c0857e9390,681fd8d4232ba9fe33d7ea48,681fde5759b22c1009b95900,https://github.com/Guoziyang27/guoziyang27.github.io/tree/master/assets/csv,12,12,24,"[""95"",""2712"",""2847"",""1508"",""2111"",""1069"",""2915"",""2429"",""1646"",""453"",""196"",""2019""]","[24,25,26,27,28,29,30,31,32,33,34,35]",174075.022721,3,"[7,17]",7,0,[],38668.422720999995,"[""74"",""39"",""37"",""75"",""57"",""64"",""31"",""160"",""246"",""108"",""117"",""60""]",pred2,shap,0,2,2025-05-10 18:26:50,"My strategy involved combining the AI’s prediction with my own interpretation of the features provided for each house. I paid close attention to key variables such as location, price, square footage, number of bedrooms/bathrooms, and recent renovation status, since these tend to have a significant impact on a buyer’s decision",Yes,74,39,37,75,57,64,31,160,246,108,117,60,,,,,,,,,,,,,171,143,160,103,171,225,89,160,146,134,121,102,,,,,,,,,,,,
2025-05-10 18:09:46,2025-05-10 18:26:48,IP Address,100,1021,True,R_1YcTpKxl6O7E1Yl,anonymous,EN,7477,6694251bbfc3e4a246f8125a,681fd8d4232ba9fe33d7ea48,681fdcac4fc41f23483e9f4a,https://github.com/Guoziyang27/guoziyang27.github.io/tree/master/assets/csv,12,12,24,"[""1777"",""2011"",""703"",""813"",""1409"",""959"",""2582"",""1232"",""2183"",""1039"",""2344"",""1993""]","[84,85,86,87,88,89,90,91,92,93,94,95]",22957.949930000002,5.09,"[7,17]",7,0,[],9874.83593,"[""202"",""160"",""180"",""211"",""160"",""264"",""173"",""160"",""184"",""152"",""302"",""119""]",pred1,none,1,2,2025-05-10 18:26:50,"I ranked them according to where they fell within the table of means you provided.  Then when my answers didn't match the AI i moved my answer closer to the suggested one
",Yes,202,160,180,211,160,264,173,160,184,152,302,119,253,160,189,153,145,214,160,182,184,167,265,113,,,,,,,,,,,,,,,,,,,,,,,,
2025-05-10 18:07:35,2025-05-10 18:27:02,IP Address,100,1166,True,R_1R1REwigYuVvlC5,anonymous,EN,5705,5f46cd85e858dd0a24269315,681fd8d4232ba9fe33d7ea48,681fdc32ca2a4b27af47f977,https://github.com/Guoziyang27/guoziyang27.github.io/tree/master/assets/csv,12,12,24,"[""903"",""1343"",""2846"",""1195"",""2797"",""109"",""1216"",""1501"",""1720"",""1418"",""867"",""1005""]","[36,37,38,39,40,41,42,43,44,45,46,47]",78575,3.42,"[7,17]",7,0,[],14267,"[""161"",""236"",""213"",""129"",""384"",""160"",""129"",""213"",""236"",""237"",""384"",""236""]",pred2,both,0,3,2025-05-10 18:27:03,"I looked at the house size, age, and if it had a garage or fireplace. Bigger and newer houses cost more.

I also looked at the AI’s guess and used it to help me decide the price.

I used both my ideas and the AI to make a good guess.",Yes,161,236,213,129,384,160,129,213,236,237,384,236,,,,,,,,,,,,,,,,,,,,,,,,,129,129,129,129,310,160,129,129,236,129,384,213
2025-05-10 18:13:19,2025-05-10 18:27:07,IP Address,100,828,True,R_6HcO5NwugNMMys8,anonymous,EN,4539,67e184da2196b4f9027adc2b,681fd8d4232ba9fe33d7ea48,681fdd802b7859dacaa64b37,https://github.com/Guoziyang27/guoziyang27.github.io/tree/master/assets/csv,12,12,24,"[""1737"",""2854"",""1659"",""1148"",""2254"",""1755"",""680"",""2100"",""2734"",""2122"",""1726"",""1962""]","[228,229,230,231,232,233,234,235,236,237,238,239]",239659.258856,3,"[7,17]",7,0,[],93018.678856,"[""248"",""228"",""201"",""156"",""229"",""229"",""162"",""208"",""185"",""620"",""227"",""127""]",pred2,none,3,4,2025-05-10 18:27:08,My guess is mainly focused on how old the house was,Yes,248,228,201,156,229,229,162,208,185,620,227,127,198,229,246,284,217,344,279,232,244,113,254,148,,,,,,,,,,,,,,,,,,,,,,,,
2025-05-10 18:15:18,2025-05-10 18:27:08,IP Address,100,709,True,R_7mQUxkLUnRoy4UZ,anonymous,EN,2021,67dd5e5f7a961e34ff8b116c,681fd8d4232ba9fe33d7ea48,681fdcbe1eea2dd4f402f900,https://github.com/Guoziyang27/guoziyang27.github.io/tree/master/assets/csv,12,12,24,"[""1166"",""2080"",""11"",""261"",""1700"",""706"",""1457"",""18"",""2176"",""2733"",""1484"",""288""]","[204,205,206,207,208,209,210,211,212,213,214,215]",613109.581124,3,"[7,17]",7,0,[],60314.477124,"[""240"",""450"",""450"",""371"",""288"",""518"",""381"",""386"",""370"",""397"",""315"",""316""]",pred1,both,3,2,2025-05-10 18:27:08,"I want a new house, new house means how many years since it was  built. And car capacity in the garage is really important too before considering other things",Yes,240,450,450,371,288,518,381,386,370,397,315,316,,,,,,,,,,,,,,,,,,,,,,,,,201,163,247,135,225,134,210,322,143,125,183,80
2025-05-10 18:08:40,2025-05-10 18:27:08,IP Address,100,1107,True,R_5cnrr8I20u6kGxy,anonymous,EN,7155,66757cddd8d92a5cbfda353f,681fd8d4232ba9fe33d7ea48,681fdc712f6435e0a47f4b78,https://github.com/Guoziyang27/guoziyang27.github.io/tree/master/assets/csv,12,12,24,"[""1217"",""2890"",""232"",""2583"",""2275"",""708"",""1395"",""1853"",""2594"",""1431"",""2305"",""2605""]","[216,217,218,219,220,221,222,223,224,225,226,227]",146498.572369,3,"[7,17]",7,0,[],32466.122369,"[""195"",""131"",""124"",""125"",""200"",""49"",""53"",""405"",""157"",""202"",""110"",""509""]",pred1,shap,3,3,2025-05-10 18:27:09,I mostly went by the square footage and the date built,Yes,195,131,124,125,200,49,53,405,157,202,110,509,,,,,,,,,,,,,170,146,131,134,275,86,99,343,138,181,124,332,,,,,,,,,,,,
2025-05-10 18:08:04,2025-05-10 18:27:15,IP Address,100,1151,True,R_6gX8b1hsD3nX0LT,anonymous,EN,4266,67f481d5a06919a9e559d003,681fd8d4232ba9fe33d7ea48,681fdc47b1bde6829f349dfd,https://github.com/Guoziyang27/guoziyang27.github.io/tree/master/assets/csv,12,12,24,"[""2799"",""2197"",""1903"",""935"",""367"",""1830"",""1218"",""1996"",""1857"",""1420"",""1178"",""111""]","[12,13,14,15,16,17,18,19,20,21,22,23]",260068.56456899998,3,"[7,17]",7,0,[],89022.96056899999,"[""193"",""187"",""77"",""195"",""440"",""159"",""139"",""410"",""164"",""600"",""551"",""179""]",pred1,both,0,1,2025-05-10 18:27:16,"My first guesses were based on using the data that was provided in the tables, ie the median averages, based on the highest and lowest numbers.  I then considered the age of the house and the amenities.  I didn't put too much thought into the X and Y features, since I had zero information as to what they were or their impact.  I did give a significant allowance for the home built in 1880 as far as value goes, because my thought was that it would be a historical site.  My second round of guesses, after seeing what AI came up with, basically followed the same strategy, but I took an even harder look at the home information and my strategy for assessing, to make sure that I was being consistently logical.  This caused me to align a bit more closely with the AI numbers.",Yes,193,187,77,195,440,159,139,410,164,600,551,179,,,,,,,,,,,,,,,,,,,,,,,,,238,185,69,169,386,139,139,174,164,475,475,160
2025-05-10 18:08:58,2025-05-10 18:27:18,IP Address,100,1099,True,R_7hoKOC28iUdJvDb,anonymous,EN,5840,67d95b52be97905a048845c7,681fd8d4232ba9fe33d7ea48,681fdc8583b1453176984333,https://github.com/Guoziyang27/guoziyang27.github.io/tree/master/assets/csv,12,12,24,"[""1491"",""535"",""307"",""1353"",""2140"",""2199"",""881"",""1942"",""522"",""583"",""778"",""1160""]","[108,109,110,111,112,113,114,115,116,117,118,119]",314208.600933,3,"[7,17]",7,0,[],50074.480933,"[""220"",""165"",""311"",""460"",""165"",""324"",""253"",""244"",""410"",""472"",""342"",""214""]",pred1,shap,1,4,2025-05-10 18:27:18,"This approach helped me refine my guesses over the course of the trials, especially since I learned from the first round and made more accurate predictions in the second. Would you like further analysis or help with anything else.",Yes,220,165,311,460,165,324,253,244,410,472,342,214,,,,,,,,,,,,,165,224,165,170,160,178,249,165,381,172,310,175,,,,,,,,,,,,
2025-05-10 18:09:02,2025-05-10 18:27:20,IP Address,100,1097,True,R_6S4xcaIVRaR8dAl,anonymous,EN,4193,644f162cac2c2b8aa0583b89,681fd8d4232ba9fe33d7ea48,681fdc8a8bea9e99987529f6,https://github.com/Guoziyang27/guoziyang27.github.io/tree/master/assets/csv,12,12,24,"[""1777"",""2011"",""703"",""813"",""1409"",""959"",""2582"",""1232"",""2183"",""1039"",""2344"",""1993""]","[84,85,86,87,88,89,90,91,92,93,94,95]",271120.77992999996,3,"[7,17]",7,0,[],138619.88393,"[""340"",""230"",""280"",""310"",""299"",""300"",""280"",""270"",""301"",""345"",""485"",""310""]",pred1,none,1,2,2025-05-10 18:27:21,"I made my guesses by the living space, garage area and fireplaces but i used the square footage mostly",Yes,340,230,280,310,299,300,280,270,301,345,485,310,311,205,242,299,218,256,230,251,246,260,394,295,,,,,,,,,,,,,,,,,,,,,,,,
2025-05-10 18:08:40,2025-05-10 18:27:24,IP Address,100,1124,True,R_5OO9sIQs1zYxqm0,anonymous,EN,6386,6643b96e963b9b0cf7d216f3,681fd8d4232ba9fe33d7ea48,681fdc6c6854248f26465aa9,https://github.com/Guoziyang27/guoziyang27.github.io/tree/master/assets/csv,12,12,24,"[""1491"",""535"",""307"",""1353"",""2140"",""2199"",""881"",""1942"",""522"",""583"",""778"",""1160""]","[108,109,110,111,112,113,114,115,116,117,118,119]",101678.646933,3,"[7,17]",7,0,[],38825.650933,"[""119"",""158"",""148"",""170"",""110"",""178"",""249"",""98"",""272"",""477"",""190"",""205""]",pred1,both,1,4,2025-05-10 18:27:25,I just based it upon year and square footage then the size of the garage. Fireplace added some value but did not make or break a sale price to me.,Yes,119,158,148,170,110,178,249,98,272,477,190,205,,,,,,,,,,,,,,,,,,,,,,,,,139,177,134,169,114,180,233,99,322,359,179,203
2025-05-10 18:11:30,2025-05-10 18:27:25,IP Address,100,954,True,R_31BkBZZtKjTYIcF,anonymous,EN,9510,661b3299bf19db77d7412b86,681fd8d4232ba9fe33d7ea48,681fdc396e8ec9a00e2a54d0,https://github.com/Guoziyang27/guoziyang27.github.io/tree/master/assets/csv,12,12,24,"[""2799"",""2197"",""1903"",""935"",""367"",""1830"",""1218"",""1996"",""1857"",""1420"",""1178"",""111""]","[12,13,14,15,16,17,18,19,20,21,22,23]",153383.29856899998,3,"[7,17]",7,0,[],56420.55456899999,"[""400"",""151"",""70"",""101"",""249"",""115"",""105"",""160"",""104"",""175"",""195"",""105""]",pred2,shap,0,1,2025-05-10 18:27:25,"I just tried to guess based on what I recall the market being for a home during the years of the home sales. When my guess was far miscalculated from the AI, I met the AI prediction halfway.",Yes,400,151,70,101,249,115,105,160,104,175,195,105,,,,,,,,,,,,,250,155,65,155,305,120,125,155,160,299,265,165,,,,,,,,,,,,
2025-05-10 18:08:24,2025-05-10 18:28:03,IP Address,100,1178,True,R_10Uy8bYMo8Akysq,anonymous,EN,3638,65cead31ddb7be095dddd3ee,681fd8d4232ba9fe33d7ea48,681fdc49863671ce1554b8cf,https://github.com/Guoziyang27/guoziyang27.github.io/tree/master/assets/csv,12,12,24,"[""1938"",""229"",""988"",""679"",""841"",""2641"",""1309"",""2639"",""2685"",""2604"",""969"",""593""]","[120,121,122,123,124,125,126,127,128,129,130,131]",30129.26,4.44,"[7,17]",7,0,[],26205.26,"[""200"",""207"",""193"",""107"",""189"",""159"",""169"",""129"",""127"",""148"",""370"",""235""]",pred2,shap,2,0,2025-05-10 18:28:04,"I primarily took into account the location (midwest) and the time period of the home sales (2007-2011). This time frame was on the heels of the housing/wall street crisis and housing prices were rather low, because inventory was high. So I was recalling historical costs. Then I considered the age of the home, which usually goes for cheaper because they are fixer-uppers. Lastly, I considered in tandem, the cars and the square footage. 2 car garages are generally sold at premium because more square footage typically can accommodate a 2-car garage. The more square footage, the larger the house, the more price per square feet. ",Yes,200,207,193,107,189,159,169,129,127,148,370,235,,,,,,,,,,,,,147,208,193,109,185,159,169,129,115,147,347,219,,,,,,,,,,,,
2025-05-10 18:09:42,2025-05-10 18:28:10,IP Address,100,1108,True,R_5ABcFxRY0XsiAlr,anonymous,EN,4872,65da0c93826bdadcf98372a9,681fd8d4232ba9fe33d7ea48,681fdca6e485ad72914b50fc,https://github.com/Guoziyang27/guoziyang27.github.io/tree/master/assets/csv,12,12,24,"[""926"",""621"",""2413"",""5"",""1585"",""856"",""2229"",""2906"",""1760"",""1150"",""1142"",""108""]","[168,169,170,171,172,173,174,175,176,177,178,179]",88304.800225,3,"[7,17]",7,0,[],32240.620225,"[""377"",""310"",""273"",""201"",""213"",""192"",""195"",""234"",""249"",""215"",""209"",""191""]",pred2,both,2,4,2025-05-10 18:28:11,It is difficult because I have no idea of the condition or the area of these homes. I just know the value increases with higher living area and having a garage and to some a fireplace will increase the value. I mostly adjusted by year built and square footage.,Yes,377,310,273,201,213,192,195,234,249,215,209,191,,,,,,,,,,,,,,,,,,,,,,,,,295,225,267,201,210,175,195,205,248,148,209,190
2025-05-10 18:10:14,2025-05-10 18:28:42,IP Address,100,1107,True,R_51iJoMCFYS60EyT,anonymous,EN,9525,6782941e57f81cd1ab7841b2,681fd8d4232ba9fe33d7ea48,681fdcc82c79b6e7bff7e69f,https://github.com/Guoziyang27/guoziyang27.github.io/tree/master/assets/csv,12,12,24,"[""1737"",""2854"",""1659"",""1148"",""2254"",""1755"",""680"",""2100"",""2734"",""2122"",""1726"",""1962""]","[228,229,230,231,232,233,234,235,236,237,238,239]",54115.442856,4.22,"[7,17]",7,0,[],9827.282856000002,"[""230"",""240"",""299"",""279"",""112"",""315"",""90"",""370"",""70"",""105"",""213"",""83""]",pred2,shap,3,4,2025-05-10 18:28:43,"I mostly predicted based on the provided details for round 1. For round 2, I did trust the AI but not blindly, so I adjusted my predictions closer to Ai's predictions. If my previous predictions were lower than AI's prediction, I increased it a little bit and decreased it if It was higher than AI's predictions. ",Yes,230,240,299,279,112,315,90,370,70,105,213,83,,,,,,,,,,,,,210,159,210,230,112,271,130,331,140,151,211,106,,,,,,,,,,,,
2025-05-10 18:09:18,2025-05-10 18:28:49,IP Address,100,1171,True,R_7PwyXa4Y42Dczhn,anonymous,EN,9957,6657b0d02e5dfa6c2663a647,681fd8d4232ba9fe33d7ea48,681fdc8158725a2239014f23,https://github.com/Guoziyang27/guoziyang27.github.io/tree/master/assets/csv,12,12,24,"[""1777"",""2011"",""703"",""813"",""1409"",""959"",""2582"",""1232"",""2183"",""1039"",""2344"",""1993""]","[84,85,86,87,88,89,90,91,92,93,94,95]",18536.75393,5.18,"[7,17]",7,0,[],11058.22393,"[""221"",""187"",""168"",""214"",""209"",""200"",""166"",""167"",""136"",""150"",""261"",""171""]",pred1,shap,1,2,2025-05-10 18:28:50,"In the first round I compared the house to the mean sale prices and tried to compare features that were supplied, I would often value above grade living area over things like fireplaces.  Once I saw how the AI valued things I would often try to split the difference as I felt it over valued some features and under valued others.",Yes,221,187,168,214,209,200,166,167,136,150,261,171,,,,,,,,,,,,,250,177,182,186,188,200,169,175,159,156,240,155,,,,,,,,,,,,
2025-05-10 18:11:30,2025-05-10 18:28:51,IP Address,100,1041,True,R_7kG8jOm4S4NjhAa,anonymous,EN,3349,670aae8ee861252b0528662d,681fd8d4232ba9fe33d7ea48,681fdcb3364e56d68a426d2b,https://github.com/Guoziyang27/guoziyang27.github.io/tree/master/assets/csv,12,12,24,"[""1217"",""2890"",""232"",""2583"",""2275"",""708"",""1395"",""1853"",""2594"",""1431"",""2305"",""2605""]","[216,217,218,219,220,221,222,223,224,225,226,227]",201501.284369,3,"[7,17]",7,0,[],130787.76436900001,"[""39"",""40"",""35"",""37"",""88"",""17"",""22"",""59"",""30"",""76"",""49"",""50""]",pred2,none,3,3,2025-05-10 18:28:52,I tried my best to reason.,Yes,39,40,35,37,88,17,22,59,30,76,49,50,91,95,66,51,108,34,23,100,67,98,72,68,,,,,,,,,,,,,,,,,,,,,,,,
2025-05-10 18:14:28,2025-05-10 18:28:53,IP Address,100,864,True,R_3GaWei0fnaw1NAt,anonymous,EN,1634,612962f44f151ddfd0298c52,681fd8d4232ba9fe33d7ea48,681fddc91062debb8f5f5952,https://github.com/Guoziyang27/guoziyang27.github.io/tree/master/assets/csv,12,12,24,"[""1777"",""2011"",""703"",""813"",""1409"",""959"",""2582"",""1232"",""2183"",""1039"",""2344"",""1993""]","[84,85,86,87,88,89,90,91,92,93,94,95]",21192.967930000006,5.17,"[7,17]",7,0,[],8683.53793,"[""170"",""140"",""173"",""202"",""172"",""191"",""125"",""175"",""206"",""178"",""216"",""159""]",pred1,both,1,2,2025-05-10 18:28:53,"I looked at the square footage and gave some weight to the year it was built and looked at y and x and made my best evaluation. ",Yes,170,140,173,202,172,191,125,175,206,178,216,159,,,,,,,,,,,,,,,,,,,,,,,,,250,153,188,157,160,196,157,179,188,168,216,134
2025-05-10 18:11:13,2025-05-10 18:29:03,IP Address,100,1069,True,R_51AHXvk9khriS58,anonymous,EN,9831,66e5fd5c6bb126e1e93a9d77,681fd8d4232ba9fe33d7ea48,681fdc9545f5af9076c431e4,https://github.com/Guoziyang27/guoziyang27.github.io/tree/master/assets/csv,12,12,24,"[""95"",""2712"",""2847"",""1508"",""2111"",""1069"",""2915"",""2429"",""1646"",""453"",""196"",""2019""]","[24,25,26,27,28,29,30,31,32,33,34,35]",64852.924721,3.9,"[7,17]",7,0,[],10813.524721,"[""139"",""149"",""211"",""147"",""198"",""239"",""196"",""269"",""276"",""226"",""242"",""142""]",pred2,both,0,2,2025-05-10 18:29:04,"The year built was most important to me.  Then the living space.  after that, i counted on AI.  If their prediction was much higher, or lower than mine, i adjusted mine slightly, one way or the other",Yes,139,149,211,147,198,239,196,269,276,226,242,142,,,,,,,,,,,,,,,,,,,,,,,,,181,149,180,129,193,351,134,269,214,226,176,126
2025-05-10 18:10:08,2025-05-10 18:29:07,IP Address,100,1138,True,R_5lfR5VJpDmthQZ7,anonymous,EN,8505,6624a0a1b705816dc19c68cd,681fd8d4232ba9fe33d7ea48,681fdcb61fde5fd8e00d2d00,https://github.com/Guoziyang27/guoziyang27.github.io/tree/master/assets/csv,12,12,24,"[""903"",""1343"",""2846"",""1195"",""2797"",""109"",""1216"",""1501"",""1720"",""1418"",""867"",""1005""]","[36,37,38,39,40,41,42,43,44,45,46,47]",96612,3,"[7,17]",7,0,[],45829,"[""242"",""213"",""188"",""171"",""195"",""180"",""208"",""209"",""195"",""220"",""376"",""329""]",pred1,none,0,3,2025-05-10 18:29:08,"My main strategy was based on 3 areas. Car capacity in Garage, whether or not it had a fireplace and the year it was built. All of these areas would affect home value. 2 car garages were highly prized (in my opinion) as well as a more recently built house because the materials are better and longer lasting than something built in the 1920s (which might need a roof replacement or have foundation issues).",Yes,242,213,188,171,195,180,208,209,195,220,376,329,214,162,155,158,258,175,150,146,225,176,392,300,,,,,,,,,,,,,,,,,,,,,,,,
2025-05-10 18:10:55,2025-05-10 18:29:11,IP Address,100,1096,True,R_3MuLaF1w4UI5XKg,anonymous,EN,4616,67dddeb604cb0bf3883e7d99,681fd8d4232ba9fe33d7ea48,681fdcc4c7c8edc30445412b,https://github.com/Guoziyang27/guoziyang27.github.io/tree/master/assets/csv,12,12,24,"[""1197"",""562"",""99"",""590"",""1040"",""2515"",""2291"",""2369"",""1936"",""1453"",""200"",""29""]","[0,1,2,3,4,5,6,7,8,9,10,11]",346733.71478900005,3,"[7,17]",7,0,[],11136.524789,"[""392"",""460"",""304"",""416"",""266"",""267"",""218"",""138"",""201"",""220"",""139"",""211""]",pred2,both,0,0,2025-05-10 18:29:12,"I used a strategy whereby I had to put all things into consideration. I had to look at fireplaces available, year built, and also amount of cars it can hold. ",Yes,392,460,304,416,266,267,218,138,201,220,139,211,,,,,,,,,,,,,,,,,,,,,,,,,174,135,178,256,117,208,121,111,121,98,142,189
2025-05-10 18:10:09,2025-05-10 18:29:12,IP Address,100,1142,True,R_3coNr6S2ylD27Pa,anonymous,EN,9913,6562421abbbe0dc4b89ad4ff,681fd8d4232ba9fe33d7ea48,681fdcce0297747c31ed45d1,https://github.com/Guoziyang27/guoziyang27.github.io/tree/master/assets/csv,12,12,24,"[""1909"",""1565"",""1536"",""1180"",""2543"",""1564"",""2316"",""319"",""2780"",""2565"",""73"",""1967""]","[132,133,134,135,136,137,138,139,140,141,142,143]",233268.01,3,"[7,17]",7,0,[],16388.809999999998,"[""120"",""380"",""150"",""270"",""85"",""450"",""325"",""480"",""399"",""99"",""524"",""149""]",pred1,none,2,1,2025-05-10 18:29:13,I heavily took into consideration the AI predictions and took a guess first based on the year built and above grade living area then the car capacity. Since i didn't know what feature x and y were i really didn't factor them in.,Yes,120,380,150,270,85,450,325,480,399,99,524,149,119,349,149,269,129,249,199,299,229,108,249,159,,,,,,,,,,,,,,,,,,,,,,,,
2025-05-10 18:10:18,2025-05-10 18:29:29,IP Address,100,1150,True,R_5I9mQLLkpyX3Zhu,anonymous,EN,1111,650b03136ab3d4c832d98b71,681fd8d4232ba9fe33d7ea48,681fdc3d4e1d2d2b8ad84a50,https://github.com/Guoziyang27/guoziyang27.github.io/tree/master/assets/csv,12,12,24,"[""138"",""773"",""281"",""4"",""2434"",""1791"",""2535"",""944"",""2556"",""48"",""2384"",""192""]","[144,145,146,147,148,149,150,151,152,153,154,155]",46581.170099999996,4.27,"[7,17]",7,0,[],15788.3701,"[""236"",""87"",""87"",""310"",""310"",""384"",""161"",""87"",""87"",""458"",""310"",""161""]",pred2,shap,2,2,2025-05-10 18:29:29,I didn't really have a strategy I just used what I know about house prices from my area and how I have seen price changes happen over time. For the second round I just gave a number that was somewhere between my guess in the first round and the AI predication.,Yes,236,87,87,310,310,384,161,87,87,458,310,161,,,,,,,,,,,,,236,92,94,280,270,310,150,77,87,394,280,151,,,,,,,,,,,,
2025-05-10 18:14:21,2025-05-10 18:29:34,IP Address,100,912,True,R_3SBl37qZAWwxO5u,anonymous,EN,5201,62c5cdfe50000fce3e390be0,681fd8d4232ba9fe33d7ea48,681fdc3715f1e1714368ca22,https://github.com/Guoziyang27/guoziyang27.github.io/tree/master/assets/csv,12,12,24,"[""502"",""1090"",""809"",""2396"",""2554"",""1748"",""2717"",""1489"",""2513"",""2035"",""1518"",""2653""]","[48,49,50,51,52,53,54,55,56,57,58,59]",78823.785569,3,"[7,17]",7,0,[],41781.577569,"[""270"",""163"",""300"",""456"",""81"",""134"",""74"",""116"",""169"",""138"",""235"",""315""]",pred2,none,0,4,2025-05-10 18:29:35,The quantity of amenities such as fireplaces and the garage had a large influenced tied with the year helped me to guess most.,Yes,270,163,300,456,81,134,74,116,169,138,235,315,284,179,192,365,87,160,103,116,170,138,202,318,,,,,,,,,,,,,,,,,,,,,,,,
2025-05-10 18:11:25,2025-05-10 18:29:51,IP Address,100,1105,True,R_3HLjpZTh42S558z,anonymous,EN,5767,5db4f0b63e33f2000dd54016,681fd8d4232ba9fe33d7ea48,681fdcd30297747c31ed45d4,https://github.com/Guoziyang27/guoziyang27.github.io/tree/master/assets/csv,12,12,24,"[""926"",""621"",""2413"",""5"",""1585"",""856"",""2229"",""2906"",""1760"",""1150"",""1142"",""108""]","[168,169,170,171,172,173,174,175,176,177,178,179]",399363.460225,3,"[7,17]",7,0,[],17597.770225,"[""310"",""241"",""395"",""396"",""392"",""331"",""376"",""395"",""382"",""351"",""362"",""314""]",pred2,both,2,4,2025-05-10 18:29:51,"I live in an expensive urban area, which is why my initial estimates were high even after I adjusted them much lower mentally. I ranked the features to account for the size of the house, how new it was, and the capacity of the garage. I discounted the number of fireplaces because it didn't seem like an important feature to me. I saw that Feature X seemed to have a positive correlation with the size of the garage, but feature Y always stayed more or less the same and increased house price to account for Feature X values as positive. Since the AI didn't assign a value to either Feature X or Feature Y, I inflated my forecasts a little after taking AI's evaluation under consideration. ",Yes,310,241,395,396,392,331,376,395,382,351,362,314,,,,,,,,,,,,,,,,,,,,,,,,,252,188,212,220,215,141,212,235,223,144,223,160
2025-05-10 18:14:03,2025-05-10 18:29:58,IP Address,100,954,True,R_56nhz3VaVjGAw7l,anonymous,EN,1633,6789eb762a533726ccd17f6a,681fd8d4232ba9fe33d7ea48,681fddb7442b2174b1c7d27d,https://github.com/Guoziyang27/guoziyang27.github.io/tree/master/assets/csv,12,12,24,"[""611"",""197"",""2090"",""1571"",""2202"",""694"",""2588"",""1743"",""2157"",""2298"",""570"",""2147""]","[72,73,74,75,76,77,78,79,80,81,82,83]",19456.266900999995,5.16,"[7,17]",7,0,[],10735.430901,"[""195"",""180"",""181"",""173"",""123"",""133"",""132"",""212"",""200"",""159"",""217"",""212""]",pred2,shap,1,1,2025-05-10 18:29:58,absolute value of the difference between ai and my prediction / 2,Yes,195,180,181,173,123,133,132,212,200,159,217,212,,,,,,,,,,,,,181,170,201,199,117,127,134,230,166,141,217,215,,,,,,,,,,,,
2025-05-10 18:08:59,2025-05-10 18:29:59,IP Address,100,1259,True,R_3ji2An1neWVzxwl,anonymous,EN,7957,66ae97d65ed4e738b5b136d5,681fd8d4232ba9fe33d7ea48,681fdc86e0b8b8aef09a4849,https://github.com/Guoziyang27/guoziyang27.github.io/tree/master/assets/csv,12,12,24,"[""1777"",""2011"",""703"",""813"",""1409"",""959"",""2582"",""1232"",""2183"",""1039"",""2344"",""1993""]","[84,85,86,87,88,89,90,91,92,93,94,95]",36791.40993,4.44,"[7,17]",7,0,[],19335.26993,"[""225"",""210"",""200"",""210"",""195"",""241"",""180"",""219"",""193"",""240"",""175"",""195""]",pred2,both,1,2,2025-05-10 18:30:00,"To make my guesses, I started with the AI’s predicted price for the house, as it served as a solid starting point. I then looked at how each feature impacted the prediction, considering whether it increased or decreased the house's value. If the house had a larger living area or was newer, I would raise my guess, while features like no fireplaces or a smaller living area would make me lower it. Over time, I learned which features had the biggest impact and used that knowledge to adjust my guesses more confidently. For example, I noticed that newer homes and larger living spaces tended to lead to higher prices, so I would adjust my guesses upwards for those. I also paid attention to how certain features, like the number of fireplaces or the age of the house, influenced the price, allowing me to make more refined adjustments. Ultimately, my strategy was to balance the AI’s prediction with the feature impacts, learning from each trial to improve my guesses.",Yes,225,210,200,210,195,241,180,219,193,240,175,195,,,,,,,,,,,,,,,,,,,,,,,,,262,172,159,191,170,236,167,281,170,174,257,111
2025-05-10 18:08:03,2025-05-10 18:30:01,IP Address,100,1317,True,R_5wt535lDpCDPlsL,anonymous,EN,890,5b60fca8f5bc590001183cd7,681fd8d4232ba9fe33d7ea48,681fdc3cec81ec6b2c82f5e9,https://github.com/Guoziyang27/guoziyang27.github.io/tree/master/assets/csv,12,12,24,"[""1938"",""229"",""988"",""679"",""841"",""2641"",""1309"",""2639"",""2685"",""2604"",""969"",""593""]","[120,121,122,123,124,125,126,127,128,129,130,131]",103999.45999999999,3,"[7,17]",7,0,[],24862.46,"[""110"",""150"",""155"",""130"",""140"",""180"",""200"",""120"",""95"",""170"",""180"",""180""]",pred1,shap,2,0,2025-05-10 18:30:01,"I guessed based on the features, guessed what the house would be priced at today, then reduced to what I think it may have been in 2011. Estimated value based on the price, square footage, number of garage spaces of my house.",Yes,110,150,155,130,140,180,200,120,95,170,180,180,,,,,,,,,,,,,105,200,190,110,150,181,165,105,115,120,340,210,,,,,,,,,,,,
2025-05-10 18:07:55,2025-05-10 18:30:02,IP Address,100,1326,True,R_6jVMvnoElINhfoZ,anonymous,EN,9700,66094df25d9e0e035e535a71,681fd8d4232ba9fe33d7ea48,681fdc432b7859dacaa64b31,https://github.com/Guoziyang27/guoziyang27.github.io/tree/master/assets/csv,12,12,24,"[""1166"",""2080"",""11"",""261"",""1700"",""706"",""1457"",""18"",""2176"",""2733"",""1484"",""288""]","[204,205,206,207,208,209,210,211,212,213,214,215]",87918.485124,3,"[7,17]",7,0,[],54968.96512400001,"[""176"",""208"",""209"",""175"",""233"",""252"",""249"",""275"",""163"",""204"",""172"",""143""]",pred2,shap,3,2,2025-05-10 18:30:03,"I relied heavily on the living area and feature X, i used Ai predictions for reference, but adjusted my guess based on the size of the living area and the overall house features",Yes,176,208,209,175,233,252,249,275,163,204,172,143,,,,,,,,,,,,,176,144,208,151,256,147,249,280,163,204,168,105,,,,,,,,,,,,
2025-05-10 18:10:06,2025-05-10 18:30:25,IP Address,100,1218,True,R_5rPo20AF0bnFiQR,anonymous,EN,1392,67eae4ce34403db149dc2dd4,681fd8d4232ba9fe33d7ea48,681fdcc4b85c4d61a5a070e7,https://github.com/Guoziyang27/guoziyang27.github.io/tree/master/assets/csv,12,12,24,"[""1491"",""535"",""307"",""1353"",""2140"",""2199"",""881"",""1942"",""522"",""583"",""778"",""1160""]","[108,109,110,111,112,113,114,115,116,117,118,119]",123177.330933,3,"[7,17]",7,0,[],76371.70293300001,"[""285"",""356"",""120"",""150"",""175"",""106"",""301"",""180"",""301"",""261"",""171"",""352""]",pred1,shap,1,4,2025-05-10 18:30:26,"At first I start by ruling out the effect on the price by the year the house was built. Then I just judge the other factors with the same criteria, its effect on the price. And AI affirmed my decisions, because most of them were almost similar with the AI prediction. ",Yes,285,356,120,150,175,106,301,180,301,261,171,352,,,,,,,,,,,,,200,385,120,136,139,100,249,120,364,225,150,269,,,,,,,,,,,,
2025-05-10 18:18:24,2025-05-10 18:30:26,IP Address,100,722,True,R_1HnvfXVl2poj0zr,anonymous,EN,2758,67433b6e21271e2da703ee36,681fd8d4232ba9fe33d7ea48,681fdeb9f1824900217ee016,https://github.com/Guoziyang27/guoziyang27.github.io/tree/master/assets/csv,12,12,24,"[""903"",""1343"",""2846"",""1195"",""2797"",""109"",""1216"",""1501"",""1720"",""1418"",""867"",""1005""]","[36,37,38,39,40,41,42,43,44,45,46,47]",181274,3,"[7,17]",7,0,[],62619,"[""215"",""240"",""260"",""175"",""435"",""300"",""185"",""260"",""325"",""230"",""400"",""310""]",pred1,none,0,3,2025-05-10 18:30:27,"My primary focus began by looking at the total living area and year built.  The larger and newer the home the higher the market price.  In addition a newer home won't have nearly as much wear & tear.  Having a garage adds to that overall value so I looked at if it was present and the size.  I didn't put to much priority on fireplaces as there can always be alternative heat sources.  As the the features X & Y are complete unknowns it was difficult to factor them into my calculation.  As most of my guesses were much higher than the AI predictions, I looked at values in between both estimates. ",Yes,215,240,260,175,435,300,185,260,325,230,400,310,175,140,215,175,355,225,165,160,300,180,405,265,,,,,,,,,,,,,,,,,,,,,,,,
2025-05-10 18:21:09,2025-05-10 18:30:34,IP Address,100,564,True,R_6SJ5R4kLp2vbNuZ,anonymous,EN,1539,63483c4522d65d46028da7a7,681fd8d4232ba9fe33d7ea48,681fdebaf051746b4a66ade3,https://github.com/Guoziyang27/guoziyang27.github.io/tree/master/assets/csv,12,12,24,"[""830"",""2623"",""1959"",""2069"",""121"",""682"",""2018"",""1786"",""2136"",""1027"",""303"",""564""]","[156,157,158,159,160,161,162,163,164,165,166,167]",592791.093584,3,"[7,17]",7,0,[],28918.285583999997,"[""350"",""250"",""450"",""289"",""303"",""340"",""410"",""537"",""223"",""346"",""398"",""544""]",pred1,none,2,3,2025-05-10 18:30:36,I tried to rely on my current knowledge of real estate and what drives values higher. I then used a middle point between my guess and the ai projection.,Yes,350,250,450,289,303,340,410,537,223,346,398,544,208,155,153,206,160,175,185,255,188,247,169,308,,,,,,,,,,,,,,,,,,,,,,,,
2025-05-10 18:10:30,2025-05-10 18:30:35,IP Address,100,1205,True,R_7BPqWR6rUYaW6aZ,anonymous,EN,1739,55b3120cfdf99b6ef6263a71,681fd8d4232ba9fe33d7ea48,681fdce3d8bd2da4c30f964d,https://github.com/Guoziyang27/guoziyang27.github.io/tree/master/assets/csv,12,12,24,"[""502"",""1090"",""809"",""2396"",""2554"",""1748"",""2717"",""1489"",""2513"",""2035"",""1518"",""2653""]","[48,49,50,51,52,53,54,55,56,57,58,59]",86565.757569,3.33,"[7,17]",7,0,[],9632.709569,"[""129"",""108"",""122"",""138"",""99"",""135"",""124"",""117"",""150"",""85"",""129"",""100""]",pred2,none,0,4,2025-05-10 18:30:36,"I think maybe AI predictions made me self doubt myself a little too much. I considered the age of the house and the size. And I figured out that the higher the X and Y values were the lower the price was. So I used X and Y values to a great extent ",Yes,129,108,122,138,99,135,124,117,150,85,129,100,300,224,174,316,125,199,134,130,176,134,130,134,,,,,,,,,,,,,,,,,,,,,,,,
2025-05-10 18:14:43,2025-05-10 18:30:41,IP Address,100,957,True,R_3gBeHQyItcsh6Kw,anonymous,EN,1599,63614ad9841a7d16ad04512a,681fd8d4232ba9fe33d7ea48,681fdddd122ff2152da796dd,https://github.com/Guoziyang27/guoziyang27.github.io/tree/master/assets/csv,12,12,24,"[""830"",""2623"",""1959"",""2069"",""121"",""682"",""2018"",""1786"",""2136"",""1027"",""303"",""564""]","[156,157,158,159,160,161,162,163,164,165,166,167]",14787.181584000002,5.36,"[7,17]",7,0,[],8110.093584000001,"[""153"",""120"",""180"",""125"",""110"",""120"",""166"",""189"",""130"",""110"",""77"",""231""]",pred1,shap,2,3,2025-05-10 18:30:42,I searched for homes during that timeframe and the price per square footage and type off house from that area even now remains as my baseline for what homes should actually be worth before inflation. During the second round I would sometimes let the AI influence me to move my choice between mine and the AI.,Yes,153,120,180,125,110,120,166,189,130,110,77,231,,,,,,,,,,,,,176,115,170,126,128,120,116,212,130,120,71,231,,,,,,,,,,,,
2025-05-10 18:09:15,2025-05-10 18:30:45,IP Address,100,1289,True,R_5KJxdmm5nZDtsNr,anonymous,EN,4849,639dd20ab47fd76a4fd9c2c0,681fd8d4232ba9fe33d7ea48,681fdc873589eba087663323,https://github.com/Guoziyang27/guoziyang27.github.io/tree/master/assets/csv,12,12,24,"[""2426"",""234"",""2054"",""1679"",""2400"",""1179"",""228"",""2120"",""2697"",""1514"",""2596"",""1037""]","[96,97,98,99,100,101,102,103,104,105,106,107]",49737.937600000005,4.22,"[7,17]",7,0,[],14462.337599999997,"[""111"",""158"",""123"",""166"",""210"",""235"",""232"",""183"",""115"",""149"",""104"",""123""]",pred1,shap,1,3,2025-05-10 18:30:47,"I tried to figure out x and y to the first house prices and used those numbers the higher they were the more expensive the houses. ",Yes,111,158,123,166,210,235,232,183,115,149,104,123,,,,,,,,,,,,,196,172,127,138,306,263,200,168,120,121,103,123,,,,,,,,,,,,
2025-05-10 18:15:57,2025-05-10 18:30:52,IP Address,100,895,True,R_3rDP5XelZSb7UaJ,anonymous,EN,5728,631c8e97db06f601f81bd82f,681fd8d4232ba9fe33d7ea48,681fddb3de07f0cfecfaed86,https://github.com/Guoziyang27/guoziyang27.github.io/tree/master/assets/csv,12,12,24,"[""1909"",""1565"",""1536"",""1180"",""2543"",""1564"",""2316"",""319"",""2780"",""2565"",""73"",""1967""]","[132,133,134,135,136,137,138,139,140,141,142,143]",25500.809999999998,4.93,"[7,17]",7,0,[],13175.009999999998,"[""148"",""267"",""152"",""184"",""179"",""210"",""215"",""213"",""231"",""138"",""256"",""214""]",pred2,none,2,1,2025-05-10 18:30:53,"I mostly went with what I thought made the most sense. I considered it as how much I would be willing to pay for these homes, and gave it a median average between my answer and the AI provided answer.",Yes,148,267,152,184,179,210,215,213,231,138,256,214,140,291,127,183,160,237,208,284,231,112,232,208,,,,,,,,,,,,,,,,,,,,,,,,
2025-05-10 18:15:01,2025-05-10 18:30:54,IP Address,100,953,True,R_7mQKsoICWEFqMDc,anonymous,EN,5444,600e13b23c75bc67ab184745,681fd8d4232ba9fe33d7ea48,681fdc8ab0ca3ec8d695bc27,https://github.com/Guoziyang27/guoziyang27.github.io/tree/master/assets/csv,12,12,24,"[""217"",""775"",""974"",""1306"",""397"",""2450"",""416"",""383"",""1444"",""655"",""1074"",""1767""]","[60,61,62,63,64,65,66,67,68,69,70,71]",33483.97,4.53,"[7,17]",7,0,[],19306.97,"[""189"",""140"",""146"",""174"",""168"",""276"",""179"",""191"",""194"",""116"",""180"",""240""]",pred2,shap,1,0,2025-05-10 18:30:55,"I took the average housing price that was given in the table at the beginning of the survey, which was 160k. I then made an assumption that the average house was between 1000 and 1500 sq ft, and any sq footage above that would increase the price. I also took into account whether or not it had a garage, and of course if the house was newer, that would increase the price as well.",Yes,189,140,146,174,168,276,179,191,194,116,180,240,,,,,,,,,,,,,169,138,139,153,150,295,174,189,210,113,207,275,,,,,,,,,,,,
2025-05-10 18:10:11,2025-05-10 18:30:58,IP Address,100,1247,True,R_5S3CgVOf2wb818J,anonymous,EN,6977,5d22526f851927001e3a515a,681fd8d4232ba9fe33d7ea48,681fdcbd936ca6cdbe1ab86f,https://github.com/Guoziyang27/guoziyang27.github.io/tree/master/assets/csv,12,12,24,"[""95"",""2712"",""2847"",""1508"",""2111"",""1069"",""2915"",""2429"",""1646"",""453"",""196"",""2019""]","[24,25,26,27,28,29,30,31,32,33,34,35]",1153205.2427210002,3,"[7,17]",7,0,[],600619.7247210001,"[""510"",""392"",""385"",""320"",""502"",""650"",""425"",""550"",""581"",""460"",""570"",""390""]",pred1,none,0,2,2025-05-10 18:30:59,"WHere I live prices are high. I love to look at houses online and in person.. Square footage is most important and year build, condition of house. ",Yes,510,392,385,320,502,650,425,550,581,460,570,390,430,345,300,225,325,600,300,469,474,425,455,351,,,,,,,,,,,,,,,,,,,,,,,,
2025-05-10 18:08:37,2025-05-10 18:31:01,IP Address,100,1343,True,R_5iQNl05rzwp27w3,anonymous,EN,4233,67e436873d103045f4098a1a,681fd8d4232ba9fe33d7ea48,681fdc6058725a2239014f20,https://github.com/Guoziyang27/guoziyang27.github.io/tree/master/assets/csv,12,12,24,"[""1737"",""2854"",""1659"",""1148"",""2254"",""1755"",""680"",""2100"",""2734"",""2122"",""1726"",""1962""]","[228,229,230,231,232,233,234,235,236,237,238,239]",644658.542856,3,"[7,17]",7,0,[],297597.702856,"[""370"",""450"",""500"",""470"",""250"",""550"",""450"",""600"",""300"",""310"",""350"",""220""]",pred1,none,3,4,2025-05-10 18:31:01,I used a combination of the typical market conditions and a little knowledge on real estate to determine reasonable estimate prices of the properties. I mostly used the above grade living area to estimate the prices because it is the most significant factor in determining a home's value.,Yes,370,450,500,470,250,550,450,600,300,310,350,220,250,400,350,400,250,450,300,500,290,300,300,220,,,,,,,,,,,,,,,,,,,,,,,,
2025-05-10 18:11:04,2025-05-10 18:31:02,IP Address,100,1198,True,R_3cdRsALVpfvsLBd,anonymous,EN,2338,672adb2909ca72744f212a7d,681fd8d4232ba9fe33d7ea48,681fdd04f63ede5aa4931fa0,https://github.com/Guoziyang27/guoziyang27.github.io/tree/master/assets/csv,12,12,24,"[""1491"",""535"",""307"",""1353"",""2140"",""2199"",""881"",""1942"",""522"",""583"",""778"",""1160""]","[108,109,110,111,112,113,114,115,116,117,118,119]",66290.97493299999,3.65,"[7,17]",7,0,[],18456.016933,"[""109"",""143"",""106"",""118"",""106"",""112"",""150"",""106"",""161"",""125"",""118"",""130""]",pred1,none,1,4,2025-05-10 18:31:03,"I  leaned heavily on square footage and the year built.  It was hard to factor the x and y variables and i think thats where AI would likely shine in the evaluations. I tended to underestimate almost all of the prices compared to the AI. I also rounded up and split the difference between the two estimates. I assumed the AI was probably making better estimates than I had. ",Yes,109,143,106,118,106,112,150,106,161,125,118,130,138,160,115,120,118,111,166,106,300,163,133,150,,,,,,,,,,,,,,,,,,,,,,,,
2025-05-10 18:08:21,2025-05-10 18:31:06,IP Address,100,1364,True,R_5A13atXkJSggw8x,anonymous,EN,5783,66d4ec992f559095b16e43d3,681fd8d4232ba9fe33d7ea48,681fdc47544ba1dcc7a74765,https://github.com/Guoziyang27/guoziyang27.github.io/tree/master/assets/csv,12,12,24,"[""2799"",""2197"",""1903"",""935"",""367"",""1830"",""1218"",""1996"",""1857"",""1420"",""1178"",""111""]","[12,13,14,15,16,17,18,19,20,21,22,23]",114363.694569,3,"[7,17]",7,0,[],77651.62456899999,"[""200"",""191"",""150"",""140"",""195"",""136"",""170"",""135"",""174"",""340"",""305"",""221""]",pred2,shap,0,1,2025-05-10 18:31:07,"Square footage was the most important aspect. I used the examples to get a general idea of what different sized houses cost. Then I remove or add to that price depending on year, car capacity, and fireplaces. Feature X and Y seemed to both add value so I would again add or subtract depending on how far these were lower or high than the closest sized example. In the second round I saw the AI was not making predictions based on X and Y, so I decided if one or both were higher or lower than the closest example property based on square footage I would adjust my predicted price up or down towards the AI price. ",Yes,200,191,150,140,195,136,170,135,174,340,305,221,,,,,,,,,,,,,217,180,100,140,250,140,160,145,160,330,296,199,,,,,,,,,,,,
2025-05-10 18:17:42,2025-05-10 18:31:08,IP Address,100,806,True,R_6PgNmJqPAnmgXkW,anonymous,EN,1200,5a9c8551f053610001720820,681fd8d4232ba9fe33d7ea48,681fdcbbfde759ea416d7b3d,https://github.com/Guoziyang27/guoziyang27.github.io/tree/master/assets/csv,12,12,24,"[""172"",""1352"",""46"",""675"",""544"",""980"",""1655"",""2813"",""2445"",""2094"",""1954"",""2350""]","[192,193,194,195,196,197,198,199,200,201,202,203]",244016.4725,3,"[7,17]",7,0,[],10707.2725,"[""139"",""270"",""156"",""157"",""560"",""129"",""154"",""159"",""496"",""509"",""97"",""206""]",pred2,shap,3,1,2025-05-10 18:31:09,Square footage and year built provide the most valuable living conditions. A new small house or an ancient large house will have significant downsides. Cars are always valuable. I assume feature X and Y to be some type of land which can add long term value. Fireplaces doesn't really seem significant. I split the difference between AI and my choices unless the difference was significant then I leaned toward AI with bias.,Yes,139,270,156,157,560,129,154,159,496,509,97,206,,,,,,,,,,,,,109,193,228,148,270,118,160,175,313,301,111,197,,,,,,,,,,,,
2025-05-10 18:10:27,2025-05-10 18:31:11,IP Address,100,1243,True,R_3GqP0k8KC0XlEfn,anonymous,EN,4551,67e1b5d6ac40666483762edd,681fd8d4232ba9fe33d7ea48,681fdcd2eeea2bb532e7103f,https://github.com/Guoziyang27/guoziyang27.github.io/tree/master/assets/csv,12,12,24,"[""903"",""1343"",""2846"",""1195"",""2797"",""109"",""1216"",""1501"",""1720"",""1418"",""867"",""1005""]","[36,37,38,39,40,41,42,43,44,45,46,47]",42244,4.23,"[7,17]",7,0,[],21553,"[""151"",""153"",""37"",""176"",""180"",""182"",""166"",""88"",""200"",""77"",""206"",""190""]",pred1,none,0,3,2025-05-10 18:31:11,"I considered the year built to be very important in my prediction, because, in real estate, depreciation is expected to occur over time, significantly reducing the value of the building if it was built long time ago. Also other things like, garage capacity was also considered and the more the capacity of the spaces to accommodate vehicles, the higher the value attached. Other features were not significantly influencial in the predictions.",Yes,151,153,37,176,180,182,166,88,200,77,206,190,145,90,41,161,220,171,140,90,211,100,301,195,,,,,,,,,,,,,,,,,,,,,,,,
2025-05-10 18:11:05,2025-05-10 18:31:13,IP Address,100,1208,True,R_6EupMgU1gnChs2J,anonymous,EN,6256,62162ab583fc823e78c025e2,681fd8d4232ba9fe33d7ea48,681fdcef16123d83be63a135,https://github.com/Guoziyang27/guoziyang27.github.io/tree/master/assets/csv,12,12,24,"[""830"",""2623"",""1959"",""2069"",""121"",""682"",""2018"",""1786"",""2136"",""1027"",""303"",""564""]","[156,157,158,159,160,161,162,163,164,165,166,167]",9941.701583999999,5.69,"[7,17]",7,0,[],1209.2935839999998,"[""181"",""116"",""123"",""141"",""144"",""149"",""212"",""269"",""181"",""189"",""93"",""292""]",pred2,none,2,3,2025-05-10 18:31:14,I looked mainly at year and square footage. I saw what the general price range was in the description. Then I did a little adjusting based on AI. I did more significant adjustments on the few where we were much further apart.,Yes,181,116,123,141,144,149,212,269,181,189,93,292,181,116,144,143,143,135,121,262,149,144,88,287,,,,,,,,,,,,,,,,,,,,,,,,
2025-05-10 18:07:52,2025-05-10 18:31:18,IP Address,100,1405,True,R_1oSCezqj3VDOfF1,anonymous,EN,449,63474e67a5fd298c6103c409,681fd8d4232ba9fe33d7ea48,681fdc3e1033fcc06f959e76,https://github.com/Guoziyang27/guoziyang27.github.io/tree/master/assets/csv,12,12,24,"[""903"",""1343"",""2846"",""1195"",""2797"",""109"",""1216"",""1501"",""1720"",""1418"",""867"",""1005""]","[36,37,38,39,40,41,42,43,44,45,46,47]",41462,4.23,"[7,17]",7,0,[],22103,"[""140"",""180"",""135"",""150"",""294"",""166"",""121"",""178"",""231"",""179"",""440"",""216""]",pred1,shap,0,3,2025-05-10 18:31:19,"I based my price guesses on a house's age, fireplaces, garage size, living area, and the values of Feature X and Feature Y. Newer homes, larger garages, and more living space usually mean a higher price.  I changed my prediction closer to the AI because I felt it would be more accurate",Yes,140,180,135,150,294,166,121,178,231,179,440,216,,,,,,,,,,,,,145,168,131,150,287,162,139,93,242,148,423,201,,,,,,,,,,,,
2025-05-10 18:10:37,2025-05-10 18:31:20,IP Address,100,1242,True,R_3tR90zxG8vuqrF7,anonymous,EN,3918,67e5969d6dc49d614db50593,681fd8d4232ba9fe33d7ea48,681fdcd7aefd6f43fa00e6ae,https://github.com/Guoziyang27/guoziyang27.github.io/tree/master/assets/csv,12,12,24,"[""172"",""1352"",""46"",""675"",""544"",""980"",""1655"",""2813"",""2445"",""2094"",""1954"",""2350""]","[192,193,194,195,196,197,198,199,200,201,202,203]",24111.2725,4.94,"[7,17]",7,0,[],14182.7725,"[""122"",""170"",""180"",""190"",""290"",""150"",""220"",""185"",""250"",""230"",""170"",""200""]",pred1,shap,3,1,2025-05-10 18:31:20,I considered the year built and above grade area which to me highly prefer.,Yes,122,170,180,190,290,150,200,185,250,230,170,200,,,,,,,,,,,,,110,170,181,150,300,100,185,180,275,240,165,200,,,,,,,,,,,,
2025-05-10 18:10:06,2025-05-10 18:31:22,IP Address,100,1276,True,R_7YPOdClnVNRaD4N,anonymous,EN,8890,67d6ffe7dad4354b208e186d,681fd8d4232ba9fe33d7ea48,681fdcc2694ce35ca6306eec,https://github.com/Guoziyang27/guoziyang27.github.io/tree/master/assets/csv,12,12,24,"[""611"",""197"",""2090"",""1571"",""2202"",""694"",""2588"",""1743"",""2157"",""2298"",""570"",""2147""]","[72,73,74,75,76,77,78,79,80,81,82,83]",127829.34690100001,3,"[7,17]",7,0,[],24395.614901,"[""270"",""228"",""291"",""223"",""191"",""160"",""203"",""372"",""259"",""183"",""403"",""247""]",pred1,both,1,1,2025-05-10 18:31:23,"I was looking at years and compare with existing features. More especially when looking at the ai responses I will mark on years as well the expected accuracy levels and the errors expected. This getting my estimated measures as the ai is not as well 100% correct. ",Yes,270,228,291,223,191,160,203,372,259,183,403,247,,,,,,,,,,,,,,,,,,,,,,,,,209,160,215,218,175,155,189,288,184,138,252,233
2025-05-10 18:14:47,2025-05-10 18:31:25,IP Address,100,998,True,R_7MEUG4vNRTiBESY,anonymous,EN,6185,67db5618164a0fc0678e84d6,681fd8d4232ba9fe33d7ea48,681fdde27e67e0556243d3ac,https://github.com/Guoziyang27/guoziyang27.github.io/tree/master/assets/csv,12,12,24,"[""830"",""2623"",""1959"",""2069"",""121"",""682"",""2018"",""1786"",""2136"",""1027"",""303"",""564""]","[156,157,158,159,160,161,162,163,164,165,166,167]",1656296.3495840002,3,"[7,17]",7,0,[],2302449.925584,"[""553"",""538"",""612"",""549"",""517"",""518"",""392"",""461"",""488"",""370"",""675"",""540""]",pred1,none,2,3,2025-05-10 18:31:27,"I first carefully reviewed the individual features of the house (e.g., number of bedrooms, bathrooms, square footage, location, year built, amenities like garage or pool). These directly influence the property's value and appeal.",Yes,553,538,612,549,517,518,392,461,488,370,675,540,578,620,525,584,640,608,605,590,638,569,594,590,,,,,,,,,,,,,,,,,,,,,,,,
2025-05-10 18:11:55,2025-05-10 18:31:35,IP Address,100,1179,True,R_3FwUm4bYuJIkFZI,anonymous,EN,435,66f578343a3ef5afed111fb9,681fd8d4232ba9fe33d7ea48,681fdcd82ac1d23c23a2f216,https://github.com/Guoziyang27/guoziyang27.github.io/tree/master/assets/csv,12,12,24,"[""926"",""621"",""2413"",""5"",""1585"",""856"",""2229"",""2906"",""1760"",""1150"",""1142"",""108""]","[168,169,170,171,172,173,174,175,176,177,178,179]",87287.95022500001,3.51,"[7,17]",7,0,[],2412.8102249999997,"[""185"",""82"",""138"",""92"",""115"",""69"",""104"",""86"",""108"",""38"",""94"",""61""]",pred1,none,2,4,2025-05-10 18:31:35,"At first I guessed on my own based on the year and size of the house. Afterwards, I changed my guesses based on the AI's predictions.",Yes,185,82,138,92,115,69,104,86,108,38,94,61,185,150,180,180,161,150,206,174,185,142,192,220,,,,,,,,,,,,,,,,,,,,,,,,
2025-05-10 18:11:41,2025-05-10 18:31:48,IP Address,100,1207,True,R_6GwbmoHYQbxqPvT,anonymous,EN,3213,67d981d96654700291d406af,681fd8d4232ba9fe33d7ea48,681fdd2386d4bd8eda97a8fa,https://github.com/Guoziyang27/guoziyang27.github.io/tree/master/assets/csv,12,12,24,"[""217"",""775"",""974"",""1306"",""397"",""2450"",""416"",""383"",""1444"",""655"",""1074"",""1767""]","[60,61,62,63,64,65,66,67,68,69,70,71]",17658.77,5.29,"[7,17]",7,0,[],7876.77,"[""184"",""145"",""135"",""130"",""131"",""285"",""175"",""220"",""235"",""150"",""240"",""266""]",pred1,both,1,0,2025-05-10 18:31:49,"For round one, I placed price guesses based on common sense: bigger living area, newer house, additional garage space, and fireplaces meant higher prices. For the unknown features X and Y, I conservatively estimated their higher values meant moderately higher prices.

In the second round, I used the AI's predictions and how it said each feature changed its guess. I learned that low Feature Y and sometimes high Feature X lowered the price, while high Feature Y and low Feature X raised it. Surprisingly, the AI often thought more garage space and fireplaces lowered the price, so I adjusted my guesses based on these new AI insights.",Yes,184,145,135,130,131,285,175,220,235,150,240,266,,,,,,,,,,,,,,,,,,,,,,,,,125,140,105,95,125,300,168,155,225,100,305,262
2025-05-10 18:07:38,2025-05-10 18:31:49,IP Address,100,1450,True,R_14gFjsQKE5GaJOh,anonymous,EN,6073,66003d4027f04e51b0dc377f,681fd8d4232ba9fe33d7ea48,681fdc37e803da9cec616062,https://github.com/Guoziyang27/guoziyang27.github.io/tree/master/assets/csv,12,12,24,"[""1491"",""535"",""307"",""1353"",""2140"",""2199"",""881"",""1942"",""522"",""583"",""778"",""1160""]","[108,109,110,111,112,113,114,115,116,117,118,119]",59583.536932999996,3.74,"[7,17]",7,0,[],21659.912933,"[""200"",""161"",""175"",""102"",""125"",""107"",""200"",""176"",""270"",""301"",""230"",""265""]",pred2,shap,1,4,2025-05-10 18:31:49,I just used the factors I was given and made an educated guess from there.,Yes,200,161,175,102,125,107,200,176,270,301,230,265,,,,,,,,,,,,,151,165,125,140,125,114,196,111,299,290,170,170,,,,,,,,,,,,
2025-05-10 18:14:07,2025-05-10 18:31:48,IP Address,100,1061,True,R_32mo32tG70wBigW,anonymous,EN,7655,67cb6aa625a475b2518906c5,681fd8d4232ba9fe33d7ea48,681fdc4fe0b8b8aef09a4844,https://github.com/Guoziyang27/guoziyang27.github.io/tree/master/assets/csv,12,12,24,"[""217"",""775"",""974"",""1306"",""397"",""2450"",""416"",""383"",""1444"",""655"",""1074"",""1767""]","[60,61,62,63,64,65,66,67,68,69,70,71]",662415.1699999999,3,"[7,17]",7,0,[],49791.56999999999,"[""251"",""400"",""220"",""191"",""353"",""501"",""465"",""455"",""604"",""232"",""625"",""400""]",pred2,shap,1,0,2025-05-10 18:31:50,I considered the year built and how much more those houses will worth in today's market. I gave it little higher guess because I believed the AI can get some things wrong,Yes,251,400,220,191,353,501,465,455,604,232,625,400,,,,,,,,,,,,,203,154,152,109,160,402,199,229,300,115,335,400,,,,,,,,,,,,
2025-05-10 18:10:09,2025-05-10 18:31:56,IP Address,100,1306,True,R_3CCS3mLPiQV29Px,anonymous,EN,2148,64a2be5c2053c3002cf8bbfc,681fd8d4232ba9fe33d7ea48,681fdcc195b2d448d60fc736,https://github.com/Guoziyang27/guoziyang27.github.io/tree/master/assets/csv,12,12,24,"[""903"",""1343"",""2846"",""1195"",""2797"",""109"",""1216"",""1501"",""1720"",""1418"",""867"",""1005""]","[36,37,38,39,40,41,42,43,44,45,46,47]",157730,3,"[7,17]",7,0,[],6302,"[""245"",""266"",""475"",""140"",""217"",""157"",""141"",""185"",""261"",""140"",""285"",""202""]",pred2,both,0,3,2025-05-10 18:31:58,"I used the guide provided and compared the year, the square foot of the home , whether or not it had a fire place or garage .  The after seeing AI , I adjusted a little accordingly to try to come up with the best and closest price of the home.",Yes,245,266,475,140,217,157,141,185,261,140,285,202,,,,,,,,,,,,,,,,,,,,,,,,,123,114,131,132,271,157,135,121,246,126,300,203
2025-05-10 18:09:16,2025-05-10 18:32:00,IP Address,100,1364,True,R_6QrpkPhRioJmeFD,anonymous,EN,1211,67f049317779f9393f8b4dda,681fd8d4232ba9fe33d7ea48,681fdc87b5b8ed2a76f248e9,https://github.com/Guoziyang27/guoziyang27.github.io/tree/master/assets/csv,12,12,24,"[""138"",""773"",""281"",""4"",""2434"",""1791"",""2535"",""944"",""2556"",""48"",""2384"",""192""]","[144,145,146,147,148,149,150,151,152,153,154,155]",51256.3701,4.11,"[7,17]",7,0,[],16840.2701,"[""140"",""110"",""115"",""120"",""220"",""215"",""135"",""20"",""18"",""220"",""240"",""180""]",pred1,shap,2,2,2025-05-10 18:32:01,"The older the house, the cheaper it is.",Yes,140,110,115,120,220,215,135,20,18,220,240,180,,,,,,,,,,,,,140,115,110,220,215,240,180,85,95,285,215,150,,,,,,,,,,,,
2025-05-10 18:10:32,2025-05-10 18:32:13,IP Address,100,1300,True,R_5ciM5r1dkD8C71a,anonymous,EN,2576,6676fab6295042ff191ead64,681fd8d4232ba9fe33d7ea48,681fdc92d3acec9e01f7d78a,https://github.com/Guoziyang27/guoziyang27.github.io/tree/master/assets/csv,12,12,24,"[""502"",""1090"",""809"",""2396"",""2554"",""1748"",""2717"",""1489"",""2513"",""2035"",""1518"",""2653""]","[48,49,50,51,52,53,54,55,56,57,58,59]",15840.925569,5.29,"[7,17]",7,0,[],9632.317569,"[""245"",""230"",""190"",""260"",""140"",""195"",""170"",""150"",""170"",""175"",""160"",""160""]",pred2,both,0,4,2025-05-10 18:32:13,"I basically took the average of my prediction and the AI predictions. For the stage without AI predictions, I compared each feature to the summary statistics to make my prediction.",Yes,245,230,190,260,140,195,170,150,170,175,160,160,,,,,,,,,,,,,,,,,,,,,,,,,300,227,182,290,130,196,160,142,172,150,170,146
2025-05-10 18:20:58,2025-05-10 18:32:16,IP Address,100,677,True,R_3ohuw9myYtJ5Khj,anonymous,EN,5437,63e7f2a754618d35c2b61ba5,681fd8d4232ba9fe33d7ea48,681fdf523fdee27b754eadc7,https://github.com/Guoziyang27/guoziyang27.github.io/tree/master/assets/csv,12,12,24,"[""172"",""1352"",""46"",""675"",""544"",""980"",""1655"",""2813"",""2445"",""2094"",""1954"",""2350""]","[192,193,194,195,196,197,198,199,200,201,202,203]",269052.3725,3,"[7,17]",7,0,[],8604.7725,"[""276"",""244"",""299"",""354"",""385"",""202"",""337"",""294"",""402"",""483"",""182"",""386""]",pred2,none,3,1,2025-05-10 18:32:17,i looked for things which denote higher income houses in my opinion and that is the number of cars possible to be stored and the amount of firepleces. then i would consider x and y as well as sq footage for living space. i figured the A! was better qualified then me so my final guesses were closer to the AI predictyion then mine which were all very high,Yes,276,244,299,354,385,202,337,294,402,483,182,386,97,173,240,144,250,112,165,198,302,299,121,195,,,,,,,,,,,,,,,,,,,,,,,,
2025-05-10 18:15:14,2025-05-10 18:32:19,IP Address,100,1024,True,R_71iEq3MvscnzIzc,anonymous,EN,130,67faf61829e07433820ec62d,681fd8d4232ba9fe33d7ea48,681fddba798dbbefd0d5f6dc,https://github.com/Guoziyang27/guoziyang27.github.io/tree/master/assets/csv,12,12,24,"[""502"",""1090"",""809"",""2396"",""2554"",""1748"",""2717"",""1489"",""2513"",""2035"",""1518"",""2653""]","[48,49,50,51,52,53,54,55,56,57,58,59]",79394.675569,3.16,"[7,17]",7,0,[],22718.141569,"[""225"",""202"",""315"",""275"",""230"",""199"",""260"",""150"",""230"",""248"",""243"",""215""]",pred2,none,0,4,2025-05-10 18:32:20,"Large leaving area ment large space hence large house hence big price,presence of garage and year buit also indates space and desighn of the house",Yes,225,202,315,275,230,199,260,150,230,248,243,215,353,216,206,307,143,199,201,144,201,195,205,163,,,,,,,,,,,,,,,,,,,,,,,,
2025-05-10 18:10:03,2025-05-10 18:32:24,IP Address,100,1341,True,R_5g1TvTjMI2hprBs,anonymous,EN,8243,67d1a4ff5d3cfa8ec4ff38fb,681fd8d4232ba9fe33d7ea48,681fdcc1ce3700ce36c705e1,https://github.com/Guoziyang27/guoziyang27.github.io/tree/master/assets/csv,12,12,24,"[""322"",""1308"",""2166"",""298"",""2825"",""2257"",""1590"",""1608"",""2226"",""429"",""2572"",""1416""]","[180,181,182,183,184,185,186,187,188,189,190,191]",558007.83385,3,"[7,17]",7,0,[],180270.43385,"[""390"",""600"",""236"",""335"",""610"",""384"",""236"",""236"",""310"",""700"",""161"",""150""]",pred2,shap,3,0,2025-05-10 18:32:25,I used the knowldge and I revisited the instructions to estimate the range,Yes,390,600,236,335,610,384,236,236,310,700,161,150,,,,,,,,,,,,,360,201,236,335,384,193,200,236,310,600,161,116,,,,,,,,,,,,
2025-05-10 18:21:23,2025-05-10 18:32:36,IP Address,100,673,True,R_1tl1eDugWInIJnX,anonymous,EN,4353,671860c903af514aabbacdc0,681fd8d4232ba9fe33d7ea48,681fdf3b3d4166003e3be198,https://github.com/Guoziyang27/guoziyang27.github.io/tree/master/assets/csv,12,12,24,"[""1777"",""2011"",""703"",""813"",""1409"",""959"",""2582"",""1232"",""2183"",""1039"",""2344"",""1993""]","[84,85,86,87,88,89,90,91,92,93,94,95]",96624.00792999999,3,"[7,17]",7,0,[],13409.289929999997,"[""290"",""220"",""230"",""322"",""250"",""290"",""180"",""270"",""200"",""216"",""350"",""198""]",pred2,shap,1,2,2025-05-10 18:32:37,"I heavily relied upon square footage of the house and the year it was built. I believe Feature X is desireable so ranked that a bit above the fireplace. I believe AI was low on it's prediciton, so in the 2nd round, went a bit in-between but closer to the AI model and always on the higher side.",Yes,290,220,230,322,250,290,180,270,200,216,350,198,,,,,,,,,,,,,285,155,160,210,200,250,170,200,160,190,290,120,,,,,,,,,,,,
2025-05-10 18:08:12,2025-05-10 18:32:37,IP Address,100,1465,True,R_5eyN6TyWAWblyHD,anonymous,EN,6261,67dbbdb452081ea930c8ab17,681fd8d4232ba9fe33d7ea48,681fdc5896d980a602006e4a,https://github.com/Guoziyang27/guoziyang27.github.io/tree/master/assets/csv,12,12,24,"[""1491"",""535"",""307"",""1353"",""2140"",""2199"",""881"",""1942"",""522"",""583"",""778"",""1160""]","[108,109,110,111,112,113,114,115,116,117,118,119]",57104.936933,4.1,"[7,17]",7,0,[],11265.802932999999,"[""177"",""158"",""171"",""197"",""153"",""185"",""173"",""188"",""194"",""222"",""187"",""181""]",pred2,both,1,4,2025-05-10 18:32:38,"I thought back from the information given and used that as a guide, and with the AI i had to adjust accordingly",Yes,177,158,171,197,153,185,173,188,194,222,187,181,,,,,,,,,,,,,,,,,,,,,,,,,155,160,124,143,125,141,194,88,315,218,173,178
2025-05-10 18:10:36,2025-05-10 18:32:53,IP Address,100,1336,True,R_7YaHSVyd2NsTuOY,anonymous,EN,7625,6646d66dff946ef256719adf,681fd8d4232ba9fe33d7ea48,681fdcd8b8de7ddfbdbd549c,https://github.com/Guoziyang27/guoziyang27.github.io/tree/master/assets/csv,12,12,24,"[""172"",""1352"",""46"",""675"",""544"",""980"",""1655"",""2813"",""2445"",""2094"",""1954"",""2350""]","[192,193,194,195,196,197,198,199,200,201,202,203]",211319.0725,3,"[7,17]",7,0,[],7387.9725,"[""219"",""250"",""349"",""239"",""399"",""219"",""236"",""396"",""429"",""448"",""206"",""295""]",pred1,both,3,1,2025-05-10 18:32:53,"I always went higher in the first round.  In the second round, I looked at what the AI and I put.  I went slightly above the AI each time.",Yes,219,250,349,239,399,219,236,396,429,448,206,295,,,,,,,,,,,,,,,,,,,,,,,,,129,179,229,169,229,115,189,199,285,250,131,165
2025-05-10 18:09:56,2025-05-10 18:33:06,IP Address,100,1389,True,R_3J3ZP8AY3gc9l3n,anonymous,EN,6410,62d43cee3d60ac98c1dcacc8,681fd8d4232ba9fe33d7ea48,681fdcbefa0fc3d0e0d4ef84,https://github.com/Guoziyang27/guoziyang27.github.io/tree/master/assets/csv,12,12,24,"[""1938"",""229"",""988"",""679"",""841"",""2641"",""1309"",""2639"",""2685"",""2604"",""969"",""593""]","[120,121,122,123,124,125,126,127,128,129,130,131]",451494.46,3,"[7,17]",7,0,[],23846.46,"[""130"",""170"",""200"",""225"",""140"",""150"",""700"",""145"",""250"",""200"",""150"",""160""]",pred1,none,2,0,2025-05-10 18:33:07,The strategy that I used when making my guesses was by using my own intuition when looking at the various features that each house has. I guessed the value of each house that I looked at by looking at the instructions and then basing my guesses on what I thought looked similar for each house that I looked at compared to the features and prices of the houses that I viewed in the instructions. I came up with a guess based on the features and the AI predictions by using my own intuition after being shown what the AI had predicted for the price points of each house and then adjusting the price to what I thought would be good guesses to make for each house based on the predictions that the AI gave me for each house.,Yes,130,170,200,225,140,150,700,145,250,200,150,160,100,200,190,125,150,175,160,100,125,105,350,225,,,,,,,,,,,,,,,,,,,,,,,,
2025-05-10 18:09:09,2025-05-10 18:33:09,IP Address,100,1439,True,R_3e3z0u4wuDsf9iT,anonymous,EN,9513,67ba6db5e3ccb0154022d04f,681fd8d4232ba9fe33d7ea48,681fdc8c7e67e0556243d39e,https://github.com/Guoziyang27/guoziyang27.github.io/tree/master/assets/csv,12,12,24,"[""502"",""1090"",""809"",""2396"",""2554"",""1748"",""2717"",""1489"",""2513"",""2035"",""1518"",""2653""]","[48,49,50,51,52,53,54,55,56,57,58,59]",33172.625568999996,4.92,"[7,17]",7,0,[],5752.189569,"[""400"",""220"",""140"",""315"",""125"",""161"",""116"",""122"",""216"",""174"",""240"",""144""]",pred2,both,0,4,2025-05-10 18:33:10,"I took the AI's recommendation and then estimated how much Feature X and Y would affect it's price. I felt like I didn't understand at all what to do. ",Yes,400,220,140,315,125,161,116,122,216,174,240,144,,,,,,,,,,,,,,,,,,,,,,,,,261,202,154,295,126,180,144,125,160,128,170,128
2025-05-10 18:11:30,2025-05-10 18:33:14,IP Address,100,1303,True,R_7C4qx1ZNMy8iqgp,anonymous,EN,6719,67e8f6f711c66d4bdacf0470,681fd8d4232ba9fe33d7ea48,681fdca2215fa2fbf5e9aa62,https://github.com/Guoziyang27/guoziyang27.github.io/tree/master/assets/csv,12,12,24,"[""2799"",""2197"",""1903"",""935"",""367"",""1830"",""1218"",""1996"",""1857"",""1420"",""1178"",""111""]","[12,13,14,15,16,17,18,19,20,21,22,23]",73208.918569,3,"[7,17]",7,0,[],40355.832569,"[""403"",""144"",""129"",""175"",""619"",""169"",""154"",""131"",""187"",""228"",""225"",""167""]",pred1,shap,0,1,2025-05-10 18:33:15,"I used to example chart and compared the years to make my guess. ",Yes,403,144,129,175,619,169,154,131,187,228,225,167,,,,,,,,,,,,,303,179,89,170,358,138,150,116,172,199,301,166,,,,,,,,,,,,
2025-05-10 18:11:34,2025-05-10 18:33:17,IP Address,100,1302,True,R_3wsJbI17fcMxlNN,anonymous,EN,7171,67ccf7fbbe84c977587b8b53,681fd8d4232ba9fe33d7ea48,681fdceee9b12b38e84c96c8,https://github.com/Guoziyang27/guoziyang27.github.io/tree/master/assets/csv,12,12,24,"[""1197"",""562"",""99"",""590"",""1040"",""2515"",""2291"",""2369"",""1936"",""1453"",""200"",""29""]","[0,1,2,3,4,5,6,7,8,9,10,11]",44495.930789,4.31,"[7,17]",7,0,[],16186.454788999998,"[""170"",""164"",""229"",""185"",""164"",""217"",""172"",""176"",""136"",""170"",""119"",""234""]",pred2,none,0,0,2025-05-10 18:33:17,I guessed a range based on what the Ai predicted I used that as an indicator of where the price was supposed to be.,Yes,170,164,229,185,164,217,172,176,136,170,119,234,170,160,180,232,111,217,135,114,118,112,152,200,,,,,,,,,,,,,,,,,,,,,,,,
2025-05-10 18:10:52,2025-05-10 18:33:45,IP Address,100,1371,True,R_3SpeM2yphKyDlpa,anonymous,EN,1518,67ad0f30d4440be202f6124e,681fd8d4232ba9fe33d7ea48,681fdcd44b70a2d93dac8bec,https://github.com/Guoziyang27/guoziyang27.github.io/tree/master/assets/csv,12,12,24,"[""1217"",""2890"",""232"",""2583"",""2275"",""708"",""1395"",""1853"",""2594"",""1431"",""2305"",""2605""]","[216,217,218,219,220,221,222,223,224,225,226,227]",105375.940369,3,"[7,17]",7,0,[],5982.012369000001,"[""186"",""149"",""146"",""193"",""232"",""213"",""278"",""298"",""150"",""220"",""165"",""383""]",pred1,shap,3,3,2025-05-10 18:33:45,I compared my guess with that of the AI and made a calculated adjustments using the figures in the third column.,Yes,186,149,146,193,232,213,278,298,150,220,165,383,,,,,,,,,,,,,172,150,151,150,260,110,150,320,141,201,145,185,,,,,,,,,,,,
2025-05-10 18:09:47,2025-05-10 18:33:55,IP Address,100,1447,True,R_7RmzOpJVKNWdxzl,anonymous,EN,5962,67d3695629e35e34aff57336,681fd8d4232ba9fe33d7ea48,681fdcb4ae1a0cbe96e1f280,https://github.com/Guoziyang27/guoziyang27.github.io/tree/master/assets/csv,12,12,24,"[""172"",""1352"",""46"",""675"",""544"",""980"",""1655"",""2813"",""2445"",""2094"",""1954"",""2350""]","[192,193,194,195,196,197,198,199,200,201,202,203]",34452.7725,4.8,"[7,17]",7,0,[],8641.2725,"[""171"",""250"",""233"",""212"",""271"",""191"",""215"",""225"",""290"",""280"",""160"",""241""]",pred2,shap,3,1,2025-05-10 18:33:56,"I made my guesses based on key features like size, age, and fireplaces. Newer homes and larger homes usually cost more. A bigger garage or more fireplaces can add value. I also considered the AI’s prediction. It showed how each feature affected the price. If the AI predicted lower, I lowered my guess. If the AI predicted higher, I adjusted my guess up.",Yes,171,250,233,212,271,191,215,225,290,280,160,241,,,,,,,,,,,,,120,180,236,153,256,122,170,190,301,291,120,191,,,,,,,,,,,,
2025-05-10 18:10:40,2025-05-10 18:34:10,IP Address,100,1409,True,R_7wYpAdpOpvHO2RP,anonymous,EN,1800,628f83dc5398c04bac86f9e6,681fd8d4232ba9fe33d7ea48,681fdc42372ecb6392c0d7d5,https://github.com/Guoziyang27/guoziyang27.github.io/tree/master/assets/csv,12,12,24,"[""138"",""773"",""281"",""4"",""2434"",""1791"",""2535"",""944"",""2556"",""48"",""2384"",""192""]","[144,145,146,147,148,149,150,151,152,153,154,155]",74593.33009999999,3.2,"[7,17]",7,0,[],26114.1901,"[""76"",""61"",""45"",""113"",""218"",""193"",""47"",""18"",""26"",""324"",""239"",""79""]",pred2,both,2,2,2025-05-10 18:34:10,to me i tried to think about cost of living back in the different eras. and find an average then the sq foot was really important,Yes,76,61,45,113,218,193,47,18,26,324,239,79,,,,,,,,,,,,,,,,,,,,,,,,,138,81,79,192,211,206,91,53,70,310,245,110
2025-05-10 18:10:07,2025-05-10 18:34:12,IP Address,100,1445,True,R_3GdBdf6RJ8wNBo3,anonymous,EN,3464,643bd22e67aeded15060e447,681fd8d4232ba9fe33d7ea48,681fdcba42443f0769d86628,https://github.com/Guoziyang27/guoziyang27.github.io/tree/master/assets/csv,12,12,24,"[""1777"",""2011"",""703"",""813"",""1409"",""959"",""2582"",""1232"",""2183"",""1039"",""2344"",""1993""]","[84,85,86,87,88,89,90,91,92,93,94,95]",1302926.99793,3,"[7,17]",7,0,[],405825.05593000003,"[""541"",""522"",""486"",""640"",""421"",""512"",""394"",""496"",""461"",""442"",""603"",""395""]",pred1,shap,1,2,2025-05-10 18:34:13,"In the first round I considered the year and living area, then added some for fireplaces. Car capacity did not carry a lot of weight because where I live people don't use their garage for cars anyway, so it's not as much of a bonus unless they turn it into an office or spare room. The second round I considered that AI knew more about where the prices might be based on location so I lowered all of my guesses, but could not even begin to imagine there being any place for sale for less than half million. I used # of fireplaces and year built mostly, to come up with a price closer to AI's suggestion.",Yes,541,522,486,640,421,512,394,496,461,442,603,395,,,,,,,,,,,,,363,365,272,433,239,410,264,333,369,381,458,225,,,,,,,,,,,,
2025-05-10 18:07:56,2025-05-10 18:34:18,IP Address,100,1581,True,R_59oL4UlNfCOxACR,anonymous,EN,4667,67ece80349d97aa43c0f3e09,681fd8d4232ba9fe33d7ea48,681fdc445e484c0626fe1473,https://github.com/Guoziyang27/guoziyang27.github.io/tree/master/assets/csv,12,12,24,"[""1777"",""2011"",""703"",""813"",""1409"",""959"",""2582"",""1232"",""2183"",""1039"",""2344"",""1993""]","[84,85,86,87,88,89,90,91,92,93,94,95]",14372.093930000001,5.41,"[7,17]",7,0,[],6922.689930000001,"[""213"",""162"",""173"",""220"",""195"",""208"",""161"",""171"",""161"",""180"",""235"",""160""]",pred2,shap,1,2,2025-05-10 18:34:19,"I mainly looked at square footage and year built since those seemed to impact price the most. Fireplaces and garage size mattered too, but a bit less. When the AI prediction was shown, I used its feature impact breakdown to adjust my guess, raising or lowering it based on what added or took away value. I tried to balance my own logic with what the AI suggested.",Yes,213,162,173,220,195,208,161,171,161,180,235,160,,,,,,,,,,,,,230,150,151,185,153,226,158,175,165,167,263,111,,,,,,,,,,,,
2025-05-10 18:24:37,2025-05-10 18:34:19,IP Address,100,582,True,R_1Ms3WTDDg3ZwYHa,anonymous,EN,115,67a9fb88ef329322c230663a,681fd8d4232ba9fe33d7ea48,681fe02d566ca1a9dd71c704,https://github.com/Guoziyang27/guoziyang27.github.io/tree/master/assets/csv,12,12,24,"[""1197"",""562"",""99"",""590"",""1040"",""2515"",""2291"",""2369"",""1936"",""1453"",""200"",""29""]","[0,1,2,3,4,5,6,7,8,9,10,11]",217930.96878899998,3,"[7,17]",7,0,[],199203.48278899997,"[""313"",""301"",""180"",""296"",""291"",""285"",""251"",""235"",""222"",""189"",""266"",""243""]",pred1,both,0,0,2025-05-10 18:34:20,The year of built is always an important factor to consider. I also appreciate the above grade living area.,Yes,313,301,180,296,291,285,251,235,222,189,266,243,,,,,,,,,,,,,,,,,,,,,,,,,346,192,290,281,318,252,212,224,288,203,184,200
2025-05-10 18:17:13,2025-05-10 18:34:24,IP Address,100,1030,True,R_6DWpGMFmae8EYeZ,anonymous,EN,3429,67e7078d3984a98d4358f330,681fd8d4232ba9fe33d7ea48,681fde69714e2f1749ce5bba,https://github.com/Guoziyang27/guoziyang27.github.io/tree/master/assets/csv,12,12,24,"[""1491"",""535"",""307"",""1353"",""2140"",""2199"",""881"",""1942"",""522"",""583"",""778"",""1160""]","[108,109,110,111,112,113,114,115,116,117,118,119]",54971.708932999994,3,"[7,17]",7,0,[],64137.636932999994,"[""154"",""175"",""139"",""165"",""193"",""177"",""193"",""197"",""199"",""231"",""212"",""196""]",pred2,none,1,4,2025-05-10 18:34:25,"My strategy involved combining the AI’s prediction with my own interpretation of the features provided for each house. I paid close attention to key variables such as location, price, square footage, number of bedrooms/bathrooms, and recent renovation status, since these tend to have a significant impact on a buyer’s decision",Yes,154,175,139,165,193,177,193,197,199,231,212,196,205,193,193,217,196,199,224,83,212,196,144,179,,,,,,,,,,,,,,,,,,,,,,,,
2025-05-10 18:14:05,2025-05-10 18:34:24,IP Address,100,1218,True,R_7NDLAfMWjsExohu,anonymous,EN,2683,664287debe4750708ea0ecf7,681fd8d4232ba9fe33d7ea48,681fddb6398ee6139df434ef,https://github.com/Guoziyang27/guoziyang27.github.io/tree/master/assets/csv,12,12,24,"[""926"",""621"",""2413"",""5"",""1585"",""856"",""2229"",""2906"",""1760"",""1150"",""1142"",""108""]","[168,169,170,171,172,173,174,175,176,177,178,179]",235607.71022500002,3,"[7,17]",7,0,[],6030.3602249999985,"[""457"",""384"",""310"",""245"",""204"",""310"",""310"",""281"",""301"",""154"",""345"",""239""]",pred2,none,2,4,2025-05-10 18:34:25,"I didn't really use strategy, I went off current house prices where I live with the information given. Of course, I knew I didn't have all of the information to base my answers on, so I added a few more dollars to my guess. ",Yes,457,384,310,245,204,310,310,281,301,154,345,239,238,134,205,209,191,152,200,162,214,138,235,181,,,,,,,,,,,,,,,,,,,,,,,,
2025-05-10 18:17:07,2025-05-10 18:34:27,IP Address,100,1040,True,R_60UhSL6UzkXZcQG,anonymous,EN,8107,67793d951b246964638c7acf,681fd8d4232ba9fe33d7ea48,681fde6dbd5d2430b4930d6e,https://github.com/Guoziyang27/guoziyang27.github.io/tree/master/assets/csv,12,12,24,"[""1777"",""2011"",""703"",""813"",""1409"",""959"",""2582"",""1232"",""2183"",""1039"",""2344"",""1993""]","[84,85,86,87,88,89,90,91,92,93,94,95]",38662.69993,4.23,"[7,17]",7,0,[],25178.739930000003,"[""152"",""184"",""177"",""166"",""187"",""202"",""209"",""198"",""220"",""234"",""213"",""189""]",pred1,both,1,2,2025-05-10 18:34:28,"My strategy involved combining the AI’s prediction with my own interpretation of the features provided for each house. I paid close attention to key variables such as location, price, square footage, number of bedrooms/bathrooms, and recent renovation status, since these tend to have a significant impact on a buyer’s decision",Yes,152,184,177,166,187,202,209,198,220,234,213,189,,,,,,,,,,,,,,,,,,,,,,,,,206,187,192,168,210,194,222,185,172,179,160,117
2025-05-10 18:14:58,2025-05-10 18:34:36,IP Address,100,1178,True,R_7LMUIAFclcbRWlr,anonymous,EN,776,671724d63bb81e6f00449783,681fd8d4232ba9fe33d7ea48,681fddde07f42107f05fee23,https://github.com/Guoziyang27/guoziyang27.github.io/tree/master/assets/csv,12,12,24,"[""1737"",""2854"",""1659"",""1148"",""2254"",""1755"",""680"",""2100"",""2734"",""2122"",""1726"",""1962""]","[228,229,230,231,232,233,234,235,236,237,238,239]",1675940.210856,3,"[7,17]",7,0,[],189853.994856,"[""529"",""694"",""545"",""645"",""477"",""673"",""684"",""487"",""570"",""237"",""228"",""459""]",pred2,both,3,4,2025-05-10 18:34:37,I came up with the idea based off math solely.,Yes,529,694,545,645,477,673,684,487,570,237,228,459,,,,,,,,,,,,,,,,,,,,,,,,,306,529,75,267,229,209,115,228,160,176,255,160
2025-05-10 18:10:59,2025-05-10 18:34:42,IP Address,100,1423,True,R_7rGrjAlae6SCFMo,anonymous,EN,503,59f226a9d6380600018b2923,681fd8d4232ba9fe33d7ea48,681fdcfb028a68c6dc237dcf,https://github.com/Guoziyang27/guoziyang27.github.io/tree/master/assets/csv,12,12,24,"[""1737"",""2854"",""1659"",""1148"",""2254"",""1755"",""680"",""2100"",""2734"",""2122"",""1726"",""1962""]","[228,229,230,231,232,233,234,235,236,237,238,239]",30188.422856,4.78,"[7,17]",7,0,[],13629.398856,"[""165"",""205"",""225"",""175"",""135"",""265"",""182"",""325"",""267"",""149"",""219"",""118""]",pred1,both,3,4,2025-05-10 18:34:43,"I mostly looked at how big the house was and how old it was to make a guess. Then when the AI gave its guess and showed what it thought, I kind of went closer to what it said if it seemed to make sense to me.",Yes,165,205,225,175,135,265,182,325,267,149,219,118,,,,,,,,,,,,,,,,,,,,,,,,,178,155,172,195,142,220,135,260,180,171,240,147
2025-05-10 18:07:39,2025-05-10 18:34:45,IP Address,100,1625,True,R_3JDRhYkP2R4Fhtu,anonymous,EN,6332,6578d3429b81c0b73ac4e719,681fd8d4232ba9fe33d7ea48,681fdc2d1daa2b88983fee0b,https://github.com/Guoziyang27/guoziyang27.github.io/tree/master/assets/csv,12,12,24,"[""1737"",""2854"",""1659"",""1148"",""2254"",""1755"",""680"",""2100"",""2734"",""2122"",""1726"",""1962""]","[228,229,230,231,232,233,234,235,236,237,238,239]",518091.906856,3,"[7,17]",7,0,[],77535.486856,"[""312"",""484"",""379"",""338"",""319"",""422"",""292"",""463"",""499"",""375"",""307"",""351""]",pred2,shap,3,4,2025-05-10 18:34:45,"I used the average or median of my and the AI's guess to try and get a more accurate estimate. At first without the AIs guess, i used the imformation given to me in the order of importance i put above.",Yes,312,484,379,338,319,422,292,463,499,375,307,351,,,,,,,,,,,,,222,151,247,274,217,289,231,311,279,268,278,224,,,,,,,,,,,,
2025-05-10 18:09:05,2025-05-10 18:34:48,IP Address,100,1543,True,R_3tAwGR9r94uOzfP,anonymous,EN,9590,5a5daf4f8e6259000176209b,681fd8d4232ba9fe33d7ea48,681fdc83923e09fe39b73b6a,https://github.com/Guoziyang27/guoziyang27.github.io/tree/master/assets/csv,12,12,24,"[""172"",""1352"",""46"",""675"",""544"",""980"",""1655"",""2813"",""2445"",""2094"",""1954"",""2350""]","[192,193,194,195,196,197,198,199,200,201,202,203]",48906.7725,4.08,"[7,17]",7,0,[],20311.7725,"[""200"",""220"",""190"",""195"",""200"",""190"",""175"",""140"",""180"",""195"",""165"",""210""]",pred2,none,3,1,2025-05-10 18:34:49,"Overall, I aimed to find a balance between the concrete, structural aspects of the house (which tend to be the most predictable price drivers) and the uncertain, but still important, censored features. This allowed me to make educated guesses while acknowledging the potential variability in how features X and Y could influence the final price.",Yes,200,220,190,195,200,190,175,140,180,195,165,210,150,195,200,175,210,165,175,150,230,215,130,205,,,,,,,,,,,,,,,,,,,,,,,,
2025-05-10 18:27:11,2025-05-10 18:34:48,IP Address,100,457,True,R_30utZNKqWFouUMC,anonymous,EN,5770,66e7853b4e311a12f93b5411,681fd8d4232ba9fe33d7ea48,681fdc3e735e25823fd5fd8c,https://github.com/Guoziyang27/guoziyang27.github.io/tree/master/assets/csv,12,12,24,"[""830"",""2623"",""1959"",""2069"",""121"",""682"",""2018"",""1786"",""2136"",""1027"",""303"",""564""]","[156,157,158,159,160,161,162,163,164,165,166,167]",26548.221584,5.16,"[7,17]",7,0,[],3741.101584,"[""192"",""183"",""241"",""191"",""150"",""170"",""217"",""249"",""138"",""174"",""112"",""249""]",pred1,shap,2,3,2025-05-10 18:34:49,"I focused on the above grade living area and the year it was built. The Y and X factors were tricky since we really didn’t know what they were or how it would affect the value. Car and fireplace were considered after the living area and year built. ",Yes,192,183,241,191,150,170,217,249,138,174,112,249,,,,,,,,,,,,,196,112,140,181,148,123,117,219,150,141,50,281,,,,,,,,,,,,
2025-05-10 18:09:18,2025-05-10 18:34:50,IP Address,100,1531,True,R_3JejlJH0StRWvNv,anonymous,EN,5551,67ef3243f1e3a6b457d0d988,681fd8d4232ba9fe33d7ea48,681fdc9147ce148cc1de2338,https://github.com/Guoziyang27/guoziyang27.github.io/tree/master/assets/csv,12,12,24,"[""1777"",""2011"",""703"",""813"",""1409"",""959"",""2582"",""1232"",""2183"",""1039"",""2344"",""1993""]","[84,85,86,87,88,89,90,91,92,93,94,95]",149908.07993,3,"[7,17]",7,0,[],8440.24193,"[""200"",""150"",""185"",""260"",""204"",""472"",""279"",""233"",""336"",""196"",""237"",""187""]",pred2,shap,1,2,2025-05-10 18:34:51,"Based on the algorithms given I was looking at when the house was built, the size, and the features in the house like the number of fireplaces, feature X and y , before trying to guess the price at which the house was sold.",Yes,200,150,185,260,204,472,279,233,336,196,237,187,,,,,,,,,,,,,255,150,160,188,151,237,162,175,183,173,266,113,,,,,,,,,,,,
2025-05-10 18:14:11,2025-05-10 18:34:53,IP Address,100,1241,True,R_3AWquR7Qpjt2FwD,anonymous,EN,9078,67b72792877d99ec2bab783a,681fd8d4232ba9fe33d7ea48,681fddb54cc5265ee3f34415,https://github.com/Guoziyang27/guoziyang27.github.io/tree/master/assets/csv,12,12,24,"[""903"",""1343"",""2846"",""1195"",""2797"",""109"",""1216"",""1501"",""1720"",""1418"",""867"",""1005""]","[36,37,38,39,40,41,42,43,44,45,46,47]",13934,5.32,"[7,17]",7,0,[],10698,"[""150"",""130"",""140"",""120"",""230"",""160"",""110"",""125"",""190"",""120"",""241"",""180""]",pred1,both,0,3,2025-05-10 18:34:53,"I prioritized features like Above Grade Living Area and Year Built for their direct impact on house value. Feature Y and Feature X were also considered due to their significant effects in certain trials. Features like Car Capacity in Garage and # of Fireplaces had less influence on my guesses. By balancing these factors with the AI's predictions, I aimed to make informed and accurate guesses.",Yes,150,130,140,120,230,160,110,125,190,120,241,180,,,,,,,,,,,,,,,,,,,,,,,,,147,100,120,145,270,163,130,100,235,112,380,190
2025-05-10 18:18:08,2025-05-10 18:35:39,IP Address,100,1050,True,R_5zjWXW9aIFfjPnp,anonymous,EN,8776,670e5e609d33ddb280fab011,681fd8d4232ba9fe33d7ea48,681fddd1962f4367ba377602,https://github.com/Guoziyang27/guoziyang27.github.io/tree/master/assets/csv,12,12,24,"[""1938"",""229"",""988"",""679"",""841"",""2641"",""1309"",""2639"",""2685"",""2604"",""969"",""593""]","[120,121,122,123,124,125,126,127,128,129,130,131]",56863.86,3.52,"[7,17]",7,0,[],32574.46,"[""135"",""214"",""180"",""133"",""202"",""79"",""57"",""54"",""57"",""39"",""335"",""222""]",pred2,none,2,0,2025-05-10 18:35:40,I tried to guess around the median i thought was for that age and size based on the chart and then i adjusted a bit depending on what the AI said,Yes,135,214,180,133,202,79,57,54,57,39,335,222,135,214,194,124,169,126,130,91,96,125,312,210,,,,,,,,,,,,,,,,,,,,,,,,
2025-05-10 18:11:51,2025-05-10 18:35:47,IP Address,100,1435,True,R_3hFwRQEJp1Dkla3,anonymous,EN,1732,6691809035e52ca9b2b0f39a,681fd8d4232ba9fe33d7ea48,681fdd23c7bffc6dac50df29,https://github.com/Guoziyang27/guoziyang27.github.io/tree/master/assets/csv,12,12,24,"[""1737"",""2854"",""1659"",""1148"",""2254"",""1755"",""680"",""2100"",""2734"",""2122"",""1726"",""1962""]","[228,229,230,231,232,233,234,235,236,237,238,239]",81926.04285600001,3.22,"[7,17]",7,0,[],18083.614856,"[""95"",""65"",""90"",""95"",""75"",""154"",""131"",""201"",""130"",""145"",""130"",""75""]",pred2,shap,3,4,2025-05-10 18:35:48,"I increased the price the most if the year built was after 2000. Houses with 2 garages and larger living area also incresed prices. Then fireplaces and guessing x may be land size, Y bedrooms increasing with these.",Yes,95,65,90,95,75,154,131,201,130,145,130,75,,,,,,,,,,,,,191,120,135,180,97,245,135,274,135,158,185,89,,,,,,,,,,,,
2025-05-10 18:12:36,2025-05-10 18:36:18,IP Address,100,1421,True,R_7DW9mUgXIGQAcgx,anonymous,EN,78,66a51549b5f9a9fdb5175121,681fd8d4232ba9fe33d7ea48,681fdce973424f6f2062a3f5,https://github.com/Guoziyang27/guoziyang27.github.io/tree/master/assets/csv,12,12,24,"[""172"",""1352"",""46"",""675"",""544"",""980"",""1655"",""2813"",""2445"",""2094"",""1954"",""2350""]","[192,193,194,195,196,197,198,199,200,201,202,203]",326501.1725,3,"[7,17]",7,0,[],82875.3725,"[""231"",""293"",""308"",""238"",""403"",""336"",""293"",""445"",""541"",""346"",""237"",""387""]",pred2,shap,3,1,2025-05-10 18:36:18," I mainly looked at the top three features. Then, I went with a middle price.",Yes,231,293,308,238,403,336,293,445,541,346,237,387,,,,,,,,,,,,,172,260,273,200,302,261,257,273,404,313,174,229,,,,,,,,,,,,
2025-05-10 18:09:49,2025-05-10 18:36:28,IP Address,100,1598,True,R_6MPS7twCpbyKxPw,anonymous,EN,3890,67c8d8517a18038170f399a6,681fd8d4232ba9fe33d7ea48,681fdc5828adc0401dd24314,https://github.com/Guoziyang27/guoziyang27.github.io/tree/master/assets/csv,12,12,24,"[""1217"",""2890"",""232"",""2583"",""2275"",""708"",""1395"",""1853"",""2594"",""1431"",""2305"",""2605""]","[216,217,218,219,220,221,222,223,224,225,226,227]",873862.100369,3,"[7,17]",7,0,[],214877.18836899998,"[""506"",""442"",""282"",""462"",""572"",""320"",""291"",""544"",""463"",""564"",""366"",""237""]",pred2,both,3,3,2025-05-10 18:36:29,i considered firstly how old the structure is and it grade living area too,Yes,506,442,282,462,572,320,291,544,463,564,366,237,,,,,,,,,,,,,,,,,,,,,,,,,550,228,128,166,384,109,110,377,190,233,227,266
2025-05-10 18:18:18,2025-05-10 18:36:28,IP Address,100,1089,True,R_1ziFVjYKBGfk72q,anonymous,EN,1203,67deca008894a3f6e1736c52,681fd8d4232ba9fe33d7ea48,681fdeb7ed1fdcba97d06f88,https://github.com/Guoziyang27/guoziyang27.github.io/tree/master/assets/csv,12,12,24,"[""1491"",""535"",""307"",""1353"",""2140"",""2199"",""881"",""1942"",""522"",""583"",""778"",""1160""]","[108,109,110,111,112,113,114,115,116,117,118,119]",2458835.456933,3,"[7,17]",7,0,[],2322828.488933,"[""593"",""579"",""673"",""631"",""631"",""630"",""562"",""693"",""487"",""578"",""597"",""600""]",pred1,both,1,4,2025-05-10 18:36:30,"I looked for how the AI's predictions changed across different listings or scenarios. If I saw that certain features consistently led to higher or lower predicted values, I used that to shape my ",Yes,593,579,673,631,631,630,562,693,487,578,597,600,,,,,,,,,,,,,,,,,,,,,,,,,583,638,629,610,562,621,633,630,629,456,533,659
2025-05-10 18:14:14,2025-05-10 18:36:45,IP Address,100,1351,True,R_3jU1v5dVfffvaj1,anonymous,EN,3247,5fd0dc0d8dae67016ed65a54,681fd8d4232ba9fe33d7ea48,681fddc1e0b8b8aef09a4850,https://github.com/Guoziyang27/guoziyang27.github.io/tree/master/assets/csv,12,12,24,"[""217"",""775"",""974"",""1306"",""397"",""2450"",""416"",""383"",""1444"",""655"",""1074"",""1767""]","[60,61,62,63,64,65,66,67,68,69,70,71]",287491.37,3,"[7,17]",7,0,[],146827.37,"[""244"",""104"",""328"",""233"",""334"",""227"",""384"",""393"",""242"",""309"",""234"",""242""]",pred1,shap,1,0,2025-05-10 18:36:46,"I looked at each house feature and compared it to the summary. If a feature was high, I guessed the price was high. If it was low, I guessed the price was low. I used the AI guess to help, but I still checked if it made sense with the features.",Yes,244,104,328,233,334,227,384,393,242,309,234,242,,,,,,,,,,,,,260,319,192,277,278,356,202,146,174,134,155,304,,,,,,,,,,,,
2025-05-10 18:17:05,2025-05-10 18:36:52,IP Address,100,1186,True,R_1PPo2si9ANGiMCJ,anonymous,EN,5467,626976d0dfd20d6832fc92aa,681fd8d4232ba9fe33d7ea48,681fde43aeb66a5c156dda4b,https://github.com/Guoziyang27/guoziyang27.github.io/tree/master/assets/csv,12,12,24,"[""502"",""1090"",""809"",""2396"",""2554"",""1748"",""2717"",""1489"",""2513"",""2035"",""1518"",""2653""]","[48,49,50,51,52,53,54,55,56,57,58,59]",207311.437569,3,"[7,17]",7,0,[],32505.701569000004,"[""618"",""229"",""302"",""464"",""100"",""355"",""151"",""125"",""251"",""150"",""218"",""174""]",pred1,shap,0,4,2025-05-10 18:36:53,I assumed that older houses were worth less and smaller living areas are worth less. Newer and larger houses were worth more. I didn't pay much attention to Feature X or Y. I assumed the AI predictions were more accurate than mine so I took that number and slightly adjusted it towards my total guess.,Yes,618,229,302,464,100,355,151,125,251,150,218,174,,,,,,,,,,,,,300,221,266,425,120,250,161,130,244,140,164,125,,,,,,,,,,,,
2025-05-10 18:10:58,2025-05-10 18:36:52,IP Address,100,1553,True,R_1jwX5KEnOqACEok,anonymous,EN,5443,66a3abea74c055f942b59cd7,681fd8d4232ba9fe33d7ea48,681fdcc5686ada8563ff3d79,https://github.com/Guoziyang27/guoziyang27.github.io/tree/master/assets/csv,12,12,24,"[""502"",""1090"",""809"",""2396"",""2554"",""1748"",""2717"",""1489"",""2513"",""2035"",""1518"",""2653""]","[48,49,50,51,52,53,54,55,56,57,58,59]",103348.65156900001,3,"[7,17]",7,0,[],22049.145569,"[""269"",""123"",""91"",""160"",""51"",""121"",""88"",""85"",""101"",""50"",""60"",""44""]",pred2,both,0,4,2025-05-10 18:36:53,I looked at the year it was build and then the living area and just estimated.,Yes,269,123,91,160,51,121,88,85,101,50,60,44,,,,,,,,,,,,,,,,,,,,,,,,,310,190,160,311,90,160,109,97,129,110,97,119
2025-05-10 18:18:39,2025-05-10 18:37:20,IP Address,100,1120,True,R_1mUQbGZ0fyy3Dmp,anonymous,EN,6487,67f139e0a8c12321ab2d0b02,681fd8d4232ba9fe33d7ea48,681fdea7fb08b208d07f032f,https://github.com/Guoziyang27/guoziyang27.github.io/tree/master/assets/csv,12,12,24,"[""1166"",""2080"",""11"",""261"",""1700"",""706"",""1457"",""18"",""2176"",""2733"",""1484"",""288""]","[204,205,206,207,208,209,210,211,212,213,214,215]",512717.385124,3,"[7,17]",7,0,[],27903.509124,"[""500"",""350"",""450"",""250"",""600"",""150"",""600"",""550"",""200"",""220"",""337"",""300""]",pred2,shap,3,2,2025-05-10 18:37:21,Was guessing based on scure feet and year build.,Yes,500,350,450,250,600,150,600,550,200,220,337,300,,,,,,,,,,,,,156,120,200,115,322,146,295,384,180,190,193,50,,,,,,,,,,,,
2025-05-10 18:11:18,2025-05-10 18:37:40,IP Address,100,1581,True,R_7zdPXQA6g5iRdRf,anonymous,EN,2285,67d06b134e532d565d0ae78b,681fd8d4232ba9fe33d7ea48,681fdc393faa964edb0a5867,https://github.com/Guoziyang27/guoziyang27.github.io/tree/master/assets/csv,12,12,24,"[""2799"",""2197"",""1903"",""935"",""367"",""1830"",""1218"",""1996"",""1857"",""1420"",""1178"",""111""]","[12,13,14,15,16,17,18,19,20,21,22,23]",609998.532569,3,"[7,17]",7,0,[],179770.470569,"[""455"",""508"",""503"",""229"",""308"",""405"",""307"",""90"",""30"",""269"",""136"",""95""]",pred1,none,0,1,2025-05-10 18:37:40,"i used the strategy of the year the house us built , and considering the X and Y values . i did not make use of any of the  AI tools.",Yes,455,508,503,314,308,405,307,90,30,269,136,95,218,13,29,84,271,98,82,63,33,250,136,95,,,,,,,,,,,,,,,,,,,,,,,,
2025-05-10 18:11:08,2025-05-10 18:37:39,IP Address,100,1590,True,R_1oHHkheTckpRQlr,anonymous,EN,3109,5dac4dad5e53cc001499f1f6,681fd8d4232ba9fe33d7ea48,681fdcfbcfb4db4e990ec75d,https://github.com/Guoziyang27/guoziyang27.github.io/tree/master/assets/csv,12,12,24,"[""2426"",""234"",""2054"",""1679"",""2400"",""1179"",""228"",""2120"",""2697"",""1514"",""2596"",""1037""]","[96,97,98,99,100,101,102,103,104,105,106,107]",29387.7376,4.91,"[7,17]",7,0,[],9698.1376,"[""221"",""210"",""150"",""198"",""385"",""192"",""227"",""174"",""110"",""151"",""123"",""187""]",pred1,shap,1,3,2025-05-10 18:37:40,"I was actually surprised how close my guesses were to the AI during the second round. Year built for house really threw me off, as I would kind of think that would raise the price of some but its hard to tell. I mainly used the living area, # of fireplaces and car capacity. It was hard to interpret how to use Feature X and Y properly. Using the AI predictions in round 2 I pretty much chose in between where we both stood. Ultimately most of our guesses were quite close and I didn't have to sway from my original guesses too much. ",Yes,221,210,150,198,385,192,227,174,110,151,123,187,,,,,,,,,,,,,211,191,141,150,372,250,185,172,118,116,103,151,,,,,,,,,,,,
2025-05-10 18:08:23,2025-05-10 18:38:10,IP Address,100,1786,True,R_77vC9ZY6T4na9M7,anonymous,EN,8300,67eda7cef014b05ef5504c28,681fd8d4232ba9fe33d7ea48,681fdc41e1bf0ec361a65d9b,https://github.com/Guoziyang27/guoziyang27.github.io/tree/master/assets/csv,12,12,24,"[""2799"",""2197"",""1903"",""935"",""367"",""1830"",""1218"",""1996"",""1857"",""1420"",""1178"",""111""]","[12,13,14,15,16,17,18,19,20,21,22,23]",43207.960568999995,3.69,"[7,17]",7,0,[],39784.766569,"[""285"",""135"",""49"",""168"",""386"",""124"",""98"",""74"",""122"",""324"",""289"",""165""]",pred2,both,0,1,2025-05-10 18:38:11,"Honestly, I just went with my gut. With that being said, I was very close to the predictions that the AI came up with, so I really didn't adjust my prices too much",Yes,285,135,49,168,386,124,98,74,122,324,289,165,,,,,,,,,,,,,,,,,,,,,,,,,275,150,53,164,367,125,121,83,142,320,288,165
2025-05-10 18:10:44,2025-05-10 18:38:13,IP Address,100,1649,True,R_7EoEratO90PRmx5,anonymous,EN,6217,67c19e51ea82fd2624c0e545,681fd8d4232ba9fe33d7ea48,681fdccf90c170639836f0f5,https://github.com/Guoziyang27/guoziyang27.github.io/tree/master/assets/csv,12,12,24,"[""1491"",""535"",""307"",""1353"",""2140"",""2199"",""881"",""1942"",""522"",""583"",""778"",""1160""]","[108,109,110,111,112,113,114,115,116,117,118,119]",56833.166933,3.89,"[7,17]",7,0,[],19298.986933,"[""180"",""300"",""140"",""120"",""130"",""120"",""190"",""175"",""250"",""160"",""130"",""190""]",pred2,shap,1,4,2025-05-10 18:38:14,I mainly used the year it was built and also car capacity with other details too,Yes,180,300,140,120,130,120,190,175,250,160,130,190,,,,,,,,,,,,,150,200,120,130,125,135,190,120,275,200,150,180,,,,,,,,,,,,
2025-05-10 18:08:36,2025-05-10 18:38:49,IP Address,100,1812,True,R_6ZKaNGarlaLKQUN,anonymous,EN,1142,67e2fc25c0abdbccc12b9faa,681fd8d4232ba9fe33d7ea48,681fdc4821847b9e60a64623,https://github.com/Guoziyang27/guoziyang27.github.io/tree/master/assets/csv,12,12,24,"[""95"",""2712"",""2847"",""1508"",""2111"",""1069"",""2915"",""2429"",""1646"",""453"",""196"",""2019""]","[24,25,26,27,28,29,30,31,32,33,34,35]",658458.102721,3,"[7,17]",7,0,[],7748.284721,"[""310"",""186"",""130"",""195"",""305"",""738"",""195"",""720"",""201"",""704"",""125"",""95""]",pred2,none,0,2,2025-05-10 18:38:50,I used the details like the year it was built and features x and y .,Yes,310,186,130,195,305,738,195,720,201,704,125,95,200,149,166,115,190,375,118,289,210,235,161,105,,,,,,,,,,,,,,,,,,,,,,,,
2025-05-10 18:08:32,2025-05-10 18:38:50,IP Address,100,1818,True,R_6STTI139xjjYSFr,anonymous,EN,1676,67fdea304e70cbd7904a0c98,681fd8d4232ba9fe33d7ea48,681fdc64f40caae1e5a63b00,https://github.com/Guoziyang27/guoziyang27.github.io/tree/master/assets/csv,12,12,24,"[""1737"",""2854"",""1659"",""1148"",""2254"",""1755"",""680"",""2100"",""2734"",""2122"",""1726"",""1962""]","[228,229,230,231,232,233,234,235,236,237,238,239]",347576.702856,3,"[7,17]",7,0,[],133118.882856,"[""325"",""410"",""395"",""360"",""295"",""405"",""340"",""340"",""355"",""310"",""335"",""240""]",pred1,none,3,4,2025-05-10 18:38:51,"1. Understanding the Context of the Features
Each property was evaluated using a combination of quantitative (size, year, Feature X/Y) and qualitative (garage, fireplace) attributes. Here's how I factored them in:

a. Above Grade Living Area (sq ft) – Primary Value Driver
Homes with more square footage generally command higher prices.

I used this as the foundation for comparison across homes.

For example, a home with <1,000 sq ft was immediately adjusted downward regardless of other strengths.

b. Feature Y – Neighborhood/Location Quality Proxy
When Feature Y was high (e.g., 140–160), I assumed the neighborhood was safe, had good schools, or strong buyer demand.

A high Feature Y often added $30K–$60K in my mental pricing over similar homes with a Y of 100.

c. Feature X – Lot Size / Location / Overall Quality
When Feature X exceeded 1,000, I interpreted that as a premium location or lot value (urban center, large lot, great views, etc.).

Feature X had stronger influence when square footage was small—e.g., a small home with 1,500 X could still be expensive due to location.

d. Year Built
Newer homes (2000s or newer) were given higher base value due to better construction standards and reduced need for repairs.

Homes from the 1950s or earlier were assumed to be lower value unless other features compensated (e.g., excellent Feature X/Y).

e. Garage Capacity
2-car garage was considered standard; 1-car was a negative adjustment.

3-car garages were a bonus, particularly for larger homes.

f. Fireplaces
Treated as a minor aesthetic bonus, worth a slight bump in price when present (especially multiple fireplaces or in older homes with charm).

2. Integrating the AI Predictions
In Round 2, the AI model’s prediction was introduced. I used this as a reference baseline, but not a final answer. My adjustments were based on:

a. Comparing My Round 1 Guess to the AI’s
If my previous guess was far above the AI's, I reevaluated whether I had overestimated things like Feature X or square footage.

If the AI’s guess seemed too low, especially for large or modern homes, I added back value to correct for what the model might be missing.

b. Trusting My Judgments Where Features Were Strong
For example, when Feature Y was 160, or square footage was nearly 2,000+, I placed more weight on those than on the model's low prediction.

c. Model Bias Assumptions
I assumed the AI model may have been trained on incomplete or generalized data, possibly underestimating newer homes or not fully valuing Feature X/Y.

I used this assumption to adjust upward or downward as needed.

⚖️ 
3. Strategy for Final Guessing
For each final estimate, I considered:

Base Price per Sq Ft Heuristic:

Homes under 1,000 sq ft → $150–250K unless features were exceptional.

1,200–1,600 sq ft → $250–350K depending on condition/location.

1,800–2,200 sq ft → $300–400K and above in premium settings.

Adjustments Based on X and Y:

X > 1000 → +$50K–$100K

Y > 140 → +$30K–$70K

Y = 100 → -$25K to -$50K depending on context

Condition & Practicality Modifiers:

Older build + no renovations → -$25K

Missing fireplace or 1-car garage → -$10K to -$15K

3-car garage or dual fireplaces → +$15K to +$30K

My Summary of Strategy
I relied on a hybrid approach:

Quantitative analysis (square footage, features, AI baseline)

Contextual reasoning (how features interact, e.g., small house in premium location)

Heuristics & market sense (size-based pricing bands, adjustments for desirability)

Thus by using structured adjustments over a baseline influenced by the AI, I aimed to make reasoned, data-sensitive estimates for each home.",Yes,325,410,395,360,295,405,340,340,355,310,335,240,240,330,340,295,225,330,265,310,265,240,275,185,,,,,,,,,,,,,,,,,,,,,,,,
2025-05-10 18:08:16,2025-05-10 18:39:03,IP Address,100,1846,True,R_5a9Ouio7zcywgBl,anonymous,EN,2053,6527f153bea7b2d7c0d556e4,681fd8d4232ba9fe33d7ea48,681fdc5d65cb64004680e2d2,https://github.com/Guoziyang27/guoziyang27.github.io/tree/master/assets/csv,12,12,24,"[""138"",""773"",""281"",""4"",""2434"",""1791"",""2535"",""944"",""2556"",""48"",""2384"",""192""]","[144,145,146,147,148,149,150,151,152,153,154,155]",219714.6901,3,"[7,17]",7,0,[],271537.1901,"[""376"",""89"",""162"",""290"",""236"",""250"",""86"",""363"",""271"",""263"",""117"",""251""]",pred2,shap,2,2,2025-05-10 18:39:04,"When I thought about how I did this job, I put the following traits in order of how important they were to my decision-making: The number of fireplaces, the above-grade living space, the year it was built, the number of cars that can fit in the garage, and more.

Between the two games, my approach changed a lot. In Round 1, I focused on comparing the features of each house to the values that were given. To make an estimate based on the $160,000 mean, I used a simple rule of thumb: I counted the number of positive and bad features. I thought that living space and the year the house was built were the most important things that determined house prices, so I gave them a lot of weight. I also tried to use Feature X and Y in my guesses because I thought their large numbers meant they were important, even though I didn't know how they really related to price.

When the AI estimates came out in Round 2, I changed how I was doing things in a big way. Surprisingly, the AI showed that Features X and Y had no effect on price. This was a total surprise that made me think differently about the problem. The AI's feature effect study helped me understand which factors were important and by how much. However, I made a big mistake when I sometimes questioned the AI and changed its predictions based on my own gut feelings, which made me less accurate",Yes,376,89,162,290,236,250,86,363,271,263,117,251,,,,,,,,,,,,,452,474,80,289,211,239,271,104,290,256,277,262,,,,,,,,,,,,
2025-05-10 18:08:35,2025-05-10 18:39:25,IP Address,100,1850,True,R_6BwwK4qV3F2Z8dG,anonymous,EN,5128,6772a5c5190112e5dcbf6394,681fd8d4232ba9fe33d7ea48,681fdc532c5c4a462ae8d1c2,https://github.com/Guoziyang27/guoziyang27.github.io/tree/master/assets/csv,12,12,24,"[""1938"",""229"",""988"",""679"",""841"",""2641"",""1309"",""2639"",""2685"",""2604"",""969"",""593""]","[120,121,122,123,124,125,126,127,128,129,130,131]",2705334.26,3,"[7,17]",7,0,[],113226.66,"[""696"",""532"",""618"",""661"",""578"",""667"",""699"",""745"",""669"",""720"",""411"",""324""]",pred2,none,2,0,2025-05-10 18:39:26,"Identify priorities: considered factors like location, budget, size, amenities",Yes,696,532,618,661,578,667,699,745,669,720,411,324,345,222,208,119,252,149,171,128,210,233,328,234,,,,,,,,,,,,,,,,,,,,,,,,
2025-05-10 18:14:26,2025-05-10 18:39:42,IP Address,100,1515,True,R_3wRn7Dm9J72grPe,anonymous,EN,1855,67b90bd2378d1b5a40b1ad60,681fd8d4232ba9fe33d7ea48,681fdc5c6990d327e9557ad8,https://github.com/Guoziyang27/guoziyang27.github.io/tree/master/assets/csv,12,12,24,"[""322"",""1308"",""2166"",""298"",""2825"",""2257"",""1590"",""1608"",""2226"",""429"",""2572"",""1416""]","[180,181,182,183,184,185,186,187,188,189,190,191]",57067.96385000001,3.62,"[7,17]",7,0,[],28440.833850000003,"[""247"",""160"",""177"",""191"",""230"",""180"",""183"",""166"",""164"",""220"",""170"",""124""]",pred1,shap,3,0,2025-05-10 18:39:42,"You strategically balanced feature analysis with AI predictions. First, you set a baseline price using past data. Then, you examined each feature’s impact-fireplaces, garage size, living area, and Feature X/Y. You compared AI’s predictions with your previous guess, adjusted based on trends, and refined within a logical range. Your structured approach ensured accuracy while maintaining independent reasonin",Yes,247,160,177,191,230,180,183,166,164,220,170,124,,,,,,,,,,,,,326,140,200,195,193,190,201,120,163,337,159,123,,,,,,,,,,,,
2025-05-10 18:11:23,2025-05-10 18:39:50,IP Address,100,1707,True,R_7dMMe1Yg5IoOVSV,anonymous,EN,932,6630ec1ebe18d48a3cecb54e,681fd8d4232ba9fe33d7ea48,681fdc426d7c0aa98a1abc99,https://github.com/Guoziyang27/guoziyang27.github.io/tree/master/assets/csv,12,12,24,"[""1777"",""2011"",""703"",""813"",""1409"",""959"",""2582"",""1232"",""2183"",""1039"",""2344"",""1993""]","[84,85,86,87,88,89,90,91,92,93,94,95]",45275.64993,4.46,"[7,17]",7,0,[],10157.301929999998,"[""234"",""137"",""140"",""197"",""103"",""310"",""182"",""136"",""284"",""227"",""204"",""92""]",pred1,none,1,2,2025-05-10 18:39:51,"My strategy was mainly based on me determining which factors I believe would have the most influence on the house's price. I believed that the year that it was built, the Above Grade Living Area, and the hidden features X and Y had the most influence compared to the remaining two, which were the car capacity in the garage and the $ of fireplaces. I would then use the factors with the most influence to determine where the price was likely to fall given the sale price summary information shown between 2006 and 2011. For example, if I was given a house that was built in 1979, then I would predict that its' price would fall somewhere between $160K (Mean value from 1969) and $213.5K (Among the very highest 75% from 1998). Then I would evaluate the other factors such as the above grade living area and features X and Y to determine a more precise estimate within those determined ranges. When the AI features were provided, I assumed that the AI may have better knowledge of what the features X and Y were and their influence on the house's price, so I tended to shift my predictions to be closer to its' prediction based on this assumption.",Yes,234,137,140,197,103,310,182,136,284,227,204,92,266,142,177,151,127,222,178,170,190,179,210,105,,,,,,,,,,,,,,,,,,,,,,,,
2025-05-10 18:11:18,2025-05-10 18:40:21,IP Address,100,1742,True,R_7CZen0oqTyK5hFb,anonymous,EN,2050,681cf5faedbc18818401a95b,681fd8d4232ba9fe33d7ea48,681fdc581e101e2a9a9c031e,https://github.com/Guoziyang27/guoziyang27.github.io/tree/master/assets/csv,12,12,24,"[""322"",""1308"",""2166"",""298"",""2825"",""2257"",""1590"",""1608"",""2226"",""429"",""2572"",""1416""]","[180,181,182,183,184,185,186,187,188,189,190,191]",566404.58385,3,"[7,17]",7,0,[],73446.75385,"[""199"",""391"",""270"",""380"",""500"",""342"",""250"",""425"",""511"",""280"",""428"",""337""]",pred1,shap,3,0,2025-05-10 18:40:22,"Most of land is usually based on area. I  therefor considered area as the most important factor and the year that the building was set in place and then the availability of garage  not to forget price x and y to find the right estimate ",Yes,199,391,270,380,500,342,250,425,511,280,428,337,,,,,,,,,,,,,230,200,250,209,264,214,251,277,219,360,167,130,,,,,,,,,,,,
2025-05-10 18:08:28,2025-05-10 18:40:35,IP Address,100,1926,True,R_6cII4bEhfX20mGd,anonymous,EN,6317,67d9ef972bfc2e77450362b5,681fd8d4232ba9fe33d7ea48,681fdc562dda559160432d53,https://github.com/Guoziyang27/guoziyang27.github.io/tree/master/assets/csv,12,12,24,"[""2426"",""234"",""2054"",""1679"",""2400"",""1179"",""228"",""2120"",""2697"",""1514"",""2596"",""1037""]","[96,97,98,99,100,101,102,103,104,105,106,107]",38730.4176,4.68,"[7,17]",7,0,[],8925.617600000001,"[""150"",""210"",""165"",""164"",""214"",""221"",""231"",""149"",""49"",""92"",""110"",""119""]",pred1,both,1,3,2025-05-10 18:40:35,I trusted my predictions more but also leaned towards AI slightly. The most important feature to me was the year the house was built.,Yes,150,210,165,164,214,221,231,149,49,92,110,119,,,,,,,,,,,,,,,,,,,,,,,,,180,189,145,135,311,275,174,156,66,92,95,119
2025-05-10 18:26:14,2025-05-10 18:40:42,IP Address,100,868,True,R_6ZeV9wEgrjGwOEp,anonymous,EN,6187,67722f8e3a4f08a288a1f640,681fd8d4232ba9fe33d7ea48,681fe09137c44d79254c6b76,https://github.com/Guoziyang27/guoziyang27.github.io/tree/master/assets/csv,12,12,24,"[""502"",""1090"",""809"",""2396"",""2554"",""1748"",""2717"",""1489"",""2513"",""2035"",""1518"",""2653""]","[48,49,50,51,52,53,54,55,56,57,58,59]",116457.991569,3,"[7,17]",7,0,[],19751.273569,"[""397"",""266"",""181"",""529"",""185"",""263"",""191"",""197"",""258"",""187"",""344"",""244""]",pred1,none,0,4,2025-05-10 18:40:43,"I was basing this mostly on home prices in my area. Homes that are newer and have more garages go for a higher price. Many homes in my area have 2-3 car garages. My area is near the ocean, so many people have boats, making homes with garages more desirable. There are some houses that were built around 1920-1940 that are smaller, don't have many features or space, but are in an up and coming older neighborhood, and these houses are selling for much more than they would be worth in regular neighborhoods, so I based some of my decisions on that. ",Yes,397,266,181,529,185,263,191,197,258,187,344,244,329,246,188,415,138,224,183,134,223,153,188,112,,,,,,,,,,,,,,,,,,,,,,,,
2025-05-10 18:15:39,2025-05-10 18:40:45,IP Address,100,1505,True,R_3D0OwAfQQejA0yQ,anonymous,EN,9102,67b816f474ae7757b2ae4f4f,681fd8d4232ba9fe33d7ea48,681fdca1f04ed4603495b08c,https://github.com/Guoziyang27/guoziyang27.github.io/tree/master/assets/csv,12,12,24,"[""1217"",""2890"",""232"",""2583"",""2275"",""708"",""1395"",""1853"",""2594"",""1431"",""2305"",""2605""]","[216,217,218,219,220,221,222,223,224,225,226,227]",80242.272369,3.7,"[7,17]",7,0,[],2534.1223690000006,"[""165"",""170"",""130"",""125"",""250"",""140"",""120"",""300"",""175"",""200"",""240"",""400""]",pred1,shap,3,3,2025-05-10 18:40:46,"I estimated house prices by first setting a baseline using Above Grade Living Area, interpolating from the statistical summaries. I adjusted this for Car Capacity in Garage (adding for a two-car garage, subtracting for none), Year Built (reducing for older houses), # of Fireplaces (subtracting for none), and Feature Y (reducing based on the AI’s negative correlation). Feature X had minimal impact, so I often ignored it. I then used the AI’s prediction as a benchmark, tweaking it (e.g., adding for undervalued features like a two-car garage) to finalize my guess. I calibrated my estimates by learning from previous guesses, which were initially too high, aiming to minimize MSE.",Yes,165,170,130,125,250,140,120,300,175,200,240,400,,,,,,,,,,,,,150,145,130,140,275,100,120,305,125,175,125,130,,,,,,,,,,,,
2025-05-10 18:11:39,2025-05-10 18:41:17,IP Address,100,1777,True,R_3PHKKa7CeYB1fIo,anonymous,EN,5019,643466ccb8e9bb0350af3cbb,681fd8d4232ba9fe33d7ea48,681fdc47bfa9d8f8fd8b3d8f,https://github.com/Guoziyang27/guoziyang27.github.io/tree/master/assets/csv,12,12,24,"[""138"",""773"",""281"",""4"",""2434"",""1791"",""2535"",""944"",""2556"",""48"",""2384"",""192""]","[144,145,146,147,148,149,150,151,152,153,154,155]",37611.0701,4.62,"[7,17]",7,0,[],12209.1101,"[""190"",""95"",""93"",""260"",""205"",""175"",""85"",""70"",""77"",""300"",""186"",""90""]",pred1,both,2,2,2025-05-10 18:41:17,"The main thing that I considered was the total above grade living area. I figured this would be the starting point in determining overall value. I then focused on things like garage space and fireplaces since these could definitely enhance the overall value of the home. I didn't really factor in Feature X or Y since I had no ides what they were. The AI predictions were pretty close to my initial predictions on several of the houses. Because of this, I didn't really have to alter them very much.",Yes,190,95,93,260,205,175,85,70,77,300,186,90,,,,,,,,,,,,,,,,,,,,,,,,,188,118,93,235,207,240,150,77,80,300,210,120
2025-05-10 18:12:08,2025-05-10 18:41:17,IP Address,100,1749,True,R_6Gdl03D4Q2YqoiX,anonymous,EN,8322,67d8af55d7ecd9e850a93ca8,681fd8d4232ba9fe33d7ea48,681fdd45bfa9d8f8fd8b3d97,https://github.com/Guoziyang27/guoziyang27.github.io/tree/master/assets/csv,12,12,24,"[""217"",""775"",""974"",""1306"",""397"",""2450"",""416"",""383"",""1444"",""655"",""1074"",""1767""]","[60,61,62,63,64,65,66,67,68,69,70,71]",2083553.17,3,"[7,17]",7,0,[],2270925.57,"[""580"",""611"",""604"",""636"",""585"",""662"",""562"",""588"",""272"",""581"",""605"",""577""]",pred2,both,1,0,2025-05-10 18:41:18,"I compared the house in question to similar ones the AI had predicted for — looking at location, size, and condition. This helped me benchmark the current house against those examples.",Yes,580,611,604,636,585,662,562,588,272,581,605,577,,,,,,,,,,,,,,,,,,,,,,,,,617,578,646,665,548,641,590,670,608,511,559,577
2025-05-10 18:08:36,2025-05-10 18:41:35,IP Address,100,1978,True,R_5Jfvaokk9CZtJiL,anonymous,EN,4544,67cf70ec9741a100ffc7f570,681fd8d4232ba9fe33d7ea48,681fdc4e3dac7f80267b8a89,https://github.com/Guoziyang27/guoziyang27.github.io/tree/master/assets/csv,12,12,24,"[""1197"",""562"",""99"",""590"",""1040"",""2515"",""2291"",""2369"",""1936"",""1453"",""200"",""29""]","[0,1,2,3,4,5,6,7,8,9,10,11]",50642.408789,4.23,"[7,17]",7,0,[],13227.762788999999,"[""236"",""161"",""161"",""236"",""163"",""262"",""181"",""173"",""131"",""98"",""216"",""175""]",pred2,both,0,0,2025-05-10 18:41:36,I CHOOSE IT BASED ON FEATURE X,Yes,236,161,161,236,163,262,181,173,131,98,216,175,,,,,,,,,,,,,,,,,,,,,,,,,164,142,161,243,152,220,121,110,119,99,154,184
2025-05-10 18:13:23,2025-05-10 18:41:57,IP Address,100,1714,True,R_7nUCrO621wuVIjC,anonymous,EN,3592,6133a95623ae6ddc6ee4d53f,681fd8d4232ba9fe33d7ea48,681fdcb82aa6acc5972e8b3a,https://github.com/Guoziyang27/guoziyang27.github.io/tree/master/assets/csv,12,12,24,"[""903"",""1343"",""2846"",""1195"",""2797"",""109"",""1216"",""1501"",""1720"",""1418"",""867"",""1005""]","[36,37,38,39,40,41,42,43,44,45,46,47]",110268,3,"[7,17]",7,0,[],43506,"[""171"",""175"",""315"",""103"",""443"",""231"",""138"",""196"",""263"",""141"",""411"",""286""]",pred1,both,0,3,2025-05-10 18:41:58,"To revise my guesses, I approximately averaged my original guesses with the AI’s prediction.",Yes,171,175,315,103,443,231,138,196,263,141,411,286,,,,,,,,,,,,,,,,,,,,,,,,,158,131,269,140,334,208,138,144,256,127,413,226
2025-05-10 18:10:47,2025-05-10 18:42:11,IP Address,100,1883,True,R_7eJdS9UUKRLcJBO,anonymous,EN,8485,5ed9c3054268815691ed0e2c,681fd8d4232ba9fe33d7ea48,681fdc2d4848c2eb884fde85,https://github.com/Guoziyang27/guoziyang27.github.io/tree/master/assets/csv,12,12,24,"[""138"",""773"",""281"",""4"",""2434"",""1791"",""2535"",""944"",""2556"",""48"",""2384"",""192""]","[144,145,146,147,148,149,150,151,152,153,154,155]",230812.29009999998,3,"[7,17]",7,0,[],53775.270099999994,"[""316"",""254"",""330"",""402"",""366"",""316"",""258"",""192"",""206"",""414"",""463"",""246""]",pred2,none,2,2,2025-05-10 18:42:12,"Without the AI i mostly followed the sq ft of the home and year built, in the second part with the AI i thought it was probably more accurate and I choose a price that was closer to half way between my guess and the AI's prediction.",Yes,316,254,330,402,366,316,258,192,206,414,463,246,242,179,159,319,265,262,201,166,137,360,403,204,,,,,,,,,,,,,,,,,,,,,,,,
2025-05-10 18:27:32,2025-05-10 18:42:19,IP Address,100,886,True,R_7H6vz3yLHB3IsEE,anonymous,EN,1766,67352ce06354a65a2a47a063,681fd8d4232ba9fe33d7ea48,681fdcae2206747c586dd2f7,https://github.com/Guoziyang27/guoziyang27.github.io/tree/master/assets/csv,12,12,24,"[""1166"",""2080"",""11"",""261"",""1700"",""706"",""1457"",""18"",""2176"",""2733"",""1484"",""288""]","[204,205,206,207,208,209,210,211,212,213,214,215]",81725.98112400001,3,"[7,17]",7,0,[],42857.685124,"[""120"",""181"",""204"",""115"",""236"",""134"",""284"",""236"",""127"",""155"",""103"",""106""]",pred2,both,3,2,2025-05-10 18:42:20,"I thought of what would be important to me if I was buying, and it would be how recent the house is, as I expect new houses to be better built, then the Above Grade Living Area. As for the AI help, I found a midpoint between my prediction and that of the AI.",Yes,120,181,204,115,236,134,284,236,127,155,103,106,,,,,,,,,,,,,,,,,,,,,,,,,176,135,208,135,276,122,278,300,134,154,150,107
2025-05-10 18:10:06,2025-05-10 18:42:43,IP Address,100,1956,True,R_5p5PGzScmOr6Ka5,anonymous,EN,3785,681c94161f7c9b814e954108,681fd8d4232ba9fe33d7ea48,681fdcc1d092c272229f946d,https://github.com/Guoziyang27/guoziyang27.github.io/tree/master/assets/csv,12,12,24,"[""217"",""775"",""974"",""1306"",""397"",""2450"",""416"",""383"",""1444"",""655"",""1074"",""1767""]","[60,61,62,63,64,65,66,67,68,69,70,71]",802020.97,3,"[7,17]",7,0,[],41746.17,"[""461"",""311"",""336"",""279"",""336"",""615"",""458"",""495"",""470"",""310"",""458"",""607""]",pred2,both,1,0,2025-05-10 18:42:45,"In making my guesses, I relied most heavily on Above Grade Living Area, followed by Year Built, Car Capacity in Garage, and # of Fireplaces, as these features provided the most intuitive and consistent indicators of home value based on my knowledge of real estate. In Round 1, I made estimates using personal heuristics and assumptions about how these features correlate with price, particularly valuing larger, newer homes with more amenities. In Round 2, I integrated the AI model’s prediction and its feature impact explanation more systematically, using it to recalibrate my estimates—especially when the model strongly deviated from my original guesses. I noticed that Feature X and Feature Y consistently had no impact on the model’s prediction, so I deprioritized them. My overall approach evolved into a blended strategy that used the AI’s quantitative insights alongside my own feature-based reasoning to reduce error significantly.",Yes,461,311,336,279,336,615,458,495,470,310,458,607,,,,,,,,,,,,,,,,,,,,,,,,,161,161,161,161,161,384,236,236,284,151,261,349
2025-05-10 18:17:13,2025-05-10 18:42:48,IP Address,100,1534,True,R_7gcpj6aUTcZ7QjY,anonymous,EN,299,5c6a36214fbf270001311702,681fd8d4232ba9fe33d7ea48,681fdcb43dabd195ba45afc8,https://github.com/Guoziyang27/guoziyang27.github.io/tree/master/assets/csv,12,12,24,"[""2426"",""234"",""2054"",""1679"",""2400"",""1179"",""228"",""2120"",""2697"",""1514"",""2596"",""1037""]","[96,97,98,99,100,101,102,103,104,105,106,107]",188478.41760000002,3,"[7,17]",7,0,[],142313.21759999997,"[""310"",""290"",""225"",""195"",""315"",""240"",""245"",""240"",""280"",""295"",""275"",""255""]",pred2,none,1,3,2025-05-10 18:42:49,"It's hard to determining housing price when you're a native California from the Bay Area. Sq ft is very important. Depending on supply and demand you can't be picky about a homes age. Although old, it could be historic, charming and ""cozy"", a high rise without access to a fireplace and parking, or remodeled and modern. ",Yes,310,290,225,195,315,240,245,240,280,295,275,255,250,290,225,195,290,216,195,180,167,150,375,255,,,,,,,,,,,,,,,,,,,,,,,,
2025-05-10 18:12:02,2025-05-10 18:43:07,IP Address,100,1865,True,R_7rSPZRUJPeN1cvz,anonymous,EN,6738,67e18df3adc77c0702ba396b,681fd8d4232ba9fe33d7ea48,681fdcb6ec81ec6b2c82f5f2,https://github.com/Guoziyang27/guoziyang27.github.io/tree/master/assets/csv,12,12,24,"[""1909"",""1565"",""1536"",""1180"",""2543"",""1564"",""2316"",""319"",""2780"",""2565"",""73"",""1967""]","[132,133,134,135,136,137,138,139,140,141,142,143]",164670.01,3,"[7,17]",7,0,[],41833.009999999995,"[""185"",""200"",""200"",""196"",""185"",""244"",""225"",""260"",""249"",""170"",""500"",""399""]",pred1,shap,2,1,2025-05-10 18:43:08,I used the AI prediction as a baseline and adjusted based on the strength and direction of each feature's impact. I prioritized Features Y and X since they showed the largest deviations and learned over time which features the model valued most.,Yes,185,200,200,196,185,244,225,260,249,170,500,399,,,,,,,,,,,,,180,300,50,65,130,226,199,289,210,121,181,168,,,,,,,,,,,,
2025-05-10 18:11:27,2025-05-10 18:43:09,IP Address,100,1902,True,R_6TaXicWNpAKdM4x,anonymous,EN,8096,67d1d3ffb1662a82e5e93fb4,681fd8d4232ba9fe33d7ea48,681fdd01c3f27215e9df47ef,https://github.com/Guoziyang27/guoziyang27.github.io/tree/master/assets/csv,12,12,24,"[""1777"",""2011"",""703"",""813"",""1409"",""959"",""2582"",""1232"",""2183"",""1039"",""2344"",""1993""]","[84,85,86,87,88,89,90,91,92,93,94,95]",531533.66993,3,"[7,17]",7,0,[],6251.843929999998,"[""725"",""121"",""126"",""160"",""25"",""745"",""167"",""131"",""213"",""213"",""166"",""40""]",pred2,none,1,2,2025-05-10 18:43:10,i used the summary of the full set of sale prices,Yes,725,121,126,160,25,745,167,131,213,213,166,40,279,149,150,183,152,230,157,176,166,168,263,106,,,,,,,,,,,,,,,,,,,,,,,,
2025-05-10 18:10:59,2025-05-10 18:43:25,IP Address,100,1945,True,R_7NaalQg6sfgMD9s,anonymous,EN,5153,67a39443b17344848a861c0f,681fd8d4232ba9fe33d7ea48,681fdcb21e0c6eb89c4b85a2,https://github.com/Guoziyang27/guoziyang27.github.io/tree/master/assets/csv,12,12,24,"[""2799"",""2197"",""1903"",""935"",""367"",""1830"",""1218"",""1996"",""1857"",""1420"",""1178"",""111""]","[12,13,14,15,16,17,18,19,20,21,22,23]",81520.21056899999,3,"[7,17]",7,0,[],41399.528569,"[""250"",""161"",""145"",""135"",""261"",""160"",""134"",""123"",""212"",""228"",""281"",""319""]",pred2,both,0,1,2025-05-10 18:43:27,the year the house was built i considered what kind of modern features would it possibly have. AI would be able so spot any areas that i should look out for,Yes,250,161,145,135,261,160,134,123,212,228,281,319,,,,,,,,,,,,,,,,,,,,,,,,,261,171,125,160,354,118,139,153,169,316,279,175
2025-05-10 18:21:11,2025-05-10 18:44:18,IP Address,100,1387,True,R_5JF5eSMpNMK85cR,anonymous,EN,1667,66d9869a4e9051cdf5d16fa3,681fd8d4232ba9fe33d7ea48,681fdf63492cda5d9a43d02c,https://github.com/Guoziyang27/guoziyang27.github.io/tree/master/assets/csv,12,12,24,"[""1909"",""1565"",""1536"",""1180"",""2543"",""1564"",""2316"",""319"",""2780"",""2565"",""73"",""1967""]","[132,133,134,135,136,137,138,139,140,141,142,143]",37964.61,4.38,"[7,17]",7,0,[],20301.010000000002,"[""145"",""230"",""170"",""185"",""143"",""290"",""183"",""172"",""154"",""90"",""131"",""75""]",pred1,both,2,1,2025-05-10 18:44:19,"In the first round, I guessed house prices based on six features, comparing them to provided summary statistics and making logical assumptions about their impact. For the two unknown features, I considered their values relative to their distributions without knowing the direction of their price correlation. In the second round, I revised my guesses by analyzing the AI model's price prediction and how each feature influenced it, paying close attention to features the AI used differently than typical human intuition to refine my understanding and adjust my estimates.",Yes,145,230,170,185,143,290,183,172,154,90,131,75,,,,,,,,,,,,,,,,,,,,,,,,,122,340,165,252,140,235,200,300,210,101,170,170
2025-05-10 18:08:46,2025-05-10 18:44:28,IP Address,100,2141,True,R_5JEIyLFMlFJSjhe,anonymous,EN,7112,67e1c57f5b850fc2a71fe062,681fd8d4232ba9fe33d7ea48,681fdc728c963fe9cb8e10dc,https://github.com/Guoziyang27/guoziyang27.github.io/tree/master/assets/csv,12,12,24,"[""1909"",""1565"",""1536"",""1180"",""2543"",""1564"",""2316"",""319"",""2780"",""2565"",""73"",""1967""]","[132,133,134,135,136,137,138,139,140,141,142,143]",14291.810000000001,5.22,"[7,17]",7,0,[],13849.810000000001,"[""148"",""236"",""129"",""161"",""129"",""236"",""161"",""236"",""213"",""87"",""236"",""161""]",pred1,both,2,1,2025-05-10 18:44:28,"I guessed house prices by starting with $160K, then added or subtracted money based on the home's features like size, age, and number of fireplaces, while also using the computer's suggestions about the mystery features X and Y.",Yes,148,236,129,161,129,236,161,236,213,87,236,161,,,,,,,,,,,,,,,,,,,,,,,,,129,310,161,236,129,236,213,310,213,129,213,129
2025-05-10 18:07:39,2025-05-10 18:44:41,IP Address,100,2221,True,R_1ctCjOehlrEwF8t,anonymous,EN,6937,67ddb06bc7175d8f155fe2bf,681fd8d4232ba9fe33d7ea48,681fdc3077cee2f69750b2a5,https://github.com/Guoziyang27/guoziyang27.github.io/tree/master/assets/csv,12,12,24,"[""322"",""1308"",""2166"",""298"",""2825"",""2257"",""1590"",""1608"",""2226"",""429"",""2572"",""1416""]","[180,181,182,183,184,185,186,187,188,189,190,191]",318482.93385000003,3,"[7,17]",7,0,[],39957.163850000004,"[""501"",""257"",""311"",""310"",""384"",""310"",""237"",""339"",""236"",""458"",""384"",""458""]",pred2,shap,3,0,2025-05-10 18:44:42,"When making my guesses, I focused on several key features that I believed had the most significant impact on the house price. I ranked Above Grade Living Area as the most important because larger homes generally have higher values. Year Built came next, as newer homes typically hold higher value due to modern construction and fewer maintenance issues. I gave Car Capacity in Garage a high rank, as more parking space tends to add to the overall price. I also considered Feature X and Feature Y, adjusting based on how they might reflect desirable or specific characteristics of a home, though their exact impact wasn’t clear. I factored in # of Fireplaces as a secondary feature, assuming it added value, but not significantly. In the context of the AI predictions, I cross-referenced those with my prior knowledge and intuition, adjusting upward or downward depending on how each feature seemed to align with typical price trends in the housing market. Ultimately, I considered a combination of these factors, aligning them with both the AI's estimates and my understanding of how each feature impacted home pricing.",Yes,501,257,311,310,384,310,237,339,236,458,384,458,,,,,,,,,,,,,458,161,236,236,310,193,183,137,154,348,133,116,,,,,,,,,,,,
2025-05-10 18:08:06,2025-05-10 18:45:03,IP Address,100,2217,True,R_6i2RnzpSaR9NjUt,anonymous,EN,2089,558d8d71fdf99b534f79b352,681fd8d4232ba9fe33d7ea48,681fdc4a7a2b41dfed7f2ce9,https://github.com/Guoziyang27/guoziyang27.github.io/tree/master/assets/csv,12,12,24,"[""1217"",""2890"",""232"",""2583"",""2275"",""708"",""1395"",""1853"",""2594"",""1431"",""2305"",""2605""]","[216,217,218,219,220,221,222,223,224,225,226,227]",54255.722369,4.34,"[7,17]",7,0,[],5494.716369000002,"[""267"",""200"",""145"",""138"",""175"",""188"",""105"",""225"",""124"",""195"",""170"",""206""]",pred2,none,3,3,2025-05-10 18:45:04,"The steps that I used were: check the year the house was built, compare it to the table of examples to see what medium range it fell under.  Use the median range within the sales price table to determine the maximum price that it could fall under. From there, I adjusted based on the criteria listed above.  If the values were higher than the prior listing than I'd increase the price, and if its lower then its decreased.

When the AI was introduced, I went for a more averaged price range that balanced my perspective with the model's.  In addition, I placed more weight on the AI's price when the factors above better matched the pricing.",Yes,267,200,145,138,175,188,105,225,124,195,170,206,144,140,120,135,256,106,88,290,124,194,165,190,,,,,,,,,,,,,,,,,,,,,,,,
2025-05-10 18:12:52,2025-05-10 18:45:04,IP Address,100,1931,True,R_5xYfRnHNJBY5V3X,anonymous,EN,8204,663a8a591f436a85bb4d90c2,681fd8d4232ba9fe33d7ea48,681fdc5269db753369101eba,https://github.com/Guoziyang27/guoziyang27.github.io/tree/master/assets/csv,12,12,24,"[""1166"",""2080"",""11"",""261"",""1700"",""706"",""1457"",""18"",""2176"",""2733"",""1484"",""288""]","[204,205,206,207,208,209,210,211,212,213,214,215]",143978.685124,3,"[7,17]",7,0,[],59155.297124000004,"[""250"",""45"",""375"",""65"",""425"",""35"",""425"",""475"",""78"",""48"",""56"",""20""]",pred2,both,3,2,2025-05-10 18:45:04,Prioritizing in the above order as well as features that I would consider impactful to cost. Also considering AI predictions specifically with features X and Y where no cost was assigned however my guess assigned cost.,Yes,250,45,375,65,425,35,425,475,78,48,56,20,,,,,,,,,,,,,,,,,,,,,,,,,200,75,250,110,350,75,350,292,95,90,100,70
2025-05-10 18:09:54,2025-05-10 18:45:04,IP Address,100,2109,True,R_1us18icpg5rTESY,anonymous,EN,7045,66d4ec6fe6d7a979e98b5ff3,681fd8d4232ba9fe33d7ea48,681fdca1e803da9cec616066,https://github.com/Guoziyang27/guoziyang27.github.io/tree/master/assets/csv,12,12,24,"[""217"",""775"",""974"",""1306"",""397"",""2450"",""416"",""383"",""1444"",""655"",""1074"",""1767""]","[60,61,62,63,64,65,66,67,68,69,70,71]",223149.77000000002,3,"[7,17]",7,0,[],62774.57,"[""254"",""152"",""211"",""160"",""149"",""545"",""198"",""281"",""413"",""103"",""398"",""543""]",pred1,both,1,0,2025-05-10 18:45:05,"Unfortunately, it wasnt anything complicated, mostly b/c there are so many other factors that werebnt mentioned.  Location, for example.  a 2000ft place in atlanta is going to be different than one in idaho or somewhere else.  based on what I was given though, sq footage took prominence. The X and Y factors I just let cancel each other out b/c I had no idea what they were.                                                                                                                                                                                                                                                                                                                                                                                                                                                                                                                                                                                                                                                                                                                                                                                                                                                                                                                                ",Yes,254,152,211,160,149,545,198,281,413,103,398,543,,,,,,,,,,,,,,,,,,,,,,,,,150,143,144,134,142,446,178,219,305,96,360,422
2025-05-10 18:26:49,2025-05-10 18:45:15,IP Address,100,1105,True,R_7TzLn9f3hTt6sUe,anonymous,EN,6538,66b8d74a8ce8e0d943a6b205,681fd8d4232ba9fe33d7ea48,681fe08de43e1eecc08c374c,https://github.com/Guoziyang27/guoziyang27.github.io/tree/master/assets/csv,12,12,24,"[""217"",""775"",""974"",""1306"",""397"",""2450"",""416"",""383"",""1444"",""655"",""1074"",""1767""]","[60,61,62,63,64,65,66,67,68,69,70,71]",28624.77,4.8,"[7,17]",7,0,[],14697.97,"[""189"",""135"",""136"",""143"",""150"",""234"",""168"",""188"",""200"",""125"",""216"",""245""]",pred2,none,1,0,2025-05-10 18:45:16,"I based my guesses primarily on the key house features, such as the above-grade living area, garage capacity, and year built, since these directly influenced the price. Larger living spaces and more parking generally led to higher estimates, while older homes tended to be less valuable. Feature X seemed to have a positive effect on the price, so I adjusted my guesses accordingly, although Feature Y had a smaller impact. I used the AI predictions as a reference but adjusted my guesses based on how well the features aligned with the predicted prices. My strategy was a combination of analyzing the provided features and refining my estimates with the AI's suggestions.",Yes,189,135,136,143,150,234,168,188,200,125,216,245,178,132,125,126,139,277,168,185,215,119,229,271,,,,,,,,,,,,,,,,,,,,,,,,
2025-05-10 18:09:58,2025-05-10 18:45:24,IP Address,100,2125,True,R_37rCtrOSlHThr9L,anonymous,EN,3165,5aa806e7777df200016088c5,681fd8d4232ba9fe33d7ea48,681fdc766b873658bd3e6267,https://github.com/Guoziyang27/guoziyang27.github.io/tree/master/assets/csv,12,12,24,"[""502"",""1090"",""809"",""2396"",""2554"",""1748"",""2717"",""1489"",""2513"",""2035"",""1518"",""2653""]","[48,49,50,51,52,53,54,55,56,57,58,59]",310183.799569,3,"[7,17]",7,0,[],24522.335569000003,"[""403"",""375"",""389"",""411"",""300"",""390"",""291"",""325"",""385"",""265"",""276"",""186""]",pred1,shap,0,4,2025-05-10 18:45:24,"I tried to give the most attention to Above Grade Living Area and the Year Built as I believed these are the factors that would have the greatest impacts on the price. From there, I considered the homes with few amenities as cheaper properties while others with more amenities I rated as having higher prices. Overall, I tried to compare the Trials to each other when it came to features and tried to not create any outliers in the homes price range.",Yes,403,375,389,411,300,390,291,325,385,265,276,186,,,,,,,,,,,,,317,250,225,409,175,235,191,160,218,151,183,168,,,,,,,,,,,,
2025-05-10 18:09:08,2025-05-10 18:45:25,IP Address,100,2177,True,R_6NQaGsb7PiUQOZo,anonymous,EN,6015,680e67f9d4d42c1a45b04c57,681fd8d4232ba9fe33d7ea48,681fdc5e460da08f2f8d35f9,https://github.com/Guoziyang27/guoziyang27.github.io/tree/master/assets/csv,12,12,24,"[""2799"",""2197"",""1903"",""935"",""367"",""1830"",""1218"",""1996"",""1857"",""1420"",""1178"",""111""]","[12,13,14,15,16,17,18,19,20,21,22,23]",254868.16456900002,3,"[7,17]",7,0,[],30431.634568999998,"[""384"",""160"",""160"",""236"",""540"",""235"",""270"",""310"",""240"",""532"",""544"",""384""]",pred1,both,0,1,2025-05-10 18:45:26,"I leveraged my basic understanding of housing features while heavily incorporating the more nuanced and potentially non-obvious relationships identified by the AI model, using the ""Impact on AI prediction"" as a key translator of the AI's knowledge.",Yes,384,160,160,236,540,235,270,310,240,532,544,384,,,,,,,,,,,,,,,,,,,,,,,,,310,170,85,161,385,161,160,160,175,230,385,236
2025-05-10 18:10:13,2025-05-10 18:45:32,IP Address,100,2118,True,R_5S93QGW4CzD0241,anonymous,EN,3772,67c2c6d0ac2544574cdd78b0,681fd8d4232ba9fe33d7ea48,681fdcc86298273b1c119012,https://github.com/Guoziyang27/guoziyang27.github.io/tree/master/assets/csv,12,12,24,"[""903"",""1343"",""2846"",""1195"",""2797"",""109"",""1216"",""1501"",""1720"",""1418"",""867"",""1005""]","[36,37,38,39,40,41,42,43,44,45,46,47]",17232,4.84,"[7,17]",7,0,[],24538,"[""145"",""158"",""153"",""132"",""254"",""150"",""127"",""164"",""223"",""139"",""243"",""190""]",pred2,none,0,3,2025-05-10 18:45:33,"The strategy I used for making guesses involved analyzing the provided house features, such as the year built, number of fireplaces, car capacity in the garage, above-grade living area, and two censored features (Feature X and Feature Y). I considered these factors' potential impact on house prices, with newer homes generally valued higher, and more amenities like fireplaces and garage space leading to higher prices. I also reviewed the model’s predicted price and adjusted my guesses based on the features. I compared my guess to previous trials to detect trends and made reasonable adjustments. My goal was to align my guess with the model’s prediction while factoring in the house's characteristics.",Yes,145,158,153,132,254,150,127,164,223,139,243,190,120,115,130,127,128,151,129,110,233,115,333,212,,,,,,,,,,,,,,,,,,,,,,,,
2025-05-10 18:11:33,2025-05-10 18:45:34,IP Address,100,2040,True,R_3tnhaT5U5KkLG6h,anonymous,EN,5037,67db09c719a34f37f3f38e0a,681fd8d4232ba9fe33d7ea48,681fdd213faa964edb0a5872,https://github.com/Guoziyang27/guoziyang27.github.io/tree/master/assets/csv,12,12,24,"[""1217"",""2890"",""232"",""2583"",""2275"",""708"",""1395"",""1853"",""2594"",""1431"",""2305"",""2605""]","[216,217,218,219,220,221,222,223,224,225,226,227]",1957127.3983689998,3,"[7,17]",7,0,[],1969749.142369,"[""581"",""582"",""519"",""558"",""549"",""577"",""568"",""587"",""591"",""438"",""572"",""590""]",pred1,shap,3,3,2025-05-10 18:45:34,"I prioritized features that are known to affect value the most — such as location, square footage, and number of bedrooms/bathrooms — and treated others (e.g., paint color or minor landscaping) as less important.",Yes,581,582,519,558,549,577,568,587,591,438,572,590,,,,,,,,,,,,,605,538,598,497,505,526,504,534,655,584,571,592,,,,,,,,,,,,
2025-05-10 18:14:35,2025-05-10 18:46:34,IP Address,100,1918,True,R_7hbizcZinRgfwGx,anonymous,EN,2480,67a72a2a346c08cd36e7860a,681fd8d4232ba9fe33d7ea48,681fddd769790e9262c6fcca,https://github.com/Guoziyang27/guoziyang27.github.io/tree/master/assets/csv,12,12,24,"[""1909"",""1565"",""1536"",""1180"",""2543"",""1564"",""2316"",""319"",""2780"",""2565"",""73"",""1967""]","[132,133,134,135,136,137,138,139,140,141,142,143]",368207.41,3,"[7,17]",7,0,[],26495.41,"[""490"",""353"",""323"",""400"",""342"",""409"",""423"",""278"",""225"",""246"",""231"",""198""]",pred2,none,2,1,2025-05-10 18:46:35,"Since the strategy relies on understanding how each feature contributes to the price and I used trial and error across the rounds to adjust for better accuracy, this process would help refine my estimates over time, improving the MSE in subsequent rounds.",Yes,490,353,323,400,342,409,423,278,225,246,231,198,220,340,118,184,122,248,200,321,219,108,217,177,,,,,,,,,,,,,,,,,,,,,,,,
2025-05-10 18:07:47,2025-05-10 18:46:34,IP Address,100,2326,True,R_1fjpPwjyu9eA2Pf,anonymous,EN,4061,5e4b793f03c92a08a6d28e3f,681fd8d4232ba9fe33d7ea48,681fdc3dd54ff288fcb02588,https://github.com/Guoziyang27/guoziyang27.github.io/tree/master/assets/csv,12,12,24,"[""1909"",""1565"",""1536"",""1180"",""2543"",""1564"",""2316"",""319"",""2780"",""2565"",""73"",""1967""]","[132,133,134,135,136,137,138,139,140,141,142,143]",483789.61,3,"[7,17]",7,0,[],35331.41,"[""305"",""397"",""413"",""323"",""453"",""319"",""424"",""322"",""364"",""376"",""402"",""340""]",pred1,none,2,1,2025-05-10 18:46:35,I guessed on the amount of features and year the house was built with,Yes,305,397,413,323,453,319,424,322,364,376,402,340,196,398,140,260,127,249,192,288,212,112,168,168,,,,,,,,,,,,,,,,,,,,,,,,
2025-05-10 18:10:22,2025-05-10 18:47:00,IP Address,100,2198,True,R_78y9dHQboMmMrQJ,anonymous,EN,8698,67f00b145cf2440ca37929d4,681fd8d4232ba9fe33d7ea48,681fdcd6e2a615423ea42349,https://github.com/Guoziyang27/guoziyang27.github.io/tree/master/assets/csv,12,12,24,"[""926"",""621"",""2413"",""5"",""1585"",""856"",""2229"",""2906"",""1760"",""1150"",""1142"",""108""]","[168,169,170,171,172,173,174,175,176,177,178,179]",137404.530225,3,"[7,17]",7,0,[],35726.410225,"[""119"",""84"",""224"",""302"",""340"",""310"",""297"",""245"",""347"",""221"",""290"",""272""]",pred1,shap,2,4,2025-05-10 18:47:01,"The year the building was put up is very critical is these predictions, and the farther away the year is from today, the higher the rate of depreciation, which then decreases the value of the building. Above grade living area and fire places are also features to consider as benefits of using the building. Car capacity in garage is a very good indication of value as well, as higher capacity attracts higher values. The AI helped me in attaching values based on feature X and Y impacts, the actual feature is unknown.
",Yes,119,84,224,302,340,310,297,245,347,221,290,272,,,,,,,,,,,,,250,123,220,202,207,209,250,224,271,212,251,262,,,,,,,,,,,,
2025-05-10 18:10:45,2025-05-10 18:47:03,IP Address,100,2178,True,R_7J8Z6trM6zTeBbE,anonymous,EN,5462,67a507f52decb8dbaacc29e3,681fd8d4232ba9fe33d7ea48,681fdcb493f0261309fe25c4,https://github.com/Guoziyang27/guoziyang27.github.io/tree/master/assets/csv,12,12,24,"[""217"",""775"",""974"",""1306"",""397"",""2450"",""416"",""383"",""1444"",""655"",""1074"",""1767""]","[60,61,62,63,64,65,66,67,68,69,70,71]",111844.97,3,"[7,17]",7,0,[],12874.17,"[""125"",""137"",""157"",""142"",""130"",""212"",""194"",""215"",""214"",""139"",""215"",""527""]",pred1,none,1,0,2025-05-10 18:47:04,"I considered the features stated in this sequence : year built, number of fire places, car capacity in the garage, above grade living area sq feet, feature x and feature y then used the Ai predictions to find the estimate of the final pricing",Yes,125,137,157,142,130,212,194,215,214,139,215,527,110,138,100,134,120,300,170,150,214,99,304,260,,,,,,,,,,,,,,,,,,,,,,,,
2025-05-10 18:09:19,2025-05-10 18:47:46,IP Address,100,2307,True,R_3i92ZZ1CFLXYdSp,anonymous,EN,4924,6817d4859a9918d9b58057f2,681fd8d4232ba9fe33d7ea48,681fdc836f6899b0ff6e4d68,https://github.com/Guoziyang27/guoziyang27.github.io/tree/master/assets/csv,12,12,24,"[""217"",""775"",""974"",""1306"",""397"",""2450"",""416"",""383"",""1444"",""655"",""1074"",""1767""]","[60,61,62,63,64,65,66,67,68,69,70,71]",21328.570000000003,5.19,"[7,17]",7,0,[],8004.97,"[""190"",""140"",""145"",""110"",""135"",""250"",""175"",""210"",""224"",""109"",""220"",""270""]",pred1,both,1,0,2025-05-10 18:47:47,"I was basing my guesses using the AI prediction as a starting point and adjusted based on the features of the house. I focused on features with the highest impact such as living area and Feature Y to refine my estimate. ",Yes,190,140,145,110,135,250,175,210,224,109,220,270,,,,,,,,,,,,,,,,,,,,,,,,,130,136,110,90,120,300,169,155,220,95,305,265
2025-05-10 18:08:44,2025-05-10 18:48:49,IP Address,100,2404,True,R_3OxyPGGV5vGPEBN,anonymous,EN,4986,6572144253ae69f2c700c9a9,681fd8d4232ba9fe33d7ea48,681fdc7481214af359957274,https://github.com/Guoziyang27/guoziyang27.github.io/tree/master/assets/csv,12,12,24,"[""2426"",""234"",""2054"",""1679"",""2400"",""1179"",""228"",""2120"",""2697"",""1514"",""2596"",""1037""]","[96,97,98,99,100,101,102,103,104,105,106,107]",145712.6176,3,"[7,17]",7,0,[],27556.6176,"[""145"",""145"",""316"",""360"",""205"",""185"",""175"",""135"",""115"",""145"",""110"",""145""]",pred2,shap,1,3,2025-05-10 18:48:51,"Strategy Description
Round 1 (No AI):
I used intuition and general real-estate knowledge:

More square footage, newer construction, and more garage capacity pushed my estimates up.

I adjusted downward if a home lacked a garage or fireplace, was older, or had low square footage.

For older homes with small living areas and no garage/fireplace, I guessed significantly lower.

Feature X and Y were difficult to assess, so I mostly ignored them unless values were extreme.

Round 2 (With AI Predictions):
I began with the AI prediction as a strong reference point.

Then, I checked how much the AI adjusted its prediction based on each feature. I noted:

If living area or year built had a strong impact, I followed the direction and magnitude of that.

If fireplaces or garage had moderate impacts, I’d adjust slightly.

If the AI prediction looked well-reasoned, I stayed close. But if I felt a feature was under- or over-emphasized (e.g., large house being undervalued), I adjusted accordingly.

I mostly trusted the AI more in Round 2, which clearly improved my performance (MSE dropped by over 80%).

",Yes,145,145,316,360,205,185,175,135,115,145,110,145,,,,,,,,,,,,,160,145,150,150,250,215,165,158,65,90,78,120,,,,,,,,,,,,
2025-05-10 18:08:00,2025-05-10 18:49:34,IP Address,100,2494,True,R_1rfdSLl9SLFbQ2I,anonymous,EN,7987,67c9aee3e124597db0168dde,681fd8d4232ba9fe33d7ea48,681fdc4a1b117a5c47c2408f,https://github.com/Guoziyang27/guoziyang27.github.io/tree/master/assets/csv,12,12,24,"[""926"",""621"",""2413"",""5"",""1585"",""856"",""2229"",""2906"",""1760"",""1150"",""1142"",""108""]","[168,169,170,171,172,173,174,175,176,177,178,179]",4331.920225,5.7,"[7,17]",7,0,[],6558.560224999999,"[""240"",""140"",""177"",""181"",""188"",""135"",""220"",""180"",""178"",""165"",""184"",""185""]",pred1,both,2,4,2025-05-10 18:49:35," I based my guesses mostly on familiar features like year built, living area, number of fireplaces, and garage size. I tried to estimate how much each of those might affect price based on common sense.",Yes,240,140,177,181,188,135,220,180,178,165,184,185,,,,,,,,,,,,,,,,,,,,,,,,,195,151,185,183,169,164,201,180,194,185,203,167
2025-05-10 18:17:27,2025-05-10 18:49:55,IP Address,100,1947,True,R_6OT5xPS59ON9BCb,anonymous,EN,6823,67ed8e7a8a601fc20f85f35e,681fd8d4232ba9fe33d7ea48,681fdcdb069cdcbe59a07de0,https://github.com/Guoziyang27/guoziyang27.github.io/tree/master/assets/csv,12,12,24,"[""1909"",""1565"",""1536"",""1180"",""2543"",""1564"",""2316"",""319"",""2780"",""2565"",""73"",""1967""]","[132,133,134,135,136,137,138,139,140,141,142,143]",20860.010000000002,4.94,"[7,17]",7,0,[],17388.010000000002,"[""190"",""241"",""135"",""190"",""145"",""235"",""209"",""230"",""210"",""130"",""230"",""220""]",pred1,both,2,1,2025-05-10 18:49:55,"To make my estimates, I used the AI's estimated sale price as a base. I then took into account how each feature impacted the price, remembering the features with the greatest impacts. Features like garage space and fireplace number, for example, were more important. I also took into account the age and size of the house, knowing that new and bigger houses are more valuable. I thought about the AI's estimate and these traits after considering them, and I modified my estimate up or down based on what seemed most important. The more rounds I performed, the better I got at understanding which traits were most influential.",Yes,190,241,135,190,145,235,209,230,210,130,230,220,,,,,,,,,,,,,,,,,,,,,,,,,130,330,145,260,135,225,200,290,215,120,180,170
2025-05-10 18:13:59,2025-05-10 18:49:59,IP Address,100,2159,True,R_7MlmRedUHbMLTzm,anonymous,EN,8894,677f2450439ced98417d88db,681fd8d4232ba9fe33d7ea48,681fdd20c84e3b44dccf59cd,https://github.com/Guoziyang27/guoziyang27.github.io/tree/master/assets/csv,12,12,24,"[""2799"",""2197"",""1903"",""935"",""367"",""1830"",""1218"",""1996"",""1857"",""1420"",""1178"",""111""]","[12,13,14,15,16,17,18,19,20,21,22,23]",97964.10456899999,3,"[7,17]",7,0,[],46315.074569,"[""225"",""140"",""86"",""186"",""230"",""168"",""138"",""78"",""170"",""230"",""261"",""145""]",pred1,none,0,1,2025-05-10 18:50:00,"I referred to the task details quite a bit and took into account the year and square footage.  I then looked at what each house had (i.e., fireplace, and garage).  I gauged feature x and y based on the task detail chart and figured that the more recent year houses had more x and y.  When I saw the AI predictions, I changed my guess to be more in the middle between my guess and AI's prediction.",Yes,225,140,86,186,230,168,138,78,170,230,261,145,235,155,78,173,325,148,130,95,167,213,310,148,,,,,,,,,,,,,,,,,,,,,,,,
2025-05-10 18:19:48,2025-05-10 18:50:01,IP Address,100,1812,True,R_68SA6MxQeCRTSAP,anonymous,EN,4962,66632c96e56c2cc87923bf78,681fd8d4232ba9fe33d7ea48,681fddb882634c6505aa51ab,https://github.com/Guoziyang27/guoziyang27.github.io/tree/master/assets/csv,12,12,24,"[""1491"",""535"",""307"",""1353"",""2140"",""2199"",""881"",""1942"",""522"",""583"",""778"",""1160""]","[108,109,110,111,112,113,114,115,116,117,118,119]",90624.24693299999,3,"[7,17]",7,0,[],30768.370933,"[""240"",""220"",""200"",""279"",""179"",""190"",""186"",""190"",""210"",""232"",""236"",""226""]",pred1,shap,1,4,2025-05-10 18:50:01,My guesses were the mean average between my prior estimates and the AI predictions.,Yes,240,220,200,279,179,190,186,190,210,232,236,226,,,,,,,,,,,,,220,200,180,150,165,130,184,146,351,212,194,206,,,,,,,,,,,,
2025-05-10 18:09:32,2025-05-10 18:50:17,IP Address,100,2444,True,R_1Pkgh9uNIm4Am2k,anonymous,EN,7225,67ece9196415f83b88c87e3d,681fd8d4232ba9fe33d7ea48,681fdc63bf655d12a4e2b633,https://github.com/Guoziyang27/guoziyang27.github.io/tree/master/assets/csv,12,12,24,"[""830"",""2623"",""1959"",""2069"",""121"",""682"",""2018"",""1786"",""2136"",""1027"",""303"",""564""]","[156,157,158,159,160,161,162,163,164,165,166,167]",60122.165583999995,4.16,"[7,17]",7,0,[],6126.845584,"[""250"",""210"",""291"",""202"",""205"",""186"",""225"",""250"",""175"",""210"",""151"",""310""]",pred1,both,2,3,2025-05-10 18:50:18,I looked at every feature and examined the cost. I then examined the role or importance of that feature to the house. I therefore concluded that a house with these features that are larger will be more expensive,Yes,250,210,291,202,205,186,225,250,175,210,151,310,,,,,,,,,,,,,,,,,,,,,,,,,201,152,143,194,180,160,151,220,160,148,61,280
2025-05-10 18:08:38,2025-05-10 18:50:35,IP Address,100,2516,True,R_5QxPMi2HUQ2z9tq,anonymous,EN,4854,681ad36cc1be8123b80a1bdf,681fd8d4232ba9fe33d7ea48,681fdc6896c71ebb131b75db,https://github.com/Guoziyang27/guoziyang27.github.io/tree/master/assets/csv,12,12,24,"[""2799"",""2197"",""1903"",""935"",""367"",""1830"",""1218"",""1996"",""1857"",""1420"",""1178"",""111""]","[12,13,14,15,16,17,18,19,20,21,22,23]",139954.062569,3,"[7,17]",7,0,[],40781.898569,"[""36"",""155"",""127"",""187"",""463"",""199"",""203"",""152"",""184"",""197"",""624"",""192""]",pred1,shap,0,1,2025-05-10 18:50:36,I considered the most important features of the houses in comparison with the year the house was made. Then i considered the other factors which helped me come up with the guess.,Yes,36,155,127,187,463,199,203,152,184,197,624,192,,,,,,,,,,,,,236,166,58,154,349,126,110,107,157,189,326,141,,,,,,,,,,,,
2025-05-10 18:08:01,2025-05-10 18:50:41,IP Address,100,2560,True,R_137v0S4RThQV4dj,anonymous,EN,9389,6643be675817fd2a43298a04,681fd8d4232ba9fe33d7ea48,681fdc359e95d3455e17031b,https://github.com/Guoziyang27/guoziyang27.github.io/tree/master/assets/csv,12,12,24,"[""926"",""621"",""2413"",""5"",""1585"",""856"",""2229"",""2906"",""1760"",""1150"",""1142"",""108""]","[168,169,170,171,172,173,174,175,176,177,178,179]",310422.400225,3,"[7,17]",7,0,[],28684.900224999998,"[""17"",""16"",""13"",""13"",""13"",""18"",""32"",""13"",""16"",""20"",""20"",""26""]",pred2,shap,2,4,2025-05-10 18:50:42,I guessed the prices on accuracy of the market,Yes,17,16,13,13,13,18,32,13,16,20,20,26,,,,,,,,,,,,,253,182,203,232,200,205,223,223,254,197,259,177,,,,,,,,,,,,
2025-05-10 18:09:25,2025-05-10 18:50:54,IP Address,100,2488,True,R_3QSKrtgztumTos9,anonymous,EN,6412,67d9d158b3db2c7d641840b0,681fd8d4232ba9fe33d7ea48,681fdc50fb44ded81a5b7ca7,https://github.com/Guoziyang27/guoziyang27.github.io/tree/master/assets/csv,12,12,24,"[""502"",""1090"",""809"",""2396"",""2554"",""1748"",""2717"",""1489"",""2513"",""2035"",""1518"",""2653""]","[48,49,50,51,52,53,54,55,56,57,58,59]",102927.577569,3,"[7,17]",7,0,[],19457.621569000003,"[""355"",""282"",""192"",""375"",""185"",""270"",""225"",""208"",""270"",""240"",""325"",""288""]",pred2,none,0,4,2025-05-10 18:50:55,"I prioritized the house's size, year built, and feature correlations (like fireplaces and garage capacity) for my guesses. I considered the AI predictions as a guide, adjusting based on these key factors for more accuracy.
",Yes,355,282,192,375,185,270,225,208,270,240,325,288,340,250,186,338,142,228,170,164,205,176,203,172,,,,,,,,,,,,,,,,,,,,,,,,
2025-05-10 18:43:13,2025-05-10 18:51:23,IP Address,100,489,True,R_5CpVFhEyN8RbAFq,anonymous,EN,7562,675218192512cf36966b9068,681fd8d4232ba9fe33d7ea48,681fdc7b3f02aa73cce1f41f,https://github.com/Guoziyang27/guoziyang27.github.io/tree/master/assets/csv,12,12,24,"[""2426"",""234"",""2054"",""1679"",""2400"",""1179"",""228"",""2120"",""2697"",""1514"",""2596"",""1037""]","[96,97,98,99,100,101,102,103,104,105,106,107]",471479.9376,3,"[7,17]",7,0,[],21992.4976,"[""201"",""211"",""171"",""138"",""212"",""203"",""194"",""192"",""118"",""755"",""141"",""135""]",pred2,shap,1,3,2025-05-10 18:51:24,I USED FEATURE X,Yes,201,211,171,138,212,203,194,192,118,755,141,135,,,,,,,,,,,,,189,205,171,129,261,214,157,154,94,89,74,180,,,,,,,,,,,,
2025-05-10 18:08:23,2025-05-10 18:52:09,IP Address,100,2625,True,R_3oXtMDHVwmhwaGE,anonymous,EN,76,67e5cefeefd6e23bf7fef2ff,681fd8d4232ba9fe33d7ea48,681fdc5d02ce2d56f6f5538d,https://github.com/Guoziyang27/guoziyang27.github.io/tree/master/assets/csv,12,12,24,"[""1197"",""562"",""99"",""590"",""1040"",""2515"",""2291"",""2369"",""1936"",""1453"",""200"",""29""]","[0,1,2,3,4,5,6,7,8,9,10,11]",220446.094789,3,"[7,17]",7,0,[],93280.39478900001,"[""120"",""220"",""401"",""171"",""277"",""290"",""265"",""185"",""114"",""179"",""44"",""370""]",pred2,both,0,0,2025-05-10 18:52:10,Thinking about the year built first since old built houses are not modern houses soo they offer less. With the AI I could argue with the above grade living size.,Yes,120,220,401,171,277,290,265,185,114,179,44,370,,,,,,,,,,,,,,,,,,,,,,,,,181,150,275,347,176,252,189,140,112,170,79,346
2025-05-10 18:10:10,2025-05-10 18:52:10,IP Address,100,2519,True,R_3vYssyk9XvVKpmZ,anonymous,EN,1535,67f17dd190608f5685509b92,681fd8d4232ba9fe33d7ea48,681fdcc083b1453176984336,https://github.com/Guoziyang27/guoziyang27.github.io/tree/master/assets/csv,12,12,24,"[""95"",""2712"",""2847"",""1508"",""2111"",""1069"",""2915"",""2429"",""1646"",""453"",""196"",""2019""]","[24,25,26,27,28,29,30,31,32,33,34,35]",24427.102721,4.99,"[7,17]",7,0,[],12051.502720999997,"[""185"",""125"",""160"",""115"",""155"",""240"",""125"",""220"",""205"",""178"",""155"",""116""]",pred1,none,0,2,2025-05-10 18:52:10,"I focused most on house size and age, then garage/fireplaces, then mystery features. For confusing cases, I split the difference between my calculation and the AI's prediction.

",Yes,185,125,160,115,155,240,125,220,205,178,155,116,180,118,160,95,189,295,118,220,200,193,155,153,,,,,,,,,,,,,,,,,,,,,,,,
2025-05-10 18:15:04,2025-05-10 18:52:12,IP Address,100,2228,True,R_7HufPcS5shX2Z3y,anonymous,EN,1075,6679e88eb948e8a4b08a39fb,681fd8d4232ba9fe33d7ea48,681fdc2f9dc3497bac3ddf1d,https://github.com/Guoziyang27/guoziyang27.github.io/tree/master/assets/csv,12,12,24,"[""1777"",""2011"",""703"",""813"",""1409"",""959"",""2582"",""1232"",""2183"",""1039"",""2344"",""1993""]","[84,85,86,87,88,89,90,91,92,93,94,95]",99771.08193,3,"[7,17]",7,0,[],9929.00193,"[""215"",""257"",""285"",""368"",""183"",""253"",""100"",""144"",""174"",""170"",""222"",""174""]",pred1,both,1,2,2025-05-10 18:52:13,"I looked at the year built and square footage. To me those are the greatest determinants. I adjusted slightly based on AI. For instance if the delta was $60k, I narrowed it to around $20k delta",Yes,215,257,285,368,183,253,100,144,174,170,222,174,,,,,,,,,,,,,,,,,,,,,,,,,262,164,210,169,171,238,152,160,174,170,222,127
2025-05-10 18:42:38,2025-05-10 18:52:33,IP Address,100,594,True,R_5DcLnLDWpejF3FL,anonymous,EN,690,678bd9e18b42a93aa738894d,681fd8d4232ba9fe33d7ea48,681fdc808d9ebbad826887ae,https://github.com/Guoziyang27/guoziyang27.github.io/tree/master/assets/csv,12,12,24,"[""1217"",""2890"",""232"",""2583"",""2275"",""708"",""1395"",""1853"",""2594"",""1431"",""2305"",""2605""]","[216,217,218,219,220,221,222,223,224,225,226,227]",484440.460369,3,"[7,17]",7,0,[],5665.344369,"[""235"",""182"",""102"",""200"",""212"",""755"",""101"",""262"",""208"",""181"",""95"",""190""]",pred1,shap,3,3,2025-05-10 18:52:34,I USED THE YEAR BUILT,Yes,235,182,102,200,212,755,101,262,208,181,95,190,,,,,,,,,,,,,182,182,121,138,278,90,120,293,118,166,129,135,,,,,,,,,,,,
2025-05-10 18:17:05,2025-05-10 18:52:52,IP Address,100,2146,True,R_7s1MgjGwksAZxep,anonymous,EN,3606,65654bb65a81489784483bf0,681fd8d4232ba9fe33d7ea48,681fdc853450e0e959ffa0dd,https://github.com/Guoziyang27/guoziyang27.github.io/tree/master/assets/csv,12,12,24,"[""322"",""1308"",""2166"",""298"",""2825"",""2257"",""1590"",""1608"",""2226"",""429"",""2572"",""1416""]","[180,181,182,183,184,185,186,187,188,189,190,191]",70681.86385,3,"[7,17]",7,0,[],52064.11385,"[""236"",""177"",""200"",""186"",""205"",""188"",""174"",""172"",""185"",""210"",""188"",""185""]",pred1,both,3,0,2025-05-10 18:52:52,"without seeing pictures of the homes, I would think that home buyers would factor in when the home was brought and what materials were used, then check the above ground level things, and the rest of the list of things.",Yes,236,177,200,186,205,188,174,172,185,210,188,185,,,,,,,,,,,,,,,,,,,,,,,,,276,170,200,191,220,191,198,170,180,221,178,169
2025-05-10 18:17:42,2025-05-10 18:52:58,IP Address,100,2115,True,R_6nOaLtWQu8QdKvK,anonymous,EN,7829,67eb91c75bdf0be76c9a7f7c,681fd8d4232ba9fe33d7ea48,681fdcd23065d2e818add11d,https://github.com/Guoziyang27/guoziyang27.github.io/tree/master/assets/csv,12,12,24,"[""95"",""2712"",""2847"",""1508"",""2111"",""1069"",""2915"",""2429"",""1646"",""453"",""196"",""2019""]","[24,25,26,27,28,29,30,31,32,33,34,35]",31025.102720999996,4.66,"[7,17]",7,0,[],17133.564721,"[""190"",""145"",""160"",""160"",""170"",""280"",""150"",""220"",""215"",""200"",""230"",""130""]",pred2,none,0,2,2025-05-10 18:52:59,,Yes,190,145,160,160,170,280,150,220,215,200,230,130,190,135,163,110,175,325,125,249,212,202,230,110,,,,,,,,,,,,,,,,,,,,,,,,
2025-05-10 18:14:20,2025-05-10 18:53:29,IP Address,100,2348,True,R_3eV7KU9TAMBP9v3,anonymous,EN,5107,67f306bc60aeb0e5b30ba70e,681fd8d4232ba9fe33d7ea48,681fdccbec30649dee663d22,https://github.com/Guoziyang27/guoziyang27.github.io/tree/master/assets/csv,12,12,24,"[""138"",""773"",""281"",""4"",""2434"",""1791"",""2535"",""944"",""2556"",""48"",""2384"",""192""]","[144,145,146,147,148,149,150,151,152,153,154,155]",32399.7701,4.78,"[7,17]",7,0,[],11638.1701,"[""190"",""130"",""160"",""240"",""190"",""200"",""140"",""110"",""150"",""280"",""210"",""170""]",pred1,both,2,2,2025-05-10 18:53:31,"My strategy was actually based in some factors such as the year of manufacturing, price and also the capacity it possesses. In the proceedings, I tried to adjust some of the prices integrated by AI and I adjust to them accordingly.  Most of my price were a bit lower and hence if AI prediction is lower I try to adjust it to match a little bit",Yes,190,130,160,240,190,200,140,110,150,280,210,170,,,,,,,,,,,,,,,,,,,,,,,,,187,136,95,222,210,245,180,90,90,295,220,150
2025-05-10 18:11:55,2025-05-10 18:54:05,IP Address,100,2530,True,R_3ylW6tRujLVJfW4,anonymous,EN,411,680e8bb23e711754c3e41b81,681fd8d4232ba9fe33d7ea48,681fdd2f2839124da2553a2c,https://github.com/Guoziyang27/guoziyang27.github.io/tree/master/assets/csv,12,12,24,"[""2426"",""234"",""2054"",""1679"",""2400"",""1179"",""228"",""2120"",""2697"",""1514"",""2596"",""1037""]","[96,97,98,99,100,101,102,103,104,105,106,107]",1967908.7375999999,3,"[7,17]",7,0,[],1863928.0176,"[""516"",""545"",""483"",""413"",""654"",""507"",""622"",""538"",""571"",""612"",""607"",""618""]",pred2,both,1,3,2025-05-10 18:54:06,I kept on calculating the amounts,Yes,516,545,483,413,654,507,622,538,571,612,607,618,,,,,,,,,,,,,,,,,,,,,,,,,585,316,622,562,589,556,535,604,519,477,479,622
2025-05-10 18:11:08,2025-05-10 18:54:06,IP Address,100,2578,True,R_7ToqEEPuudITCxj,anonymous,EN,1484,676a674d7c3901f79b2a9d85,681fd8d4232ba9fe33d7ea48,681fdc974eaa5b13a40153cc,https://github.com/Guoziyang27/guoziyang27.github.io/tree/master/assets/csv,12,12,24,"[""322"",""1308"",""2166"",""298"",""2825"",""2257"",""1590"",""1608"",""2226"",""429"",""2572"",""1416""]","[180,181,182,183,184,185,186,187,188,189,190,191]",272201.68385000003,3,"[7,17]",7,0,[],44434.98385,"[""48"",""40"",""70"",""90"",""100"",""95"",""150"",""85"",""90"",""120"",""95"",""95""]",pred2,both,3,0,2025-05-10 18:54:07,"I made my guesses based on the number of fireplaces and the garage capacity. I the higher each of these were, the higher the price I figured the house was, the lower each was, the lower I figured the house was, the AI predictions I always figured were probably to high considering how faulty AI could be, so I always guessed a little lower than the AI, the rest of the features I didn't take into consideration much. I just didn't see why they would really matter.",Yes,48,40,70,90,100,95,150,85,90,120,95,95,,,,,,,,,,,,,,,,,,,,,,,,,320,100,200,150,250,160,150,115,130,320,120,100
2025-05-10 18:31:12,2025-05-10 18:54:11,IP Address,100,1379,True,R_7Iypkx4mIeu0n7m,anonymous,EN,7282,66e260c1772d67a93b460a82,681fd8d4232ba9fe33d7ea48,681fe1adfd7cb76f3a2623c4,https://github.com/Guoziyang27/guoziyang27.github.io/tree/master/assets/csv,12,12,24,"[""926"",""621"",""2413"",""5"",""1585"",""856"",""2229"",""2906"",""1760"",""1150"",""1142"",""108""]","[168,169,170,171,172,173,174,175,176,177,178,179]",1095156.660225,3,"[7,17]",7,0,[],402859.220225,"[""461"",""527"",""515"",""584"",""415"",""535"",""461"",""528"",""420"",""223"",""483"",""450""]",pred1,both,2,4,2025-05-10 18:54:12,The main thing I looked at is the year the house was built. It is also important to have car garages to increase sale price. The number of fire places isnt so important in looking for a house so that was my last choice.,Yes,461,527,515,584,415,535,461,528,420,223,483,450,,,,,,,,,,,,,,,,,,,,,,,,,260,347,347,412,333,346,386,342,347,374,339,416
2025-05-10 18:08:34,2025-05-10 18:55:19,IP Address,100,2804,True,R_3LhWMVTI4KJb82Z,anonymous,EN,3924,67eed6daac7c1271496cd429,681fd8d4232ba9fe33d7ea48,681fdc59fde759ea416d7b38,https://github.com/Guoziyang27/guoziyang27.github.io/tree/master/assets/csv,12,12,24,"[""1166"",""2080"",""11"",""261"",""1700"",""706"",""1457"",""18"",""2176"",""2733"",""1484"",""288""]","[204,205,206,207,208,209,210,211,212,213,214,215]",1514612.4611240001,3,"[7,17]",7,0,[],891792.661124,"[""710"",""740"",""715"",""305"",""414"",""266"",""614"",""591"",""411"",""472"",""391"",""432""]",pred2,none,3,2,2025-05-10 18:55:20,"I first used above grade living area to estimate a base price, larger homes were worth more. Then I adjusted the price using feature X and feature Y, I also increased the price slightly for newer homes,more garage spaces and sometimes fire places",Yes,710,740,715,305,414,266,614,591,411,472,391,432,176,137,715,305,414,267,616,591,411,472,391,432,,,,,,,,,,,,,,,,,,,,,,,,
2025-05-10 18:08:07,2025-05-10 18:55:23,IP Address,100,2834,True,R_5dMMae1YFMMIGHV,anonymous,EN,8101,67edb3dbc2b6765fa734761c,681fd8d4232ba9fe33d7ea48,681fdc3c9b2d949a7d147320,https://github.com/Guoziyang27/guoziyang27.github.io/tree/master/assets/csv,12,12,24,"[""1217"",""2890"",""232"",""2583"",""2275"",""708"",""1395"",""1853"",""2594"",""1431"",""2305"",""2605""]","[216,217,218,219,220,221,222,223,224,225,226,227]",354749.664369,3,"[7,17]",7,0,[],165757.18836899998,"[""384"",""310"",""236"",""230"",""458"",""161"",""130"",""458"",""350"",""362"",""175"",""500""]",pred1,both,3,3,2025-05-10 18:55:23,Mostly I was focused on the size of the are and the assets like garange.AI did influence my suggestion a lo since i was focused on the same specific features.,Yes,384,310,236,230,458,161,130,458,350,362,175,500,,,,,,,,,,,,,,,,,,,,,,,,,236,180,140,148,384,110,130,382,310,362,135,442
2025-05-10 18:11:04,2025-05-10 18:55:33,IP Address,100,2668,True,R_7mlNi8UVvOLlsfT,anonymous,EN,9220,67df1829b7244ebd44f6eecc,681fd8d4232ba9fe33d7ea48,681fdcff59edb140c2a33dea,https://github.com/Guoziyang27/guoziyang27.github.io/tree/master/assets/csv,12,12,24,"[""2426"",""234"",""2054"",""1679"",""2400"",""1179"",""228"",""2120"",""2697"",""1514"",""2596"",""1037""]","[96,97,98,99,100,101,102,103,104,105,106,107]",83430.0976,3.37,"[7,17]",7,0,[],11206.2176,"[""184"",""236"",""236"",""236"",""310"",""310"",""310"",""236"",""161"",""161"",""148"",""153""]",pred1,shap,1,3,2025-05-10 18:55:34,"I mainly relied on the AI’s prediction, tweaking it slightly based on the feature impacts. If something stood out, like a newer build or large living area, I adjusted my guess a bit. I also kept past rounds in mind to stay consistent.",Yes,184,236,236,236,310,310,310,236,161,161,148,153,,,,,,,,,,,,,195,167,131,126,361,294,166,165,131,110,121,128,,,,,,,,,,,,
2025-05-10 18:09:11,2025-05-10 18:56:51,IP Address,100,2859,True,R_56XhhZqDNSdEHKN,anonymous,EN,2496,5cfb5233df7d70001619ca90,681fd8d4232ba9fe33d7ea48,681fdc93d8bd2da4c30f9646,https://github.com/Guoziyang27/guoziyang27.github.io/tree/master/assets/csv,12,12,24,"[""830"",""2623"",""1959"",""2069"",""121"",""682"",""2018"",""1786"",""2136"",""1027"",""303"",""564""]","[156,157,158,159,160,161,162,163,164,165,166,167]",15253.485583999998,5.32,"[7,17]",7,0,[],9264.741584,"[""180"",""150"",""170"",""150"",""135"",""95"",""70"",""280"",""100"",""120"",""50"",""270""]",pred1,both,2,3,2025-05-10 18:56:51,"I tried to put different weights to different attributes. Then just guessed the price. I did consider AI predictions, and tried to gravitate towards that if there were a large difference.",Yes,180,150,170,150,135,95,70,280,100,120,50,270,,,,,,,,,,,,,,,,,,,,,,,,,184,134,160,165,139,100,79,254,118,127,50,273
2025-05-10 18:10:04,2025-05-10 18:57:21,IP Address,100,2836,True,R_1HhpJnVxD9ESIVN,anonymous,EN,41,67df28dda304d6e7be52b893,681fd8d4232ba9fe33d7ea48,681fdcbacd15a7257945bf68,https://github.com/Guoziyang27/guoziyang27.github.io/tree/master/assets/csv,12,12,24,"[""611"",""197"",""2090"",""1571"",""2202"",""694"",""2588"",""1743"",""2157"",""2298"",""570"",""2147""]","[72,73,74,75,76,77,78,79,80,81,82,83]",78552.990901,3.27,"[7,17]",7,0,[],19847.060901,"[""253"",""242"",""310"",""290"",""210"",""190"",""240"",""300"",""205"",""210"",""260"",""300""]",pred2,none,1,1,2025-05-10 18:57:22,"The guesses that i have made above are based on the logical features analysis , i focused alot on the important features that were provided the year built size of the garage, the square feet, the number of fireplaces as these features will greatly influence the purchasing of the house , With the AI predictions i kept it as my guide to makesure my guesses are at reasonable level though before making final decision i have looked at the features again.",Yes,253,242,310,290,210,190,240,300,205,210,260,300,211,205,230,230,150,155,175,265,165,145,240,240,,,,,,,,,,,,,,,,,,,,,,,,
2025-05-10 18:09:17,2025-05-10 18:57:31,IP Address,100,2893,True,R_5aysOkLVcMhU3Id,anonymous,EN,2704,680d54968e828f2eb1ea2482,681fd8d4232ba9fe33d7ea48,681fdc439a50a40670cd3328,https://github.com/Guoziyang27/guoziyang27.github.io/tree/master/assets/csv,12,12,24,"[""138"",""773"",""281"",""4"",""2434"",""1791"",""2535"",""944"",""2556"",""48"",""2384"",""192""]","[144,145,146,147,148,149,150,151,152,153,154,155]",238348.6901,3,"[7,17]",7,0,[],20183.0901,"[""236"",""87"",""161"",""236"",""236"",""310"",""236"",""161"",""161"",""532"",""607"",""384""]",pred2,shap,2,2,2025-05-10 18:57:31,"I prioritized key features like Above Grade Living Area and Year Built, as they directly impact a house's value. I then adjusted my guess based on the AI prediction, using it as a baseline to refine my estimate according to the other features, such as # of Fireplaces and Car Capacity in Garage. Finally, I ensured consistency by considering my previous guesses, making sure my estimates evolved logically with each trial.
",Yes,236,87,161,236,236,310,236,161,161,532,607,384,,,,,,,,,,,,,200,120,101,231,206,220,161,87,87,310,310,236,,,,,,,,,,,,
2025-05-10 18:07:56,2025-05-10 18:58:08,IP Address,100,3011,True,R_6bQwf6rAbhccnUT,anonymous,EN,5385,67eb05609784671d4a2cf76c,681fd8d4232ba9fe33d7ea48,681fdc3b4e1d2d2b8ad84a4d,https://github.com/Guoziyang27/guoziyang27.github.io/tree/master/assets/csv,12,12,24,"[""2426"",""234"",""2054"",""1679"",""2400"",""1179"",""228"",""2120"",""2697"",""1514"",""2596"",""1037""]","[96,97,98,99,100,101,102,103,104,105,106,107]",28418.8176,4.94,"[7,17]",7,0,[],9798.217599999998,"[""230"",""210"",""200"",""160"",""325"",""200"",""180"",""155"",""110"",""150"",""100"",""205""]",pred1,shap,1,3,2025-05-10 18:58:08,"I considered clear features such as Year and living Area, which drove most decisions.  Comparing to the 25th/75th helped quantify adjustments. Small changes for X/Y helped to place my considered clear features such as Year and living Area, which drove most decisions. Small changes for X/Y helped to place my rank.",Yes,230,210,200,160,325,200,180,155,110,150,100,205,,,,,,,,,,,,,200,168,132,130,357,285,175,162,120,105,85,132,,,,,,,,,,,,
2025-05-10 18:42:49,2025-05-10 18:58:35,IP Address,100,945,True,R_58YHEVFWblJPYCl,anonymous,EN,4040,676b040df6d7ded171203036,681fd8d4232ba9fe33d7ea48,681fdcb73faa964edb0a586d,https://github.com/Guoziyang27/guoziyang27.github.io/tree/master/assets/csv,12,12,24,"[""138"",""773"",""281"",""4"",""2434"",""1791"",""2535"",""944"",""2556"",""48"",""2384"",""192""]","[144,145,146,147,148,149,150,151,152,153,154,155]",24862.250099999997,4.95,"[7,17]",7,0,[],12769.2301,"[""106"",""91"",""93"",""206"",""214"",""210"",""122"",""77"",""99"",""274"",""301"",""169""]",pred1,both,2,2,2025-05-10 18:58:36,"Living area and year built were my primary prediction tools, but I trusted the AI to understand factors X and Y so I trusted the AI more than my predictions most times.",Yes,106,91,93,206,214,210,122,77,99,274,301,169,,,,,,,,,,,,,,,,,,,,,,,,,186,135,94,221,213,243,185,85,99,290,217,144
2025-05-10 18:39:29,2025-05-10 18:58:52,IP Address,100,1163,True,R_61EOJbJfjIlJdPL,anonymous,EN,4990,67212487ab628114f4e828ba,681fd8d4232ba9fe33d7ea48,681fe3ab9d10f501d240b7ac,https://github.com/Guoziyang27/guoziyang27.github.io/tree/master/assets/csv,12,12,24,"[""1197"",""562"",""99"",""590"",""1040"",""2515"",""2291"",""2369"",""1936"",""1453"",""200"",""29""]","[0,1,2,3,4,5,6,7,8,9,10,11]",182169.664789,3,"[7,17]",7,0,[],170414.320789,"[""18"",""35"",""33"",""28"",""16"",""33"",""18"",""21"",""13"",""19"",""13"",""19""]",pred2,none,0,0,2025-05-10 18:58:53,"I honestly just went off the year it was built and kind've guess from there. I know houses in the 50's,60s can't be that high. And so, with the houses in 70's,80's and 90's I just went higher",Yes,18,35,33,28,16,33,18,21,13,19,13,19,24,39,39,32,22,41,24,22,16,24,13,22,,,,,,,,,,,,,,,,,,,,,,,,
2025-05-10 18:17:28,2025-05-10 18:59:43,IP Address,100,2535,True,R_1wgDlkYl8k9FCRq,anonymous,EN,1416,67dc8f06e924a5e7d1fd9228,681fd8d4232ba9fe33d7ea48,681fdcc00626b6069c4661be,https://github.com/Guoziyang27/guoziyang27.github.io/tree/master/assets/csv,12,12,24,"[""1938"",""229"",""988"",""679"",""841"",""2641"",""1309"",""2639"",""2685"",""2604"",""969"",""593""]","[120,121,122,123,124,125,126,127,128,129,130,131]",73508.26000000001,3,"[7,17]",7,0,[],36035.46,"[""60"",""205"",""252"",""72"",""207"",""31"",""124"",""89"",""60"",""45"",""291"",""201""]",pred1,both,2,0,2025-05-10 18:59:44,"My strategy was to determine the value of the building with much attention to the year built, irrespective of features attached. In there was an extra factor which spoke about maintenance, I would have changed my prediction a bit. Perhaps, one of feature Y or X could be about maintenance but since it is unknown, the significant determinant was the year built.",Yes,60,205,252,72,207,31,124,89,60,45,291,201,,,,,,,,,,,,,,,,,,,,,,,,,69,204,208,80,174,162,130,92,81,80,306,206
2025-05-10 18:10:41,2025-05-10 19:01:33,IP Address,100,3051,True,R_31i2uSz2CFORNeH,anonymous,EN,6131,5cb5f1e080ba1c0001790399,681fd8d4232ba9fe33d7ea48,681fdcbdf099903ecfaeceae,https://github.com/Guoziyang27/guoziyang27.github.io/tree/master/assets/csv,12,12,24,"[""1909"",""1565"",""1536"",""1180"",""2543"",""1564"",""2316"",""319"",""2780"",""2565"",""73"",""1967""]","[132,133,134,135,136,137,138,139,140,141,142,143]",20493.010000000002,5.01,"[7,17]",7,0,[],15132.810000000001,"[""155"",""210"",""165"",""170"",""135"",""230"",""175"",""260"",""240"",""130"",""250"",""180""]",pred1,both,2,1,2025-05-10 19:01:35,"First Round:

Without the AI, I was mostly just trying to make sense of the numbers compared to those summary stats they gave us at the beginning.

Where it Fits: I'd look at each feature and see if it was high, low, or somewhere in the middle compared to the min, max, and those 25% and 75% marks.
Common Sense: Things like more living space and a bigger garage just felt like they should mean a higher price.
The Mystery Features: For Feature X and Y, I was really just guessing. If it was a really high number, I'd maybe lean towards a higher price, and if it was low, a lower price, but it was a total shot in the dark.
Putting it Together: I'd try to balance it all out. A newish house with decent space and a garage would probably be mid-to-high range. An old, small place with no garage would be lower.
Staying Realistic: I tried to keep my guesses somewhere between that really low $13K and the super high $755K.
Second Round:

The AI definitely changed how I approached it.

AI's Number First: I'd see what the AI predicted and compare it to what I thought. If they were way off, I figured I should probably pay attention to why.
Decoding X and Y: That ""Impact on AI prediction"" column was key for finally getting a hint about whether high or low values of Feature X and Y seemed to mean higher or lower prices.
Those Highlighted Clues: When they highlighted features, I really focused on how the AI was using those, figuring that was where it knew something I didn't.
Rethinking My Gut: Sometimes, the AI's take on fireplaces, for example, made me reconsider my initial thought if the other features also seemed to point in that direction.
Meeting in the Middle (Sort Of): I didn't just copy the AI's guess. I'd look at why it guessed that way (the impacts on each feature) and then adjust my own guess based on that and what I still thought made sense from the basic features.
Still a Bit Skeptical: If the AI was acting weird about something (like the fireplace sometimes being negative), I'd rely more on the overall picture and my slowly growing understanding of X and Y.
Basically, the AI in the second round gave me some much-needed info, especially on those mystery features, and helped me refine my initial, pretty basic way of guessing. It was like getting a few hints that helped me make more informed guesses.",Yes,155,210,165,170,135,230,175,260,240,130,250,180,,,,,,,,,,,,,,,,,,,,,,,,,140,320,155,245,134,228,190,285,225,122,195,170
2025-05-10 18:08:09,2025-05-10 19:02:16,IP Address,100,3246,True,R_1PGeQRZy2ZltYLS,anonymous,EN,140,5e38e79295ff561112eae457,681fd8d4232ba9fe33d7ea48,681fdc4d9c322c89c9dda017,https://github.com/Guoziyang27/guoziyang27.github.io/tree/master/assets/csv,12,12,24,"[""2426"",""234"",""2054"",""1679"",""2400"",""1179"",""228"",""2120"",""2697"",""1514"",""2596"",""1037""]","[96,97,98,99,100,101,102,103,104,105,106,107]",294819.25759999995,3,"[7,17]",7,0,[],15167.7776,"[""462"",""422"",""235"",""345"",""504"",""442"",""354"",""202"",""70"",""101"",""50"",""158""]",pred2,shap,1,3,2025-05-10 19:02:17,"In my early guesses I think I was overvaluing how much features X and Y mattered. Later I started basing my guesses mostly on the year built and living area compared to the average, and tried to come up with a guess by looking at the average home prices. My later guesses ended up being pretty close to the AI predictions so I didn't change them much, but I realized I was probably way off on my earlier guesses and brought them much closer.",Yes,462,422,235,345,504,442,354,202,70,101,50,158,,,,,,,,,,,,,203,203,124,172,300,255,183,174,70,90,66,130,,,,,,,,,,,,
2025-05-10 18:29:11,2025-05-10 19:02:17,IP Address,100,1986,True,R_7J4bvDxTB9rA9un,anonymous,EN,8932,651090beae417ded35c4ef2f,681fd8d4232ba9fe33d7ea48,681fe13f408add5bef96d33c,https://github.com/Guoziyang27/guoziyang27.github.io/tree/master/assets/csv,12,12,24,"[""172"",""1352"",""46"",""675"",""544"",""980"",""1655"",""2813"",""2445"",""2094"",""1954"",""2350""]","[192,193,194,195,196,197,198,199,200,201,202,203]",34860.2725,4.83,"[7,17]",7,0,[],7334.7725,"[""175"",""190"",""225"",""200"",""240"",""185"",""170"",""170"",""215"",""195"",""155"",""170""]",pred1,shap,3,1,2025-05-10 19:02:18,"I used living area then year built, garage cap as based + and - somewhat fluid factor ranges and averaged mean vs highest against lower valuations.  Garage cap and fireplaces are valuable now but not always present in new/old construction so size stepped up in consideration in those cases. ",Yes,175,190,225,200,240,185,170,170,215,195,155,170,,,,,,,,,,,,,137,175,225,162,225,99,175,176,280,230,120,165,,,,,,,,,,,,
2025-05-10 18:17:57,2025-05-10 19:02:46,IP Address,100,2689,True,R_1l9RBOUlN7YutTV,anonymous,EN,878,680ec32031885952d3053f80,681fd8d4232ba9fe33d7ea48,681fdc57ae1a9377144fd079,https://github.com/Guoziyang27/guoziyang27.github.io/tree/master/assets/csv,12,12,24,"[""1217"",""2890"",""232"",""2583"",""2275"",""708"",""1395"",""1853"",""2594"",""1431"",""2305"",""2605""]","[216,217,218,219,220,221,222,223,224,225,226,227]",37136.640369,3,"[7,17]",7,0,[],105622.640369,"[""220"",""210"",""143"",""135"",""282"",""170"",""121"",""320"",""183"",""184"",""138"",""281""]",pred1,shap,3,3,2025-05-10 19:02:47,"In the first round, I based my guesses entirely on the provided features. I relied most on above grade living area, assuming larger homes sell for more, and considered year built to assess condition and potential renovations. I gave moderate weight to garage size and fireplaces as indicators of amenities. Feature X and Y were harder to interpret without knowing their meaning, so I watched how price changed across different values.

In the second round, I incorporated the AI’s prediction and explanation to adjust my guesses. I compared my previous guess to the AI’s and tried to understand why the AI’s value differed—especially when the impact of certain features (like Feature Y or garage size) was large. When the AI's rationale made sense, I adjusted toward it. But if I thought the model underweighted certain elements (like living area or recent construction), I leaned more on my own judgment.
",Yes,220,210,143,135,282,170,121,320,183,184,138,281,,,,,,,,,,,,,166,150,135,140,282,217,239,139,321,175,131,180,,,,,,,,,,,,
2025-05-10 18:09:42,2025-05-10 19:03:20,IP Address,100,3217,True,R_16zfKAJUtXlcUN3,anonymous,EN,8428,67d470c967687fac16376ace,681fd8d4232ba9fe33d7ea48,681fdcaf61223635f1f7a6d5,https://github.com/Guoziyang27/guoziyang27.github.io/tree/master/assets/csv,12,12,24,"[""926"",""621"",""2413"",""5"",""1585"",""856"",""2229"",""2906"",""1760"",""1150"",""1142"",""108""]","[168,169,170,171,172,173,174,175,176,177,178,179]",2553.660225,5.77,"[7,17]",7,0,[],5740.4402249999985,"[""210"",""148"",""175"",""175"",""170"",""140"",""210"",""150"",""209"",""135"",""206"",""225""]",pred2,both,2,4,2025-05-10 19:03:21,"Anchor the price to the Mean while prioritizing clear signals, such Living area and fireplaces. These drove most adjustments. I also used Feature X/Y to place in the nearest accurate rank.",Yes,210,148,175,175,170,140,210,150,209,135,206,225,,,,,,,,,,,,,,,,,,,,,,,,,235,135,201,205,190,143,207,155,209,133,213,157
2025-05-10 18:12:27,2025-05-10 19:03:34,IP Address,100,3067,True,R_7qyOpn1rMb1drsT,anonymous,EN,7277,62964d27c2b2866faa677493,681fd8d4232ba9fe33d7ea48,681fdd53e9fd7f6bd5cf5387,https://github.com/Guoziyang27/guoziyang27.github.io/tree/master/assets/csv,12,12,24,"[""217"",""775"",""974"",""1306"",""397"",""2450"",""416"",""383"",""1444"",""655"",""1074"",""1767""]","[60,61,62,63,64,65,66,67,68,69,70,71]",67782.37,3.3,"[7,17]",7,0,[],29350.37,"[""165"",""145"",""136"",""124"",""137"",""190"",""142"",""124"",""135"",""133"",""176"",""137""]",pred1,none,1,0,2025-05-10 19:03:35,"I primarily based my guesses on the above grade living area, as it had the clearest relationship to price. I also relied heavily on Feature X, which I inferred to be positively correlated with price, and adjusted downward for low Feature Y values, which seemed negatively correlated. I used garage capacity and year built as secondary indicators—newer homes and homes with garages tended to sell for more. Fireplaces had minimal influence since most homes had none. ",Yes,165,145,136,124,137,190,142,124,135,133,176,137,152,146,129,107,124,222,153,131,184,107,259,198,,,,,,,,,,,,,,,,,,,,,,,,
2025-05-10 18:09:58,2025-05-10 19:03:52,IP Address,100,3233,True,R_17qm0F9kePTZGcB,anonymous,EN,9029,67df3a8d01917c368d7b20a9,681fd8d4232ba9fe33d7ea48,681fdca11d6d0f0c4c978bc6,https://github.com/Guoziyang27/guoziyang27.github.io/tree/master/assets/csv,12,12,24,"[""502"",""1090"",""809"",""2396"",""2554"",""1748"",""2717"",""1489"",""2513"",""2035"",""1518"",""2653""]","[48,49,50,51,52,53,54,55,56,57,58,59]",118401.185569,3,"[7,17]",7,0,[],62655.511569,"[""160"",""384"",""200"",""213"",""214"",""160"",""130"",""236"",""309"",""150"",""212"",""236""]",pred2,shap,0,4,2025-05-10 19:03:53,"I was so belief and had confidence in myself ",Yes,160,384,200,213,214,160,130,236,309,150,212,236,,,,,,,,,,,,,160,224,201,213,214,196,149,136,309,150,178,134,,,,,,,,,,,,
2025-05-10 18:10:37,2025-05-10 19:04:15,IP Address,100,3217,True,R_72QMwpVgIWk1Kme,anonymous,EN,7833,67d73105678503aafd215824,681fd8d4232ba9fe33d7ea48,681fdcdb9688ae8351da69ee,https://github.com/Guoziyang27/guoziyang27.github.io/tree/master/assets/csv,12,12,24,"[""1217"",""2890"",""232"",""2583"",""2275"",""708"",""1395"",""1853"",""2594"",""1431"",""2305"",""2605""]","[216,217,218,219,220,221,222,223,224,225,226,227]",35043.712369,4.68,"[7,17]",7,0,[],12478.712368999999,"[""161"",""161"",""87"",""87"",""310"",""161"",""87"",""310"",""236"",""236"",""87"",""236""]",pred1,shap,3,3,2025-05-10 19:04:16,"I started by memorizing the key price brackets (mean $160K, 25th percentile $129.5K, 75th percentile $213.5K) and developed intuitive valuations for each feature - for example, I treated square footage as the most important factor (penalizing <1,000 sq ft heavily and rewarding >2,000 sq ft), followed by year built (premium for 1990s+, penalty for pre-1950). For each house, I'd mentally adjust from the $160K mean based on standout features, giving more weight to concrete factors like size and age while being cautious about mysterious Features X/Y. When AI predictions appeared, I used them as a reality check - agreeing when they made sense (like their emphasis on Feature Y) but overruling them when their adjustments seemed illogical (like penalizing fireplaces when present). For borderline cases, I'd ask myself ""Does this feel like a $200K+ home?"" considering both the raw numbers and how features might interact in reality (e.g., an old but meticulously maintained large home). Through trial and error, I learned to spot when the AI was over-relying on certain metrics while developing my own sense of how different combinations of features affect real-world home values.",Yes,161,161,87,87,310,161,87,310,236,236,87,236,,,,,,,,,,,,,161,161,161,161,310,87,87,310,161,236,87,236,,,,,,,,,,,,
2025-05-10 18:12:37,2025-05-10 19:09:28,IP Address,100,3410,True,R_7szCcugq3YyzymE,anonymous,EN,3359,67e03c6425fabb9ed20edae5,681fd8d4232ba9fe33d7ea48,681fdd2d2b0f4c81ec5758d3,https://github.com/Guoziyang27/guoziyang27.github.io/tree/master/assets/csv,12,12,24,"[""95"",""2712"",""2847"",""1508"",""2111"",""1069"",""2915"",""2429"",""1646"",""453"",""196"",""2019""]","[24,25,26,27,28,29,30,31,32,33,34,35]",73178.722721,3,"[7,17]",7,0,[],37473.152721,"[""236"",""161"",""185"",""236"",""161"",""458"",""137"",""310"",""236"",""187"",""310"",""129""]",pred2,none,0,2,2025-05-10 19:09:29,I compared my results with those of AI and thought we might have different ranking of the features.,Yes,236,161,185,236,161,458,137,310,236,187,310,129,215,148,175,172,170,400,131,295,220,194,282,116,,,,,,,,,,,,,,,,,,,,,,,,
2025-05-10 18:20:18,2025-05-10 19:09:43,IP Address,100,2964,True,R_6TNvBifHkhlDcRj,anonymous,EN,3081,67ffb2910de210bfa1a94048,681fd8d4232ba9fe33d7ea48,681fdf2f8a1e5ac951e61d02,https://github.com/Guoziyang27/guoziyang27.github.io/tree/master/assets/csv,12,12,24,"[""1197"",""562"",""99"",""590"",""1040"",""2515"",""2291"",""2369"",""1936"",""1453"",""200"",""29""]","[0,1,2,3,4,5,6,7,8,9,10,11]",69906.72678900001,3.24,"[7,17]",7,0,[],29288.754788999995,"[""180"",""188"",""220"",""234"",""175"",""224"",""191"",""185"",""235"",""185"",""160"",""251""]",pred2,both,0,0,2025-05-10 19:09:44,"I have used the 3 rd column error, added them to my guess number if my guess is low; or subract if my guess was too high. and check if the result does not deviate too much from the AI  price.",Yes,180,188,220,234,175,224,191,185,235,185,160,251,,,,,,,,,,,,,,,,,,,,,,,,,170,160,200,265,140,220,140,140,200,145,151,220
2025-05-10 18:07:35,2025-05-10 19:12:11,IP Address,100,3875,True,R_6P1no7sXjGHtbVU,anonymous,EN,8685,5ebe14249a676b1650b48531,681fd8d4232ba9fe33d7ea48,681fdc2c398ee6139df434d6,https://github.com/Guoziyang27/guoziyang27.github.io/tree/master/assets/csv,12,12,24,"[""2799"",""2197"",""1903"",""935"",""367"",""1830"",""1218"",""1996"",""1857"",""1420"",""1178"",""111""]","[12,13,14,15,16,17,18,19,20,21,22,23]",353229.830569,3,"[7,17]",7,0,[],37305.026568999994,"[""366"",""213"",""470"",""297"",""631"",""292"",""266"",""280"",""150"",""182"",""200"",""357""]",pred1,none,0,1,2025-05-10 19:12:13,I considered the year bulit and the feature y and x of the house to choose my prices. I feel like houses that were built in 1800s/early 1900s would be cheaper.,Yes,366,213,470,297,631,292,266,280,150,182,200,357,239,106,57,184,377,120,104,121,172,194,383,150,,,,,,,,,,,,,,,,,,,,,,,,
2025-05-10 18:23:58,2025-05-10 19:14:17,IP Address,100,3019,True,R_18AnWw8EU0OWOJR,anonymous,EN,26,67df96103881052b9489230b,681fd8d4232ba9fe33d7ea48,681fde8ecfb4db4e990ec76d,https://github.com/Guoziyang27/guoziyang27.github.io/tree/master/assets/csv,12,12,24,"[""1737"",""2854"",""1659"",""1148"",""2254"",""1755"",""680"",""2100"",""2734"",""2122"",""1726"",""1962""]","[228,229,230,231,232,233,234,235,236,237,238,239]",23320.382856,5.04,"[7,17]",7,0,[],11253.382856,"[""190"",""210"",""220"",""180"",""155"",""230"",""190"",""240"",""170"",""175"",""210"",""135""]",pred2,shap,3,4,2025-05-10 19:14:18,,Yes,190,210,220,180,155,230,190,240,170,175,210,135,,,,,,,,,,,,,190,140,186,205,120,251,145,275,150,165,210,110,,,,,,,,,,,,
2025-05-10 18:31:26,2025-05-10 19:25:34,IP Address,100,3248,True,R_3hxxckSS1y2sHPU,anonymous,EN,4264,673d7ae8487ef7faa1463ac1,681fd8d4232ba9fe33d7ea48,681fe1c831bd0cc1e9aedfa9,https://github.com/Guoziyang27/guoziyang27.github.io/tree/master/assets/csv,12,12,24,"[""1777"",""2011"",""703"",""813"",""1409"",""959"",""2582"",""1232"",""2183"",""1039"",""2344"",""1993""]","[84,85,86,87,88,89,90,91,92,93,94,95]",109908.21992999999,3,"[7,17]",7,0,[],6673.279929999999,"[""300"",""100"",""110"",""150"",""135"",""280"",""200"",""295"",""225"",""300"",""450"",""225""]",pred2,both,1,2,2025-05-10 19:25:35,"I based on my guesses on the years that the houses were built, and their car capacities. When it came to the AI, I based by guesses on its recommendations, meeting its recommendations in the middle.",Yes,300,100,110,150,135,280,200,295,225,300,450,225,,,,,,,,,,,,,,,,,,,,,,,,,280,150,150,180,150,230,160,180,170,170,265,110
2025-05-10 19:10:17,2025-05-10 19:27:29,IP Address,100,1031,True,R_3x7EZEP1s2RGmZP,anonymous,EN,6907,67e6f4dba5bd40214b515cb2,681fd8d4232ba9fe33d7ea48,681feacd9c2497e75e9863da,https://github.com/Guoziyang27/guoziyang27.github.io/tree/master/assets/csv,12,12,24,"[""611"",""197"",""2090"",""1571"",""2202"",""694"",""2588"",""1743"",""2157"",""2298"",""570"",""2147""]","[72,73,74,75,76,77,78,79,80,81,82,83]",41114.090901,4.37,"[7,17]",7,0,[],17433.690901,"[""150"",""193"",""318"",""300"",""85"",""65"",""142"",""250"",""160"",""102"",""120"",""194""]",pred2,both,1,1,2025-05-10 19:27:31,"The house model and style , living area etc a lot of things were put into consideration.",Yes,150,193,318,300,85,65,142,250,160,102,120,194,,,,,,,,,,,,,,,,,,,,,,,,,228,165,240,290,112,128,138,250,160,112,215,230
2025-05-10 19:19:41,2025-05-10 19:38:59,IP Address,100,1158,True,R_3VOpGTwluznFemh,anonymous,EN,5489,67e081f6bc68859bea891a87,681fd8d4232ba9fe33d7ea48,681fed0c5157dbf466cc627e,https://github.com/Guoziyang27/guoziyang27.github.io/tree/master/assets/csv,12,12,24,"[""502"",""1090"",""809"",""2396"",""2554"",""1748"",""2717"",""1489"",""2513"",""2035"",""1518"",""2653""]","[48,49,50,51,52,53,54,55,56,57,58,59]",26455.863569,5.12,"[7,17]",7,0,[],5210.991569000001,"[""184"",""225"",""153"",""251"",""189"",""199"",""183"",""147"",""180"",""120"",""131"",""114""]",pred1,none,0,4,2025-05-10 19:39:00,"I made a guess basing it on the initial task given and the above living area, then I looked at the year built and made guesses, then based on the AI prediction, I made a guess so close to the AI as it has its predictions almost correct.",Yes,184,225,153,251,189,199,183,147,180,120,131,114,245,221,181,351,120,200,156,130,180,131,152,112,,,,,,,,,,,,,,,,,,,,,,,,
2025-05-10 19:25:40,2025-05-10 19:39:04,IP Address,100,804,True,R_6ffAY2xXhx9GyNL,anonymous,EN,6453,65293fa9b73b0edd4fd93b95,681fd8d4232ba9fe33d7ea48,681fee78a413a916638e9d84,https://github.com/Guoziyang27/guoziyang27.github.io/tree/master/assets/csv,12,12,24,"[""1491"",""535"",""307"",""1353"",""2140"",""2199"",""881"",""1942"",""522"",""583"",""778"",""1160""]","[108,109,110,111,112,113,114,115,116,117,118,119]",776111.7989330001,3,"[7,17]",7,0,[],379008.640933,"[""419"",""549"",""190"",""211"",""310"",""238"",""462"",""160"",""553"",""623"",""411"",""548""]",pred2,none,1,4,2025-05-10 19:39:05,year of the house and general vibe,Yes,419,549,190,211,310,238,462,160,553,623,411,548,419,541,385,170,136,205,210,124,451,299,265,279,,,,,,,,,,,,,,,,,,,,,,,,
2025-05-10 19:24:44,2025-05-10 19:45:03,IP Address,100,1219,True,R_1YLDSpjfep7qcOK,anonymous,EN,4056,667eb62db81d7cd5426c866d,681fd8d4232ba9fe33d7ea48,681fee4959d49fb6dd8ea38a,https://github.com/Guoziyang27/guoziyang27.github.io/tree/master/assets/csv,12,12,24,"[""1938"",""229"",""988"",""679"",""841"",""2641"",""1309"",""2639"",""2685"",""2604"",""969"",""593""]","[120,121,122,123,124,125,126,127,128,129,130,131]",259814.46,3,"[7,17]",7,0,[],46019.06,"[""14"",""57"",""42"",""14"",""45"",""13"",""35"",""51"",""17"",""24"",""165"",""136""]",pred2,shap,2,0,2025-05-10 19:45:04,I tried my best to first consider the year the house was built while taking in consideration the above ground living area and then factoring in everything else. I noticed I was very off when it came to the AI predictions and then realized the AI predictions looked more correct so I decided to use those.,Yes,14,57,42,14,45,13,35,51,17,24,165,136,,,,,,,,,,,,,138,218,185,110,150,95,78,75,63,86,301,202,,,,,,,,,,,,
2025-05-10 18:51:13,2025-05-10 19:52:23,IP Address,100,3670,True,R_5CbcSIPyI007aYp,anonymous,EN,2212,5d453e8723a5bb0001492546,681fd8d4232ba9fe33d7ea48,681fdcd766a3376bbe60ccda,https://github.com/Guoziyang27/guoziyang27.github.io/tree/master/assets/csv,12,12,24,"[""322"",""1308"",""2166"",""298"",""2825"",""2257"",""1590"",""1608"",""2226"",""429"",""2572"",""1416""]","[180,181,182,183,184,185,186,187,188,189,190,191]",39370.83385,4.12,"[7,17]",7,0,[],28407.783849999996,"[""300"",""150"",""180"",""195"",""275"",""180"",""250"",""200"",""160"",""300"",""150"",""170""]",pred1,none,3,0,2025-05-10 19:52:25,"For the features, I believed that the garage capacity was a major identifier because it seemed like a luxury. I have never personally seen a garage larger than a 2-car garage, so I assumed that the option with a 4-car garage was worth considerably more than should have been estimated based on the Above Grade Living Area. I tried to use the chart as best I could for reference. There seemed to be a pattern of the averages. Older homes and smaller homes were worth less, on average. The Feature X and Feature Y seemed to grow with home price as well. I believed that each of the 12 homes were likely more similar to the average than not similar. So I felt my guesses should mostly be between 129,000 and 213,000. I like numbers that are multiples of 5, so I mostly rounded my answers to make the estimations less complicated. A lot of it was just a feelings based guess. I knew properties that were above the average should weigh towards a higher than average cost and vice versa. ",Yes,300,150,180,195,275,180,250,200,160,300,150,170,325,143,195,195,250,187,220,200,161,327,151,145,,,,,,,,,,,,,,,,,,,,,,,,
2025-05-12 16:07:31,2025-05-12 16:14:00,IP Address,100,388,True,R_7lKAvJaYfFZVbdg,anonymous,EN,6451,67d3615df6fbd461735cb1b8,682262477c69206587e3d302,682263086bfa563eada009a0,https://github.com/Guoziyang27/guoziyang27.github.io/tree/master/assets/csv,12,12,24,"[""1938"",""229"",""988"",""679"",""841"",""2641"",""1309"",""2639"",""2685"",""2604"",""969"",""593""]","[120,121,122,123,124,125,126,127,128,129,130,131]",1897627.26,3,"[7,17]",7,0,[],1509109.06,"[""681"",""570"",""655"",""460"",""485"",""494"",""409"",""618"",""589"",""429"",""755"",""667""]",pred1,both,2,0,2025-05-12 16:14:01,normal follow ups,Yes,681,570,655,460,485,494,409,618,589,429,755,667,,,,,,,,,,,,,,,,,,,,,,,,,499,636,669,538,603,639,613,408,255,415,444,296
2025-05-12 16:09:06,2025-05-12 16:20:43,IP Address,100,697,True,R_1dtQDLIGyzTAHCt,anonymous,EN,3736,67672ae601aa0551d537d6dd,682262477c69206587e3d302,68226368349ae8c5b71070d1,https://github.com/Guoziyang27/guoziyang27.github.io/tree/master/assets/csv,12,12,24,"[""1491"",""535"",""307"",""1353"",""2140"",""2199"",""881"",""1942"",""522"",""583"",""778"",""1160""]","[108,109,110,111,112,113,114,115,116,117,118,119]",59661.668933,3.98,"[7,17]",7,0,[],13162.926932999999,"[""160"",""233"",""107"",""178"",""104"",""196"",""297"",""109"",""381"",""206"",""116"",""375""]",pred2,both,1,4,2025-05-12 16:20:44,I mostly used the year the house was built and the square footage,Yes,160,233,107,178,104,196,297,109,381,206,116,375,,,,,,,,,,,,,,,,,,,,,,,,,150,200,110,152,115,150,240,100,345,212,155,250
2025-05-12 16:13:25,2025-05-12 16:22:22,IP Address,100,536,True,R_3R2gjBGkCqQ97Ri,anonymous,EN,4015,66d257bc5bc135b6cf963f02,682262477c69206587e3d302,68226466f0bc5f3cdab0263a,https://github.com/Guoziyang27/guoziyang27.github.io/tree/master/assets/csv,12,12,24,"[""1197"",""562"",""99"",""590"",""1040"",""2515"",""2291"",""2369"",""1936"",""1453"",""200"",""29""]","[0,1,2,3,4,5,6,7,8,9,10,11]",28375.492789,4.98,"[7,17]",7,0,[],8515.758788999998,"[""162"",""117"",""160"",""160"",""160"",""160"",""160"",""160"",""160"",""160"",""160"",""160""]",pred2,none,0,0,2025-05-12 16:22:22,"My main goal was to minimize the mean squared error (MSE) by aligning my guesses closely with the true values. To do this, I focused on patterns in the feature set and how they related to the AI prediction, using both as complementary inputs. I treated the AI prediction as a strong baseline, adjusting it based on how certain features historically affected the target value.",Yes,162,117,160,160,160,160,160,160,160,160,160,160,160,136,176,240,108,206,111,108,116,110,151,186,,,,,,,,,,,,,,,,,,,,,,,,
2025-05-12 16:07:04,2025-05-12 16:27:45,IP Address,100,1241,True,R_1PDPBA8arIZfr2h,anonymous,EN,1668,63b63938dbf229f3eb46d4a4,682262477c69206587e3d302,682262f2df1b0848575368b0,https://github.com/Guoziyang27/guoziyang27.github.io/tree/master/assets/csv,12,12,24,"[""1166"",""2080"",""11"",""261"",""1700"",""706"",""1457"",""18"",""2176"",""2733"",""1484"",""288""]","[204,205,206,207,208,209,210,211,212,213,214,215]",58019.185123999996,3.83,"[7,17]",7,0,[],20032.257124,"[""189"",""193"",""226"",""120"",""424"",""99"",""434"",""475"",""163"",""199"",""152"",""54""]",pred1,none,3,2,2025-05-12 16:27:46,"My biggest hint was that homes with more fireplaces (which strongly indicates a higher priced home even though that particular feature does not add much value in and of itself) were negatively correlated to Feature X. So A lower X meant a higher value. Based upon similar reasoning, it also seemed like Feature Y was directly correlated to a higher value. 

I used the AI as a sort of grounding point for me, and I began to think that some of my higher end values were too high, so I met the models at about the halfway point. Overall, I think my estimates were too high based upon the AI advice, so I generally lowered them all by some amount. ",Yes,189,193,226,120,424,99,434,475,163,199,152,54,187,130,221,124,350,110,304,427,157,173,161,65,,,,,,,,,,,,,,,,,,,,,,,,
2025-05-12 16:09:46,2025-05-12 16:27:50,IP Address,100,1083,True,R_1E9UUrxqCZfqQy6,anonymous,EN,945,67450746a2c5e8119e7dd979,682262477c69206587e3d302,6822637992a5f3ed96a3fb94,https://github.com/Guoziyang27/guoziyang27.github.io/tree/master/assets/csv,12,12,24,"[""1737"",""2854"",""1659"",""1148"",""2254"",""1755"",""680"",""2100"",""2734"",""2122"",""1726"",""1962""]","[228,229,230,231,232,233,234,235,236,237,238,239]",1488353.3028560001,3,"[7,17]",7,0,[],193619.394856,"[""550"",""575"",""600"",""502"",""521"",""520"",""480"",""490"",""490"",""511"",""600"",""530""]",pred1,shap,3,4,2025-05-12 16:27:51,"I was making the guesses based on the availability of important features that are mostly needed. The AI prediction is based on real time data, so it also helped tome to an average price.",Yes,550,575,600,502,521,520,480,490,490,511,600,530,,,,,,,,,,,,,281,209,205,324,212,400,195,432,299,249,500,211,,,,,,,,,,,,
2025-05-12 16:13:33,2025-05-12 16:30:44,IP Address,100,1031,True,R_7SKFxoTNj7rGVVv,anonymous,EN,4942,6314d97aa02af651ea1a9591,682262477c69206587e3d302,682264741ed439d66eb4aef6,https://github.com/Guoziyang27/guoziyang27.github.io/tree/master/assets/csv,12,12,24,"[""1909"",""1565"",""1536"",""1180"",""2543"",""1564"",""2316"",""319"",""2780"",""2565"",""73"",""1967""]","[132,133,134,135,136,137,138,139,140,141,142,143]",47802.01,4.4,"[7,17]",7,0,[],9819.41,"[""108"",""200"",""149"",""185"",""175"",""218"",""171"",""125"",""118"",""97"",""173"",""146""]",pred2,shap,2,1,2025-05-12 16:30:46,"I mainly used the square footage and garage space, and in round 2 I mostly listened to the Ai",Yes,108,200,149,185,175,218,171,125,118,97,173,146,,,,,,,,,,,,,132,303,117,185,122,252,205,322,220,107,217,167,,,,,,,,,,,,
2025-05-12 16:07:56,2025-05-12 16:42:08,IP Address,100,2051,True,R_3wuwk5FDRNTcAkY,anonymous,EN,5969,67d182598e6eec67e39bf949,682262477c69206587e3d302,6822630b11d3a356bfdcf04f,https://github.com/Guoziyang27/guoziyang27.github.io/tree/master/assets/csv,12,12,24,"[""172"",""1352"",""46"",""675"",""544"",""980"",""1655"",""2813"",""2445"",""2094"",""1954"",""2350""]","[192,193,194,195,196,197,198,199,200,201,202,203]",20584.2725,5.22,"[7,17]",7,0,[],7564.272499999999,"[""130"",""184"",""165"",""170"",""200"",""135"",""150"",""145"",""240"",""200"",""140"",""190""]",pred2,shap,3,1,2025-05-12 16:42:09,"I estimated prices starting at the $160k average and adjusting based on key features like size, age and things like that. I used cautious estimates for the uncertain features and mostly aimed to stay within $129.5K to $213.5K range ",Yes,130,184,165,170,200,135,150,145,240,200,140,190,,,,,,,,,,,,,100,178,203,150,221,110,160,169,254,239,128,190,,,,,,,,,,,,
2025-05-12 16:09:28,2025-05-12 16:45:01,IP Address,100,2132,True,R_6CI1INYaQUkRxaM,anonymous,EN,1007,67d904eb86974453d6e99638,682262477c69206587e3d302,68226379e6ebc007f4c8b5ba,https://github.com/Guoziyang27/guoziyang27.github.io/tree/master/assets/csv,12,12,24,"[""903"",""1343"",""2846"",""1195"",""2797"",""109"",""1216"",""1501"",""1720"",""1418"",""867"",""1005""]","[36,37,38,39,40,41,42,43,44,45,46,47]",206279,3,"[7,17]",7,0,[],24647,"[""300"",""200"",""310"",""200"",""420"",""260"",""190"",""175"",""360"",""210"",""466"",""350""]",pred1,none,0,3,2025-05-12 16:45:02,"i figured first based on when the house was built as time always depreciates property, then based on the area above grade living area meant the larger the space must account for something, number of garage space followed by the others. Feature Y and Feature X mystery made me not account on them as well as the number of fireplaces as the house might have other temperature controlling measures. ",Yes,300,200,310,200,420,260,190,175,360,210,466,350,165,125,140,161,300,169,150,120,249,120,430,210,,,,,,,,,,,,,,,,,,,,,,,,
2025-05-12 17:14:25,2025-05-12 17:28:07,IP Address,100,822,True,R_6QuCKG6NyTvQ5cX,anonymous,EN,3863,66aa5c3f0d9d6bcf931c3533,682272356b6527bc1a7e8f91,682272911e85164d001d5bac,https://github.com/Guoziyang27/guoziyang27.github.io/tree/master/assets/csv,12,12,24,"[""1197"",""562"",""99"",""590"",""1040"",""2515"",""2291"",""2369"",""1936"",""1453"",""200"",""29""]","[0,1,2,3,4,5,6,7,8,9,10,11]",29432.614789,4.56,"[7,17]",7,0,[],22397.280789,"[""171"",""150"",""185"",""210"",""160"",""200"",""170"",""170"",""140"",""140"",""165"",""185""]",pred1,none,0,0,2025-05-12 17:28:08,"I figured that in America, size is king, so the most influential factor that determined my guess was the square footage. If the house had decent size, and the year was newer, I would rank the price higher. Car capacity was also important, but I don't think it influenced my prices very much. The AI predictions seemed helpful, but I only used them as guidelines rather than fact. ",Yes,171,150,185,210,160,200,170,170,140,140,165,185,165,149,185,220,140,200,155,160,140,135,155,200,,,,,,,,,,,,,,,,,,,,,,,,
2025-05-12 17:20:33,2025-05-12 17:30:50,IP Address,100,617,True,R_3o08JIKD8BVjhLj,anonymous,EN,9392,663ed306e45b308e3a7b1f8d,682272356b6527bc1a7e8f91,68227428e9b0ddc79beba8b2,https://github.com/Guoziyang27/guoziyang27.github.io/tree/master/assets/csv,12,12,24,"[""138"",""773"",""281"",""4"",""2434"",""1791"",""2535"",""944"",""2556"",""48"",""2384"",""192""]","[144,145,146,147,148,149,150,151,152,153,154,155]",299593.5701,3,"[7,17]",7,0,[],85338.7901,"[""200"",""175"",""112"",""280"",""530"",""507"",""148"",""82"",""70"",""590"",""543"",""238""]",pred1,none,2,2,2025-05-12 17:30:51,I went by the instruction sheet that gave the average and low and high ends for the various listed factors. I weighed year built and living area sq ft the most when looking up pricing averages listed in the provided information. I lowered my predictions based on the AI when I noticed we seemed to agree on some of the predictions ballpark price estimate.,Yes,200,175,112,280,530,507,148,82,70,590,543,238,192,167,100,251,441,380,166,85,80,367,422,174,,,,,,,,,,,,,,,,,,,,,,,,
2025-05-12 17:14:37,2025-05-12 17:31:27,IP Address,100,1009,True,R_1uhu9DO9z8ZrdO9,anonymous,EN,1325,67ba639b05429eebb9d8927f,682272356b6527bc1a7e8f91,682272975f54cb4f3374d68b,https://github.com/Guoziyang27/guoziyang27.github.io/tree/master/assets/csv,12,12,24,"[""2426"",""234"",""2054"",""1679"",""2400"",""1179"",""228"",""2120"",""2697"",""1514"",""2596"",""1037""]","[96,97,98,99,100,101,102,103,104,105,106,107]",84067.4976,3.17,"[7,17]",7,0,[],17895.257599999997,"[""219"",""109"",""140"",""140"",""146"",""181"",""188"",""210"",""108"",""140"",""117"",""150""]",pred1,none,1,3,2025-05-12 17:31:28,"not knowing feature x and y but looking at the those factors in the chart, and the prices, just guessing based on all the factors and price ranges. the AI maybe seemed a little closer, so adjusted my guesses a bit. ",Yes,219,109,140,140,146,181,188,210,108,140,117,150,197,169,140,139,329,181,188,195,111,115,115,147,,,,,,,,,,,,,,,,,,,,,,,,
2025-05-12 16:50:40,2025-05-12 17:39:49,IP Address,100,2948,True,R_5Do2Z2uUiZLXLwt,anonymous,EN,5334,641e62a8191451d08e6c08f7,682262477c69206587e3d302,682263743e0964c3065629a8,https://github.com/Guoziyang27/guoziyang27.github.io/tree/master/assets/csv,12,12,24,"[""1777"",""2011"",""703"",""813"",""1409"",""959"",""2582"",""1232"",""2183"",""1039"",""2344"",""1993""]","[84,85,86,87,88,89,90,91,92,93,94,95]",17454.741930000004,5.18,"[7,17]",7,0,[],11924.975930000002,"[""168"",""145"",""154"",""197"",""170"",""180"",""140"",""150"",""140"",""155"",""192"",""137""]",pred1,both,1,2,2025-05-12 17:39:50,"I mentally noted the overall range of sale prices ($13K - $755K) and, more importantly, the central tendencies: the 25th percentile ($129.5K), the mean ($160K), and the 75th percentile ($213.5K). This provided a general framework for where a typical house price might fall.",Yes,168,145,154,197,170,180,140,150,140,155,192,137,,,,,,,,,,,,,,,,,,,,,,,,,181,148,162,147,162,206,174,164,169,159,202,119
2025-05-12 17:27:38,2025-05-12 17:44:51,IP Address,100,1032,True,R_5Si3nA7gSOolgb0,anonymous,EN,1422,67a917e1bf728e35b7493a9d,682272356b6527bc1a7e8f91,6822735e526af5f6ca03c675,https://github.com/Guoziyang27/guoziyang27.github.io/tree/master/assets/csv,12,12,24,"[""1491"",""535"",""307"",""1353"",""2140"",""2199"",""881"",""1942"",""522"",""583"",""778"",""1160""]","[108,109,110,111,112,113,114,115,116,117,118,119]",811597.642933,3,"[7,17]",7,0,[],448882.522933,"[""533"",""607"",""150"",""229"",""179"",""125"",""652"",""105"",""694"",""236"",""205"",""529""]",pred1,none,1,4,2025-05-12 17:44:51,I used the features of the house to determine it's price.,Yes,533,607,150,229,179,125,652,105,694,236,205,529,440,621,150,160,177,125,394,105,464,190,202,463,,,,,,,,,,,,,,,,,,,,,,,,
2025-05-12 17:20:21,2025-05-12 17:45:47,IP Address,100,1525,True,R_51G8NfcLbqYbjZR,anonymous,EN,3622,67a8337cbee0ce717e3fa248,682272356b6527bc1a7e8f91,6822741e02bd01fef77581e9,https://github.com/Guoziyang27/guoziyang27.github.io/tree/master/assets/csv,12,12,24,"[""1737"",""2854"",""1659"",""1148"",""2254"",""1755"",""680"",""2100"",""2734"",""2122"",""1726"",""1962""]","[228,229,230,231,232,233,234,235,236,237,238,239]",27876.406856,4.8,"[7,17]",7,0,[],15299.682856,"[""132"",""182"",""149"",""189"",""196"",""216"",""107"",""221"",""121"",""143"",""208"",""106""]",pred1,none,3,4,2025-05-12 17:45:48,I considered the features of the house. Then matched close to AI predictions,Yes,132,182,149,189,196,216,107,221,121,143,208,106,180,147,167,201,141,212,124,245,140,179,247,150,,,,,,,,,,,,,,,,,,,,,,,,
2025-05-12 17:19:20,2025-05-12 17:49:14,IP Address,100,1793,True,R_3pW9bJdCDnlHs9r,anonymous,EN,8214,67d34cb37287d4934dee886d,682272356b6527bc1a7e8f91,682273da8a8173e1fe4c7219,https://github.com/Guoziyang27/guoziyang27.github.io/tree/master/assets/csv,12,12,24,"[""611"",""197"",""2090"",""1571"",""2202"",""694"",""2588"",""1743"",""2157"",""2298"",""570"",""2147""]","[72,73,74,75,76,77,78,79,80,81,82,83]",502392.944901,3,"[7,17]",7,0,[],85622.490901,"[""557"",""347"",""403"",""356"",""275"",""249"",""230"",""423"",""198"",""270"",""390"",""580""]",pred1,none,1,1,2025-05-12 17:49:15,"Factors considered are the year built, features, and above grade living area",Yes,557,347,403,356,275,249,230,423,198,270,390,580,275,190,196,285,265,200,210,300,180,250,240,369,,,,,,,,,,,,,,,,,,,,,,,,
2025-05-12 17:23:12,2025-05-12 17:53:44,IP Address,100,1831,True,R_64ATvZq72ehcpW5,anonymous,EN,2898,67f01887c5d3ec373eef1c01,682272356b6527bc1a7e8f91,6822745c45b21463142d1c96,https://github.com/Guoziyang27/guoziyang27.github.io/tree/master/assets/csv,12,12,24,"[""2799"",""2197"",""1903"",""935"",""367"",""1830"",""1218"",""1996"",""1857"",""1420"",""1178"",""111""]","[12,13,14,15,16,17,18,19,20,21,22,23]",171127.284569,3,"[7,17]",7,0,[],37032.854568999996,"[""129"",""200"",""224"",""100"",""160"",""129"",""170"",""180"",""213"",""232"",""309"",""322""]",pred1,none,0,1,2025-05-12 17:53:45,"When making a guess, I considered the above grade living area because it has a direct reflects on the usable space in a home, which also, have a strong predictor of value. I considered the AI prediction features as well.",Yes,129,200,224,100,160,129,170,180,213,232,309,322,243,200,67,166,355,134,121,114,165,193,353,154,,,,,,,,,,,,,,,,,,,,,,,,
2025-05-12 17:27:20,2025-05-12 17:55:40,IP Address,100,1700,True,R_5IFou4zrtjT5FnI,anonymous,EN,8419,6661bf4587f6b99850d9328b,682272356b6527bc1a7e8f91,682273f44ee76062a0627209,https://github.com/Guoziyang27/guoziyang27.github.io/tree/master/assets/csv,12,12,24,"[""830"",""2623"",""1959"",""2069"",""121"",""682"",""2018"",""1786"",""2136"",""1027"",""303"",""564""]","[156,157,158,159,160,161,162,163,164,165,166,167]",263125.621584,3,"[7,17]",7,0,[],43165.61358399999,"[""305"",""275"",""323"",""288"",""299"",""318"",""253"",""449"",""285"",""330"",""155"",""379""]",pred1,none,2,3,2025-05-12 17:55:41,I didn't consider X and Z in my initial assessment because I didn't know what they represented. My most heavily weighted factor was the square footage and age of the house. I took into consideration the age of the house assuming that the older the house was the more likely it was to need updates. I added more for larger garages.,Yes,305,275,323,288,299,318,253,449,285,330,155,379,229,155,234,229,206,191,179,342,174,224,109,329,,,,,,,,,,,,,,,,,,,,,,,,
2025-05-12 18:42:50,2025-05-12 19:04:31,IP Address,100,1300,True,R_3lpKUE2xXGzLlap,anonymous,EN,4938,67e42ada4d5364b2faa0e8a9,682272356b6527bc1a7e8f91,682287681362680279f95056,https://github.com/Guoziyang27/guoziyang27.github.io/tree/master/assets/csv,12,12,24,"[""1166"",""2080"",""11"",""261"",""1700"",""706"",""1457"",""18"",""2176"",""2733"",""1484"",""288""]","[204,205,206,207,208,209,210,211,212,213,214,215]",419073.489124,3,"[7,17]",7,0,[],54202.613124,"[""170"",""125"",""80"",""110"",""18"",""150"",""15"",""14"",""69"",""179"",""21"",""172""]",pred1,none,3,2,2025-05-12 19:04:32,major concern was feature x and the year model old not expensive latest expensive.....made an estimate and took the median of the two AI and my previous guess,Yes,170,125,80,110,18,150,15,14,69,179,21,172,178,125,191,127,251,115,230,373,130,120,180,175,,,,,,,,,,,,,,,,,,,,,,,,
2025-05-10 11:48:35,2025-05-10 11:50:06,IP Address,25,90,False,R_6hNAN6c7jKfwwrn,anonymous,EN,3471,6791579a50a1975a33096f2b,681f814b0cc46f4718b7a737,681f8358970c7ac6bff2377b,https://github.com/Guoziyang27/guoziyang27.github.io/tree/master/assets/csv,12,12,24,[],[],0,,"[7,17]",7,0,[],0,[],pred2,shap,2,0,2025-05-17 11:50:10,,Yes,,,,,,,,,,,,,,,,,,,,,,,,,,,,,,,,,,,,,,,,,,,,,,,,
2025-05-10 11:50:26,2025-05-10 11:52:25,IP Address,25,118,False,R_66gXxTMEvgl4mNd,anonymous,EN,3301,67d8b7fa2cc04185f7d10c26,681f814b0cc46f4718b7a737,681f83cc2395561e4c4b0c33,https://github.com/Guoziyang27/guoziyang27.github.io/tree/master/assets/csv,12,12,24,[],[],0,,"[7,17]",7,0,[],0,[],pred2,none,1,3,2025-05-17 11:52:26,,Yes,,,,,,,,,,,,,,,,,,,,,,,,,,,,,,,,,,,,,,,,,,,,,,,,
2025-05-10 11:43:41,2025-05-10 11:56:08,IP Address,40,747,False,R_7PC8QEDhklaJS2B,anonymous,EN,7239,67cf5e527878aa7af3237832,681f814b0cc46f4718b7a737,681f8232e2821a1975149e9c,https://github.com/Guoziyang27/guoziyang27.github.io/tree/master/assets/csv,12,12,24,"[""1777"",""2011"",""703"",""813"",""1409"",""959"",""2582"",""1232"",""2183"",""1039"",""2344"",""1993""]","[84,85,86,87,88,89,90,91,92,93,94,95]",19486.553930000002,,"[7,17]",7,0,[],7886.723930000002,"[""165"",""135"",""141"",""186"",""145"",""170"",""131"",""155"",""145"",""151"",""181"",""131""]",pred2,none,1,2,2025-05-17 11:56:15,,Yes,165,135,141,186,145,170,131,155,145,151,181,131,200,150,146,186,152,210,149,172,158,,,,,,,,,,,,,,,,,,,,,,,,,,,
2025-05-10 11:49:16,2025-05-10 12:09:49,IP Address,80,1232,False,R_3hSZa4OBUfpn6KZ,anonymous,EN,3530,67e436e368aeb0feaf2c033a,681f814b0cc46f4718b7a737,681f8369357235fbc095cada,https://github.com/Guoziyang27/guoziyang27.github.io/tree/master/assets/csv,12,12,24,"[""1737"",""2854"",""1659"",""1148"",""2254"",""1755"",""680"",""2100"",""2734"",""2122"",""1726"",""1962""]","[228,229,230,231,232,233,234,235,236,237,238,239]",412893.262856,,"[7,17]",7,0,[],50218.402856,"[""485"",""182"",""223"",""393"",""180"",""553"",""202"",""334"",""269"",""199"",""579"",""242""]",pred2,shap,3,4,2025-05-17 12:09:53,,Yes,485,182,223,393,180,553,202,334,269,199,579,242,,,,,,,,,,,,,225,169,185,318,180,322,156,300,150,185,350,134,,,,,,,,,,,,
2025-05-10 11:49:22,2025-05-10 12:11:40,IP Address,25,1337,False,R_1cSP71FZ5Wj8gyL,anonymous,EN,3031,6781c959e88e8c471dad41cc,681f814b0cc46f4718b7a737,681f837c1b6e65527fde9765,https://github.com/Guoziyang27/guoziyang27.github.io/tree/master/assets/csv,12,12,24,"[""903"",""1343"",""2846"",""1195"",""2797"",""109""]","[36,37,38,39,40,41]",291841.5,,"[7,17]",7,0,[],0,"[""395"",""365"",""395"",""360"",""360"",""325""]",pred2,both,0,3,2025-05-17 12:11:41,,Yes,395,365,395,360,360,325,,,,,,,,,,,,,,,,,,,,,,,,,,,,,,,,,,,,,,,,,,
2025-05-10 11:46:09,2025-05-10 12:16:37,IP Address,80,1828,False,R_3zSrAPOi4KyRMxr,anonymous,EN,1368,67c15dbceef604f366c06d00,681f814b0cc46f4718b7a737,681f82abec30649dee6637ea,https://github.com/Guoziyang27/guoziyang27.github.io/tree/master/assets/csv,12,12,24,"[""611"",""197"",""2090"",""1571"",""2202"",""694"",""2588"",""1743"",""2157"",""2298"",""570"",""2147""]","[72,73,74,75,76,77,78,79,80,81,82,83]",148126.890901,,"[7,17]",7,0,[],18812.218901,"[""229"",""212"",""291"",""340"",""132"",""200"",""186"",""350"",""310"",""150"",""403"",""382""]",pred1,none,1,1,2025-05-17 12:16:41,,Yes,229,212,291,340,132,200,186,350,310,150,403,382,180,164,200,208,175,169,169,286,180,160,212,248,,,,,,,,,,,,,,,,,,,,,,,,
2025-05-10 11:50:14,2025-05-10 12:35:30,IP Address,70,2716,False,R_5OUKec2ab0o8auB,anonymous,EN,4334,67ce22c5c1576b4a9e86b903,681f814b0cc46f4718b7a737,681f83ba10825b24994567bc,https://github.com/Guoziyang27/guoziyang27.github.io/tree/master/assets/csv,12,12,24,"[""138"",""773"",""281"",""4"",""2434"",""1791"",""2535"",""944"",""2556"",""48"",""2384"",""192""]","[144,145,146,147,148,149,150,151,152,153,154,155]",246489.2101,,"[7,17]",7,0,[],18715.0601,"[""410"",""81"",""82"",""542"",""312"",""318"",""194"",""15"",""68"",""602"",""385"",""164""]",pred2,both,2,2,2025-05-17 12:35:33,,Yes,410,81,82,528,312,318,194,15,68,602,385,164,,,,,,,,,,,,,,,,,,,,,,,,,196,113,94,362,242,254,,,,,,
2025-05-10 18:07:46,2025-05-10 18:08:39,IP Address,25,52,False,R_6CNGtB4uBRq0vXc,anonymous,EN,6187,665b7b047373d8da553237a6,681fd8d4232ba9fe33d7ea48,681fdc4000752d78c965520f,https://github.com/Guoziyang27/guoziyang27.github.io/tree/master/assets/csv,12,12,24,"[""1909""]",[132],2025,,"[7,17]",7,0,[],0,"[""150""]",pred1,both,2,1,2025-05-17 18:08:40,,Yes,150,,,,,,,,,,,,,,,,,,,,,,,,,,,,,,,,,,,,,,,,,,,,,,,
2025-05-10 18:08:14,2025-05-10 18:08:47,IP Address,25,32,False,R_6qpozjXUZBzPloR,anonymous,EN,736,5e06ecd524f9390991997bb7,681fd8d4232ba9fe33d7ea48,681fdc454e1d2d2b8ad84a53,https://github.com/Guoziyang27/guoziyang27.github.io/tree/master/assets/csv,12,12,24,[],[],0,,"[7,17]",7,0,[],0,[],pred1,none,1,3,2025-05-17 18:08:50,,Yes,,,,,,,,,,,,,,,,,,,,,,,,,,,,,,,,,,,,,,,,,,,,,,,,
2025-05-10 18:08:36,2025-05-10 18:09:01,IP Address,15,24,False,R_5MVWZmY6eUYWbSF,anonymous,EN,1190,67e7f0ea531ffb8fecc5d3a3,681fd8d4232ba9fe33d7ea48,681fdc709e95d3455e170321,https://github.com/Guoziyang27/guoziyang27.github.io/tree/master/assets/csv,12,12,24,[],[],0,,"[7,17]",7,0,[],0,[],pred2,none,2,0,2025-05-17 18:09:07,,Yes,,,,,,,,,,,,,,,,,,,,,,,,,,,,,,,,,,,,,,,,,,,,,,,,
2025-05-10 18:08:02,2025-05-10 18:09:04,IP Address,15,61,False,R_1ciwXdTOn49wmiQ,anonymous,EN,9524,65603f388b128e01321fdee9,681fd8d4232ba9fe33d7ea48,681fdc46a4e065fc681a1c91,https://github.com/Guoziyang27/guoziyang27.github.io/tree/master/assets/csv,12,12,24,[],[],0,,"[7,17]",7,0,[],0,[],pred2,none,3,1,2025-05-17 18:09:10,,Yes,,,,,,,,,,,,,,,,,,,,,,,,,,,,,,,,,,,,,,,,,,,,,,,,
2025-05-10 18:07:33,2025-05-10 18:09:04,IP Address,15,91,False,R_1lLArEDRfh1tCfJ,anonymous,EN,483,664757043cb597943f321d65,681fd8d4232ba9fe33d7ea48,681fdc2faea245b2f55994ff,https://github.com/Guoziyang27/guoziyang27.github.io/tree/master/assets/csv,12,12,24,[],[],0,,"[7,17]",7,0,[],0,[],pred1,none,0,1,2025-05-17 18:09:10,,Yes,,,,,,,,,,,,,,,,,,,,,,,,,,,,,,,,,,,,,,,,,,,,,,,,
2025-05-10 18:08:19,2025-05-10 18:09:21,IP Address,25,62,False,R_5GvNIBb1EKu54a6,anonymous,EN,8672,5f3ebd568c429614c0f595e8,681fd8d4232ba9fe33d7ea48,681fdc50ed7d7074f1ec7074,https://github.com/Guoziyang27/guoziyang27.github.io/tree/master/assets/csv,12,12,24,[],[],0,,"[7,17]",7,0,[],0,[],pred1,none,3,1,2025-05-17 18:09:30,,Yes,,,,,,,,,,,,,,,,,,,,,,,,,,,,,,,,,,,,,,,,,,,,,,,,
2025-05-10 18:07:41,2025-05-10 18:09:50,IP Address,25,128,False,R_1VBAqtdDyhgRSdm,anonymous,EN,6421,67439be8ee2236a7c078d523,681fd8d4232ba9fe33d7ea48,681fdc2d57f106703aeb050c,https://github.com/Guoziyang27/guoziyang27.github.io/tree/master/assets/csv,12,12,24,[],[],0,,"[7,17]",7,0,[],0,[],pred1,both,3,2,2025-05-17 18:09:57,,Yes,,,,,,,,,,,,,,,,,,,,,,,,,,,,,,,,,,,,,,,,,,,,,,,,
2025-05-10 18:08:32,2025-05-10 18:10:05,IP Address,15,92,False,R_6Jz5n19fbhwR5mX,anonymous,EN,4822,5d1511f1e814b800016108a6,681fd8d4232ba9fe33d7ea48,681fdc61a229f2fbe444129c,https://github.com/Guoziyang27/guoziyang27.github.io/tree/master/assets/csv,12,12,24,[],[],0,,"[7,17]",7,0,[],0,[],pred1,both,1,3,2025-05-17 18:10:09,,Yes,,,,,,,,,,,,,,,,,,,,,,,,,,,,,,,,,,,,,,,,,,,,,,,,
2025-05-10 18:09:25,2025-05-10 18:10:15,IP Address,15,49,False,R_5iheYU21EhSz7jP,anonymous,EN,1060,66bcf6ae07e40789d4193872,681fd8d4232ba9fe33d7ea48,681fdc881124d54ee866298a,https://github.com/Guoziyang27/guoziyang27.github.io/tree/master/assets/csv,12,12,24,[],[],0,,"[7,17]",7,0,[],0,[],pred2,none,0,4,2025-05-17 18:10:16,,Yes,,,,,,,,,,,,,,,,,,,,,,,,,,,,,,,,,,,,,,,,,,,,,,,,
2025-05-10 18:09:59,2025-05-10 18:10:29,IP Address,15,30,False,R_10SAi2D8Mx2xGAC,anonymous,EN,1145,67910358e895b33a3578ec66,681fd8d4232ba9fe33d7ea48,681fdcb94fc41f23483e9f4d,https://github.com/Guoziyang27/guoziyang27.github.io/tree/master/assets/csv,12,12,24,[],[],0,,"[7,17]",7,0,[],0,[],pred2,shap,2,3,2025-05-17 18:10:31,,Yes,,,,,,,,,,,,,,,,,,,,,,,,,,,,,,,,,,,,,,,,,,,,,,,,
2025-05-10 18:08:27,2025-05-10 18:10:43,IP Address,15,135,False,R_6r0UFDjFbZE8tRy,anonymous,EN,3621,6455616c0fe23ecca70ce1b9,681fd8d4232ba9fe33d7ea48,681fdc4ee43e1eecc08c372f,https://github.com/Guoziyang27/guoziyang27.github.io/tree/master/assets/csv,12,12,24,[],[],0,,"[7,17]",7,0,[],0,[],pred1,none,1,4,2025-05-17 18:10:44,,Yes,,,,,,,,,,,,,,,,,,,,,,,,,,,,,,,,,,,,,,,,,,,,,,,,
2025-05-10 18:10:16,2025-05-10 18:10:57,IP Address,15,40,False,R_5jw9WFLyFCKYc7s,anonymous,EN,8846,5df0be5ec1e3e5103f61f397,681fd8d4232ba9fe33d7ea48,681fdcc8364e56d68a426d2d,https://github.com/Guoziyang27/guoziyang27.github.io/tree/master/assets/csv,12,12,24,[],[],0,,"[7,17]",7,0,[],0,[],pred2,both,3,0,2025-05-17 18:11:00,,Yes,,,,,,,,,,,,,,,,,,,,,,,,,,,,,,,,,,,,,,,,,,,,,,,,
2025-05-10 18:08:58,2025-05-10 18:11:20,IP Address,15,141,False,R_1p01a2xMU51Uw5H,anonymous,EN,9204,63bc7e831e8bb064ec878341,681fd8d4232ba9fe33d7ea48,681fdc808b253cb141b0644b,https://github.com/Guoziyang27/guoziyang27.github.io/tree/master/assets/csv,12,12,24,[],[],0,,"[7,17]",7,0,[],0,[],pred2,both,1,4,2025-05-17 18:11:22,,Yes,,,,,,,,,,,,,,,,,,,,,,,,,,,,,,,,,,,,,,,,,,,,,,,,
2025-05-10 18:08:42,2025-05-10 18:12:02,IP Address,25,199,False,R_1rrndsxQsmGTZsT,anonymous,EN,5426,675de3bd64119cef93edfc75,681fd8d4232ba9fe33d7ea48,681fdc3360443251e950b167,https://github.com/Guoziyang27/guoziyang27.github.io/tree/master/assets/csv,12,12,24,[],[],0,,"[7,17]",7,0,[],0,[],pred1,shap,1,3,2025-05-17 18:12:02,,Yes,,,,,,,,,,,,,,,,,,,,,,,,,,,,,,,,,,,,,,,,,,,,,,,,
2025-05-10 18:11:52,2025-05-10 18:12:07,IP Address,15,14,False,R_6eST2R0Jfa4iY81,anonymous,EN,2874,57dd1a741334540001170404,681fd8d4232ba9fe33d7ea48,681fdd3034c0ebdd0e7593b4,https://github.com/Guoziyang27/guoziyang27.github.io/tree/master/assets/csv,12,12,24,[],[],0,,"[7,17]",7,0,[],0,[],pred2,both,3,4,2025-05-17 18:12:10,,Yes,,,,,,,,,,,,,,,,,,,,,,,,,,,,,,,,,,,,,,,,,,,,,,,,
2025-05-10 18:10:50,2025-05-10 18:12:45,IP Address,15,114,False,R_7YRmNUN998A9UaD,anonymous,EN,2414,6510652e8c348ca500c8677c,681fd8d4232ba9fe33d7ea48,681fdce06298273b1c119014,https://github.com/Guoziyang27/guoziyang27.github.io/tree/master/assets/csv,12,12,24,[],[],0,,"[7,17]",7,0,[],0,[],pred1,none,3,3,2025-05-17 18:12:47,,Yes,,,,,,,,,,,,,,,,,,,,,,,,,,,,,,,,,,,,,,,,,,,,,,,,
2025-05-10 18:10:03,2025-05-10 18:14:09,IP Address,20,246,False,R_1PctJFf9wibIgxY,anonymous,EN,2161,59e996863e4b5a00016aa699,681fd8d4232ba9fe33d7ea48,681fdcac0829fad7027aa418,https://github.com/Guoziyang27/guoziyang27.github.io/tree/master/assets/csv,12,12,24,[],[],0,,"[7,17]",7,0,[],0,[],pred2,both,3,0,2025-05-17 18:14:13,,Yes,,,,,,,,,,,,,,,,,,,,,,,,,,,,,,,,,,,,,,,,,,,,,,,,
2025-05-10 18:12:41,2025-05-10 18:14:23,IP Address,15,101,False,R_7JLv89saY0BtkMC,anonymous,EN,7388,67e6bc676fb4db70edc23b5b,681fd8d4232ba9fe33d7ea48,681fdd3a1e1fad76bb831aad,https://github.com/Guoziyang27/guoziyang27.github.io/tree/master/assets/csv,12,12,24,[],[],0,,"[7,17]",7,0,[],0,[],pred2,none,0,4,2025-05-17 18:14:23,,Yes,,,,,,,,,,,,,,,,,,,,,,,,,,,,,,,,,,,,,,,,,,,,,,,,
2025-05-10 18:13:51,2025-05-10 18:17:23,IP Address,25,211,False,R_5Hnz5XUFyFTE3qF,anonymous,EN,3712,6699571ba83beb19c5acbfef,681fd8d4232ba9fe33d7ea48,681fdc8111b5a1eebbcfbdcc,https://github.com/Guoziyang27/guoziyang27.github.io/tree/master/assets/csv,12,12,24,"[""1166"",""2080"",""11"",""261""]","[204,205,206,207]",36044.4325,,"[7,17]",7,0,[],0,"[""102"",""88"",""74"",""38""]",pred2,both,3,2,2025-05-17 18:17:26,,Yes,102,88,74,38,,,,,,,,,,,,,,,,,,,,,,,,,,,,,,,,,,,,,,,,,,,,
2025-05-10 18:08:03,2025-05-10 18:22:06,IP Address,15,842,False,R_52EZ7JgaGjfkem6,anonymous,EN,8564,672bfd5fc3fb3f5421bb0d68,681fd8d4232ba9fe33d7ea48,681fdc495e9eee07afaca8b2,https://github.com/Guoziyang27/guoziyang27.github.io/tree/master/assets/csv,12,12,24,[],[],0,,"[7,17]",7,0,[],0,[],pred1,shap,2,4,2025-05-17 18:22:14,,Yes,,,,,,,,,,,,,,,,,,,,,,,,,,,,,,,,,,,,,,,,,,,,,,,,
2025-05-10 18:09:32,2025-05-10 18:23:10,IP Address,80,817,False,R_1sZlCWAv2BFfvqk,anonymous,EN,7457,63ecff07b619306f41db42fa,681fd8d4232ba9fe33d7ea48,681fdca88ed022e8f61b5d32,https://github.com/Guoziyang27/guoziyang27.github.io/tree/master/assets/csv,12,12,24,"[""172"",""1352"",""46"",""675"",""544"",""980"",""1655"",""2813"",""2445"",""2094"",""1954"",""2350""]","[192,193,194,195,196,197,198,199,200,201,202,203]",27024.7725,,"[7,17]",7,0,[],10530.2725,"[""150"",""135"",""240"",""175"",""205"",""165"",""185"",""195"",""230"",""305"",""140"",""195""]",pred2,shap,3,1,2025-05-17 18:23:13,,Yes,150,135,240,175,205,165,185,195,230,305,140,195,,,,,,,,,,,,,100,150,240,145,235,115,170,190,280,300,125,195,,,,,,,,,,,,
2025-05-10 18:08:01,2025-05-10 18:28:51,IP Address,70,1249,False,R_5QEdgdTJmUdjkNH,anonymous,EN,3257,5ceef5a66441f4000139711f,681fd8d4232ba9fe33d7ea48,681fdc3ef18f0c435f2a2c71,https://github.com/Guoziyang27/guoziyang27.github.io/tree/master/assets/csv,12,12,24,"[""2799"",""2197"",""1903"",""935"",""367"",""1830"",""1218"",""1996"",""1857"",""1420"",""1178"",""111""]","[12,13,14,15,16,17,18,19,20,21,22,23]",235144.734569,,"[7,17]",7,0,[],47983.604568999996,"[""120"",""13"",""13"",""100"",""235"",""35"",""13"",""13"",""35"",""200"",""220"",""25""]",pred1,both,0,1,2025-05-17 18:28:52,,Yes,120,13,13,100,235,35,13,13,35,200,220,25,,,,,,,,,,,,,,,,,,,,,,,,,240,20,65,165,355,135,120,115,165,,,
2025-05-10 18:07:54,2025-05-10 18:35:21,IP Address,80,1646,False,R_6dvkEfeWX0clhsK,anonymous,EN,4030,66e7853b4e311a12f93b5411,681fd8d4232ba9fe33d7ea48,681fdc3e735e25823fd5fd8c,https://github.com/Guoziyang27/guoziyang27.github.io/tree/master/assets/csv,12,12,24,"[""1737"",""2854"",""1659"",""1148"",""2254"",""1755"",""680"",""2100"",""2734"",""2122"",""1726"",""1962""]","[228,229,230,231,232,233,234,235,236,237,238,239]",420727.062856,,"[7,17]",7,0,[],36558.122856,"[""130"",""176"",""186"",""171"",""106"",""228"",""206"",""241"",""755"",""149"",""170"",""114""]",pred1,shap,3,4,2025-05-17 18:35:24,,Yes,130,176,186,171,106,228,206,241,755,149,170,114,,,,,,,,,,,,,180,13,169,199,141,215,128,253,143,185,241,151,,,,,,,,,,,,
2025-05-10 18:08:58,2025-05-10 21:26:58,IP Address,20,11880,False,R_5nkeZ0CKkEDhCjW,anonymous,EN,5450,66919e2f0a86d780d3c3e591,681fd8d4232ba9fe33d7ea48,681fdc6b6f700aab036d84e9,https://github.com/Guoziyang27/guoziyang27.github.io/tree/master/assets/csv,12,12,24,[],[],0,,"[7,17]",7,0,[],0,[],pred1,shap,2,0,2025-05-17 21:27:05,,Yes,,,,,,,,,,,,,,,,,,,,,,,,,,,,,,,,,,,,,,,,,,,,,,,,
2025-05-10 18:10:09,2025-05-11 01:07:42,IP Address,15,25052,False,R_3ulEmD3Kds8ZC2B,anonymous,EN,4805,678e5caae9c26b68d7db8a40,681fd8d4232ba9fe33d7ea48,681fdcbf39218ccf4b945b68,https://github.com/Guoziyang27/guoziyang27.github.io/tree/master/assets/csv,12,12,24,[],[],0,,"[7,17]",7,0,[],0,[],pred2,none,1,3,2025-05-18 01:07:51,,Yes,,,,,,,,,,,,,,,,,,,,,,,,,,,,,,,,,,,,,,,,,,,,,,,,
2025-05-12 17:16:12,2025-05-12 17:18:12,IP Address,15,119,False,R_549V5RMEy0x6Pqp,anonymous,EN,2536,60c76fb5887b0728245b0695,682272356b6527bc1a7e8f91,6822731d6f65a7dead9b3ba8,https://github.com/Guoziyang27/guoziyang27.github.io/tree/master/assets/csv,12,12,24,[],[],0,,"[7,17]",7,0,[],0,[],pred1,none,3,2,2025-05-19 17:18:17,,Yes,,,,,,,,,,,,,,,,,,,,,,,,,,,,,,,,,,,,,,,,,,,,,,,,
2025-05-12 17:20:02,2025-05-12 17:20:19,IP Address,15,16,False,R_7Nyr4NxiRiScptD,anonymous,EN,6459,67c7353d24a9d2d8c27d6c18,682272356b6527bc1a7e8f91,682273ff1707ddbcdadb56a1,https://github.com/Guoziyang27/guoziyang27.github.io/tree/master/assets/csv,12,12,24,[],[],0,,"[7,17]",7,0,[],0,[],pred1,none,0,0,2025-05-19 17:20:22,,Yes,,,,,,,,,,,,,,,,,,,,,,,,,,,,,,,,,,,,,,,,,,,,,,,,
