PROLIFIC_PID,test_mse,human_response
66045b87ffe71e6e521f357d,12488.783,236.0
66045b87ffe71e6e521f357d,12488.783,218.0
66045b87ffe71e6e521f357d,12488.783,309.0
66045b87ffe71e6e521f357d,12488.783,208.0
66045b87ffe71e6e521f357d,12488.783,305.0
66045b87ffe71e6e521f357d,12488.783,279.0
66045b87ffe71e6e521f357d,12488.783,251.0
66045b87ffe71e6e521f357d,12488.783,320.0
66045b87ffe71e6e521f357d,12488.783,219.0
66045b87ffe71e6e521f357d,12488.783,313.0
66045b87ffe71e6e521f357d,12488.783,197.0
66045b87ffe71e6e521f357d,12488.783,193.0
5f79bca83a2eb65c0983816d,88881.0266925,442.0
5f79bca83a2eb65c0983816d,88881.0266925,435.0
5f79bca83a2eb65c0983816d,88881.0266925,661.0
5f79bca83a2eb65c0983816d,88881.0266925,660.0
5f79bca83a2eb65c0983816d,88881.0266925,749.0
5f79bca83a2eb65c0983816d,88881.0266925,607.0
5f79bca83a2eb65c0983816d,88881.0266925,539.0
5f79bca83a2eb65c0983816d,88881.0266925,670.0
5f79bca83a2eb65c0983816d,88881.0266925,500.0
5f79bca83a2eb65c0983816d,88881.0266925,753.0
5f79bca83a2eb65c0983816d,88881.0266925,419.0
5f79bca83a2eb65c0983816d,88881.0266925,472.0
658248329be62e92407c8c7f,33290.627142800004,520.0
658248329be62e92407c8c7f,33290.627142800004,512.0
658248329be62e92407c8c7f,33290.627142800004,357.0
658248329be62e92407c8c7f,33290.627142800004,362.0
658248329be62e92407c8c7f,33290.627142800004,263.0
658248329be62e92407c8c7f,33290.627142800004,594.0
658248329be62e92407c8c7f,33290.627142800004,133.0
658248329be62e92407c8c7f,33290.627142800004,668.0
658248329be62e92407c8c7f,33290.627142800004,278.0
658248329be62e92407c8c7f,33290.627142800004,252.0
658248329be62e92407c8c7f,33290.627142800004,470.0
658248329be62e92407c8c7f,33290.627142800004,308.0
67ad0a78f190ab5288f928bc,59732.408625,324.0
67ad0a78f190ab5288f928bc,59732.408625,463.0
67ad0a78f190ab5288f928bc,59732.408625,391.0
67ad0a78f190ab5288f928bc,59732.408625,532.0
67ad0a78f190ab5288f928bc,59732.408625,536.0
67ad0a78f190ab5288f928bc,59732.408625,618.0
67ad0a78f190ab5288f928bc,59732.408625,463.0
67ad0a78f190ab5288f928bc,59732.408625,452.0
67ad0a78f190ab5288f928bc,59732.408625,544.0
67ad0a78f190ab5288f928bc,59732.408625,537.0
67ad0a78f190ab5288f928bc,59732.408625,468.0
67ad0a78f190ab5288f928bc,59732.408625,510.0
67dfc7953881052b94892d8b,8299.3289965,278.0
67dfc7953881052b94892d8b,8299.3289965,233.0
67dfc7953881052b94892d8b,8299.3289965,306.0
67dfc7953881052b94892d8b,8299.3289965,264.0
67dfc7953881052b94892d8b,8299.3289965,248.0
67dfc7953881052b94892d8b,8299.3289965,254.0
67dfc7953881052b94892d8b,8299.3289965,252.0
67dfc7953881052b94892d8b,8299.3289965,308.0
67dfc7953881052b94892d8b,8299.3289965,304.0
67dfc7953881052b94892d8b,8299.3289965,261.0
67dfc7953881052b94892d8b,8299.3289965,370.0
67dfc7953881052b94892d8b,8299.3289965,260.0
57529fbc947a3d0007b53d1d,8152.4782792,300.0
57529fbc947a3d0007b53d1d,8152.4782792,300.0
57529fbc947a3d0007b53d1d,8152.4782792,225.0
57529fbc947a3d0007b53d1d,8152.4782792,247.0
57529fbc947a3d0007b53d1d,8152.4782792,245.0
57529fbc947a3d0007b53d1d,8152.4782792,300.0
57529fbc947a3d0007b53d1d,8152.4782792,300.0
57529fbc947a3d0007b53d1d,8152.4782792,300.0
57529fbc947a3d0007b53d1d,8152.4782792,252.0
57529fbc947a3d0007b53d1d,8152.4782792,256.0
57529fbc947a3d0007b53d1d,8152.4782792,207.0
57529fbc947a3d0007b53d1d,8152.4782792,270.0
67e87a253b9b4747c85c45cb,21718.58157845,540.0
67e87a253b9b4747c85c45cb,21718.58157845,365.0
67e87a253b9b4747c85c45cb,21718.58157845,321.0
67e87a253b9b4747c85c45cb,21718.58157845,488.0
67e87a253b9b4747c85c45cb,21718.58157845,214.0
67e87a253b9b4747c85c45cb,21718.58157845,507.0
67e87a253b9b4747c85c45cb,21718.58157845,332.0
67e87a253b9b4747c85c45cb,21718.58157845,250.0
67e87a253b9b4747c85c45cb,21718.58157845,344.0
67e87a253b9b4747c85c45cb,21718.58157845,222.0
67e87a253b9b4747c85c45cb,21718.58157845,194.0
67e87a253b9b4747c85c45cb,21718.58157845,431.0
67ca11d4a3397b2014be56b4,5525.79583605,232.0
67ca11d4a3397b2014be56b4,5525.79583605,168.0
67ca11d4a3397b2014be56b4,5525.79583605,131.0
67ca11d4a3397b2014be56b4,5525.79583605,123.0
67ca11d4a3397b2014be56b4,5525.79583605,135.0
67ca11d4a3397b2014be56b4,5525.79583605,116.0
67ca11d4a3397b2014be56b4,5525.79583605,111.0
67ca11d4a3397b2014be56b4,5525.79583605,133.0
67ca11d4a3397b2014be56b4,5525.79583605,110.0
67ca11d4a3397b2014be56b4,5525.79583605,91.0
67ca11d4a3397b2014be56b4,5525.79583605,82.0
67ca11d4a3397b2014be56b4,5525.79583605,60.0
641386b1cb9a9c1e3569d4ee,18334.5446792,379.0
641386b1cb9a9c1e3569d4ee,18334.5446792,293.0
641386b1cb9a9c1e3569d4ee,18334.5446792,317.0
641386b1cb9a9c1e3569d4ee,18334.5446792,350.0
641386b1cb9a9c1e3569d4ee,18334.5446792,305.0
641386b1cb9a9c1e3569d4ee,18334.5446792,313.0
641386b1cb9a9c1e3569d4ee,18334.5446792,268.0
641386b1cb9a9c1e3569d4ee,18334.5446792,487.0
641386b1cb9a9c1e3569d4ee,18334.5446792,357.0
641386b1cb9a9c1e3569d4ee,18334.5446792,333.0
641386b1cb9a9c1e3569d4ee,18334.5446792,243.0
641386b1cb9a9c1e3569d4ee,18334.5446792,311.0
67d73460a2d7812a614f48ba,3034.0630792,114.0
67d73460a2d7812a614f48ba,3034.0630792,124.0
67d73460a2d7812a614f48ba,3034.0630792,80.0
67d73460a2d7812a614f48ba,3034.0630792,75.0
67d73460a2d7812a614f48ba,3034.0630792,129.0
67d73460a2d7812a614f48ba,3034.0630792,118.0
67d73460a2d7812a614f48ba,3034.0630792,77.0
67d73460a2d7812a614f48ba,3034.0630792,184.0
67d73460a2d7812a614f48ba,3034.0630792,107.0
67d73460a2d7812a614f48ba,3034.0630792,95.0
67d73460a2d7812a614f48ba,3034.0630792,60.0
67d73460a2d7812a614f48ba,3034.0630792,102.0
67d86290a2be1370fc1e4083,57914.70288,227.0
67d86290a2be1370fc1e4083,57914.70288,259.0
67d86290a2be1370fc1e4083,57914.70288,509.0
67d86290a2be1370fc1e4083,57914.70288,304.0
67d86290a2be1370fc1e4083,57914.70288,432.0
67d86290a2be1370fc1e4083,57914.70288,310.0
67d86290a2be1370fc1e4083,57914.70288,589.0
67d86290a2be1370fc1e4083,57914.70288,375.0
67d86290a2be1370fc1e4083,57914.70288,431.0
67d86290a2be1370fc1e4083,57914.70288,663.0
67d86290a2be1370fc1e4083,57914.70288,470.0
67d86290a2be1370fc1e4083,57914.70288,499.0
66d8790772c9e0e4ee96259c,1606.6,150.0
66d8790772c9e0e4ee96259c,1606.6,165.0
66d8790772c9e0e4ee96259c,1606.6,163.0
66d8790772c9e0e4ee96259c,1606.6,162.0
66d8790772c9e0e4ee96259c,1606.6,205.0
66d8790772c9e0e4ee96259c,1606.6,183.0
66d8790772c9e0e4ee96259c,1606.6,168.0
66d8790772c9e0e4ee96259c,1606.6,185.0
66d8790772c9e0e4ee96259c,1606.6,209.0
66d8790772c9e0e4ee96259c,1606.6,164.0
66d8790772c9e0e4ee96259c,1606.6,256.0
66d8790772c9e0e4ee96259c,1606.6,229.0
67e559f700736140ccbf207b,88898.25301125001,464.0
67e559f700736140ccbf207b,88898.25301125001,506.0
67e559f700736140ccbf207b,88898.25301125001,515.0
67e559f700736140ccbf207b,88898.25301125001,301.0
67e559f700736140ccbf207b,88898.25301125001,537.0
67e559f700736140ccbf207b,88898.25301125001,611.0
67e559f700736140ccbf207b,88898.25301125001,576.0
67e559f700736140ccbf207b,88898.25301125001,629.0
67e559f700736140ccbf207b,88898.25301125001,617.0
67e559f700736140ccbf207b,88898.25301125001,617.0
67e559f700736140ccbf207b,88898.25301125001,620.0
67e559f700736140ccbf207b,88898.25301125001,593.0
6735226eb110b62ab50658d9,3299.5730112499996,450.0
6735226eb110b62ab50658d9,3299.5730112499996,175.0
6735226eb110b62ab50658d9,3299.5730112499996,195.0
6735226eb110b62ab50658d9,3299.5730112499996,196.0
6735226eb110b62ab50658d9,3299.5730112499996,200.0
6735226eb110b62ab50658d9,3299.5730112499996,130.0
6735226eb110b62ab50658d9,3299.5730112499996,188.0
6735226eb110b62ab50658d9,3299.5730112499996,163.0
6735226eb110b62ab50658d9,3299.5730112499996,210.0
6735226eb110b62ab50658d9,3299.5730112499996,142.0
6735226eb110b62ab50658d9,3299.5730112499996,204.0
6735226eb110b62ab50658d9,3299.5730112499996,155.0
68164b235be8b1c649f328db,5658.945505000001,131.0
68164b235be8b1c649f328db,5658.945505000001,115.0
68164b235be8b1c649f328db,5658.945505000001,193.0
68164b235be8b1c649f328db,5658.945505000001,199.0
68164b235be8b1c649f328db,5658.945505000001,147.0
68164b235be8b1c649f328db,5658.945505000001,111.0
68164b235be8b1c649f328db,5658.945505000001,131.0
68164b235be8b1c649f328db,5658.945505000001,17.0
68164b235be8b1c649f328db,5658.945505000001,156.0
68164b235be8b1c649f328db,5658.945505000001,146.0
68164b235be8b1c649f328db,5658.945505000001,166.0
68164b235be8b1c649f328db,5658.945505000001,132.0
6815f715db4b297fb0c6aa19,98905.69757845,562.0
6815f715db4b297fb0c6aa19,98905.69757845,454.0
6815f715db4b297fb0c6aa19,98905.69757845,641.0
6815f715db4b297fb0c6aa19,98905.69757845,687.0
6815f715db4b297fb0c6aa19,98905.69757845,616.0
6815f715db4b297fb0c6aa19,98905.69757845,554.0
6815f715db4b297fb0c6aa19,98905.69757845,703.0
6815f715db4b297fb0c6aa19,98905.69757845,529.0
6815f715db4b297fb0c6aa19,98905.69757845,572.0
6815f715db4b297fb0c6aa19,98905.69757845,473.0
6815f715db4b297fb0c6aa19,98905.69757845,429.0
6815f715db4b297fb0c6aa19,98905.69757845,705.0
67590d4b1fe16ac844f9a239,1786.7736250000003,127.0
67590d4b1fe16ac844f9a239,1786.7736250000003,150.0
67590d4b1fe16ac844f9a239,1786.7736250000003,181.0
67590d4b1fe16ac844f9a239,1786.7736250000003,185.0
67590d4b1fe16ac844f9a239,1786.7736250000003,225.0
67590d4b1fe16ac844f9a239,1786.7736250000003,97.0
67590d4b1fe16ac844f9a239,1786.7736250000003,134.0
67590d4b1fe16ac844f9a239,1786.7736250000003,188.0
67590d4b1fe16ac844f9a239,1786.7736250000003,194.0
67590d4b1fe16ac844f9a239,1786.7736250000003,141.0
67590d4b1fe16ac844f9a239,1786.7736250000003,151.0
67590d4b1fe16ac844f9a239,1786.7736250000003,209.0
67f1921726bfac07aea277c3,3393.9890450499997,100.0
67f1921726bfac07aea277c3,3393.9890450499997,108.0
67f1921726bfac07aea277c3,3393.9890450499997,76.0
67f1921726bfac07aea277c3,3393.9890450499997,200.0
67f1921726bfac07aea277c3,3393.9890450499997,89.0
67f1921726bfac07aea277c3,3393.9890450499997,62.0
67f1921726bfac07aea277c3,3393.9890450499997,42.0
67f1921726bfac07aea277c3,3393.9890450499997,105.0
67f1921726bfac07aea277c3,3393.9890450499997,78.0
67f1921726bfac07aea277c3,3393.9890450499997,111.0
67f1921726bfac07aea277c3,3393.9890450499997,181.0
67f1921726bfac07aea277c3,3393.9890450499997,160.0
5f5e32a0d6a12c6857b8e127,2160.2957428,151.0
5f5e32a0d6a12c6857b8e127,2160.2957428,134.0
5f5e32a0d6a12c6857b8e127,2160.2957428,201.0
5f5e32a0d6a12c6857b8e127,2160.2957428,124.0
5f5e32a0d6a12c6857b8e127,2160.2957428,100.0
5f5e32a0d6a12c6857b8e127,2160.2957428,131.0
5f5e32a0d6a12c6857b8e127,2160.2957428,88.0
5f5e32a0d6a12c6857b8e127,2160.2957428,291.0
5f5e32a0d6a12c6857b8e127,2160.2957428,201.0
5f5e32a0d6a12c6857b8e127,2160.2957428,185.0
5f5e32a0d6a12c6857b8e127,2160.2957428,118.0
5f5e32a0d6a12c6857b8e127,2160.2957428,177.0
67e08dc56e1d123778992caa,2720.9714792000004,316.0
67e08dc56e1d123778992caa,2720.9714792000004,187.0
67e08dc56e1d123778992caa,2720.9714792000004,85.0
67e08dc56e1d123778992caa,2720.9714792000004,144.0
67e08dc56e1d123778992caa,2720.9714792000004,173.0
67e08dc56e1d123778992caa,2720.9714792000004,123.0
67e08dc56e1d123778992caa,2720.9714792000004,76.0
67e08dc56e1d123778992caa,2720.9714792000004,356.0
67e08dc56e1d123778992caa,2720.9714792000004,123.0
67e08dc56e1d123778992caa,2720.9714792000004,112.0
67e08dc56e1d123778992caa,2720.9714792000004,86.0
67e08dc56e1d123778992caa,2720.9714792000004,164.0
67ef17aab6360e90f6d47c67,687.35,144.0
67ef17aab6360e90f6d47c67,687.35,133.0
67ef17aab6360e90f6d47c67,687.35,158.0
67ef17aab6360e90f6d47c67,687.35,144.0
67ef17aab6360e90f6d47c67,687.35,235.0
67ef17aab6360e90f6d47c67,687.35,170.0
67ef17aab6360e90f6d47c67,687.35,140.0
67ef17aab6360e90f6d47c67,687.35,135.0
67ef17aab6360e90f6d47c67,687.35,210.0
67ef17aab6360e90f6d47c67,687.35,141.0
67ef17aab6360e90f6d47c67,687.35,245.0
67ef17aab6360e90f6d47c67,687.35,195.0
67f01268700523eefd7d7fa8,1133.1563184500003,96.0
67f01268700523eefd7d7fa8,1133.1563184500003,156.0
67f01268700523eefd7d7fa8,1133.1563184500003,136.0
67f01268700523eefd7d7fa8,1133.1563184500003,167.0
67f01268700523eefd7d7fa8,1133.1563184500003,221.0
67f01268700523eefd7d7fa8,1133.1563184500003,63.0
67f01268700523eefd7d7fa8,1133.1563184500003,136.0
67f01268700523eefd7d7fa8,1133.1563184500003,237.0
67f01268700523eefd7d7fa8,1133.1563184500003,105.0
67f01268700523eefd7d7fa8,1133.1563184500003,112.0
67f01268700523eefd7d7fa8,1133.1563184500003,142.0
67f01268700523eefd7d7fa8,1133.1563184500003,193.0
65958c11eace7483b2a729eb,2662.48088,185.0
65958c11eace7483b2a729eb,2662.48088,210.0
65958c11eace7483b2a729eb,2662.48088,150.0
65958c11eace7483b2a729eb,2662.48088,185.0
65958c11eace7483b2a729eb,2662.48088,198.0
65958c11eace7483b2a729eb,2662.48088,200.0
65958c11eace7483b2a729eb,2662.48088,171.0
65958c11eace7483b2a729eb,2662.48088,157.0
65958c11eace7483b2a729eb,2662.48088,132.0
65958c11eace7483b2a729eb,2662.48088,157.0
65958c11eace7483b2a729eb,2662.48088,160.0
65958c11eace7483b2a729eb,2662.48088,175.0
67dae19cb45231e592ae6adb,6295.2148799999995,259.0
67dae19cb45231e592ae6adb,6295.2148799999995,156.0
67dae19cb45231e592ae6adb,6295.2148799999995,212.0
67dae19cb45231e592ae6adb,6295.2148799999995,179.0
67dae19cb45231e592ae6adb,6295.2148799999995,160.0
67dae19cb45231e592ae6adb,6295.2148799999995,163.0
67dae19cb45231e592ae6adb,6295.2148799999995,193.0
67dae19cb45231e592ae6adb,6295.2148799999995,235.0
67dae19cb45231e592ae6adb,6295.2148799999995,179.0
67dae19cb45231e592ae6adb,6295.2148799999995,207.0
67dae19cb45231e592ae6adb,6295.2148799999995,192.0
67dae19cb45231e592ae6adb,6295.2148799999995,204.0
5b5a822e1ad8270001c4f28d,26189.88184505,291.0
5b5a822e1ad8270001c4f28d,26189.88184505,255.0
5b5a822e1ad8270001c4f28d,26189.88184505,450.0
5b5a822e1ad8270001c4f28d,26189.88184505,349.0
5b5a822e1ad8270001c4f28d,26189.88184505,230.0
5b5a822e1ad8270001c4f28d,26189.88184505,250.0
5b5a822e1ad8270001c4f28d,26189.88184505,259.0
5b5a822e1ad8270001c4f28d,26189.88184505,527.0
5b5a822e1ad8270001c4f28d,26189.88184505,395.0
5b5a822e1ad8270001c4f28d,26189.88184505,310.0
5b5a822e1ad8270001c4f28d,26189.88184505,487.0
5b5a822e1ad8270001c4f28d,26189.88184505,574.0
67f30f964964cf3f7cb3d4ad,25723.698624999997,538.0
67f30f964964cf3f7cb3d4ad,25723.698624999997,350.0
67f30f964964cf3f7cb3d4ad,25723.698624999997,566.0
67f30f964964cf3f7cb3d4ad,25723.698624999997,341.0
67f30f964964cf3f7cb3d4ad,25723.698624999997,398.0
67f30f964964cf3f7cb3d4ad,25723.698624999997,181.0
67f30f964964cf3f7cb3d4ad,25723.698624999997,89.0
67f30f964964cf3f7cb3d4ad,25723.698624999997,375.0
67f30f964964cf3f7cb3d4ad,25723.698624999997,128.0
67f30f964964cf3f7cb3d4ad,25723.698624999997,119.0
67f30f964964cf3f7cb3d4ad,25723.698624999997,28.0
67f30f964964cf3f7cb3d4ad,25723.698624999997,123.0
62ed458d61ebd1930833e95a,50784.2005,207.0
62ed458d61ebd1930833e95a,50784.2005,570.0
62ed458d61ebd1930833e95a,50784.2005,151.0
62ed458d61ebd1930833e95a,50784.2005,204.0
62ed458d61ebd1930833e95a,50784.2005,125.0
62ed458d61ebd1930833e95a,50784.2005,755.0
62ed458d61ebd1930833e95a,50784.2005,563.0
62ed458d61ebd1930833e95a,50784.2005,702.0
62ed458d61ebd1930833e95a,50784.2005,564.0
62ed458d61ebd1930833e95a,50784.2005,176.0
62ed458d61ebd1930833e95a,50784.2005,614.0
62ed458d61ebd1930833e95a,50784.2005,457.0
66310ce555ff986b176b5279,40801.352496499996,499.0
66310ce555ff986b176b5279,40801.352496499996,300.0
66310ce555ff986b176b5279,40801.352496499996,600.0
66310ce555ff986b176b5279,40801.352496499996,492.0
66310ce555ff986b176b5279,40801.352496499996,300.0
66310ce555ff986b176b5279,40801.352496499996,600.0
66310ce555ff986b176b5279,40801.352496499996,182.0
66310ce555ff986b176b5279,40801.352496499996,294.0
66310ce555ff986b176b5279,40801.352496499996,295.0
66310ce555ff986b176b5279,40801.352496499996,292.0
66310ce555ff986b176b5279,40801.352496499996,640.0
66310ce555ff986b176b5279,40801.352496499996,238.0
67c1aba31f7415ac6aa4a562,6713.42084665,53.0
67c1aba31f7415ac6aa4a562,6713.42084665,261.0
67c1aba31f7415ac6aa4a562,6713.42084665,145.0
67c1aba31f7415ac6aa4a562,6713.42084665,184.0
67c1aba31f7415ac6aa4a562,6713.42084665,194.0
67c1aba31f7415ac6aa4a562,6713.42084665,160.0
67c1aba31f7415ac6aa4a562,6713.42084665,125.0
67c1aba31f7415ac6aa4a562,6713.42084665,106.0
67c1aba31f7415ac6aa4a562,6713.42084665,95.0
67c1aba31f7415ac6aa4a562,6713.42084665,113.0
67c1aba31f7415ac6aa4a562,6713.42084665,107.0
67c1aba31f7415ac6aa4a562,6713.42084665,94.0
6630706b75f4ca6c14e46a19,2318.2956925,263.0
6630706b75f4ca6c14e46a19,2318.2956925,190.0
6630706b75f4ca6c14e46a19,2318.2956925,170.0
6630706b75f4ca6c14e46a19,2318.2956925,181.0
6630706b75f4ca6c14e46a19,2318.2956925,236.0
6630706b75f4ca6c14e46a19,2318.2956925,176.0
6630706b75f4ca6c14e46a19,2318.2956925,182.0
6630706b75f4ca6c14e46a19,2318.2956925,150.0
6630706b75f4ca6c14e46a19,2318.2956925,135.0
6630706b75f4ca6c14e46a19,2318.2956925,263.0
6630706b75f4ca6c14e46a19,2318.2956925,130.0
6630706b75f4ca6c14e46a19,2318.2956925,139.0
681b6c69774aeae115209b75,2491.9,122.0
681b6c69774aeae115209b75,2491.9,120.0
681b6c69774aeae115209b75,2491.9,101.0
681b6c69774aeae115209b75,2491.9,135.0
681b6c69774aeae115209b75,2491.9,143.0
681b6c69774aeae115209b75,2491.9,133.0
681b6c69774aeae115209b75,2491.9,145.0
681b6c69774aeae115209b75,2491.9,155.0
681b6c69774aeae115209b75,2491.9,190.0
681b6c69774aeae115209b75,2491.9,142.0
681b6c69774aeae115209b75,2491.9,165.0
681b6c69774aeae115209b75,2491.9,158.0
67db78c86b4bd2d085ff5699,151525.30433945,607.0
67db78c86b4bd2d085ff5699,151525.30433945,668.0
67db78c86b4bd2d085ff5699,151525.30433945,669.0
67db78c86b4bd2d085ff5699,151525.30433945,638.0
67db78c86b4bd2d085ff5699,151525.30433945,520.0
67db78c86b4bd2d085ff5699,151525.30433945,514.0
67db78c86b4bd2d085ff5699,151525.30433945,653.0
67db78c86b4bd2d085ff5699,151525.30433945,681.0
67db78c86b4bd2d085ff5699,151525.30433945,670.0
67db78c86b4bd2d085ff5699,151525.30433945,713.0
67db78c86b4bd2d085ff5699,151525.30433945,642.0
67db78c86b4bd2d085ff5699,151525.30433945,592.0
67f11553db584302c5ccd337,13721.801578449998,268.0
67f11553db584302c5ccd337,13721.801578449998,475.0
67f11553db584302c5ccd337,13721.801578449998,221.0
67f11553db584302c5ccd337,13721.801578449998,406.0
67f11553db584302c5ccd337,13721.801578449998,183.0
67f11553db584302c5ccd337,13721.801578449998,472.0
67f11553db584302c5ccd337,13721.801578449998,215.0
67f11553db584302c5ccd337,13721.801578449998,118.0
67f11553db584302c5ccd337,13721.801578449998,448.0
67f11553db584302c5ccd337,13721.801578449998,144.0
67f11553db584302c5ccd337,13721.801578449998,184.0
67f11553db584302c5ccd337,13721.801578449998,34.0
67d865c30ff89ada0c980689,11668.91314665,138.0
67d865c30ff89ada0c980689,11668.91314665,112.0
67d865c30ff89ada0c980689,11668.91314665,166.0
67d865c30ff89ada0c980689,11668.91314665,382.0
67d865c30ff89ada0c980689,11668.91314665,108.0
67d865c30ff89ada0c980689,11668.91314665,179.0
67d865c30ff89ada0c980689,11668.91314665,289.0
67d865c30ff89ada0c980689,11668.91314665,149.0
67d865c30ff89ada0c980689,11668.91314665,253.0
67d865c30ff89ada0c980689,11668.91314665,560.0
67d865c30ff89ada0c980689,11668.91314665,319.0
67d865c30ff89ada0c980689,11668.91314665,183.0
674b42e0550b2d74028f16f2,6022.6282792,200.0
674b42e0550b2d74028f16f2,6022.6282792,150.0
674b42e0550b2d74028f16f2,6022.6282792,300.0
674b42e0550b2d74028f16f2,6022.6282792,300.0
674b42e0550b2d74028f16f2,6022.6282792,205.0
674b42e0550b2d74028f16f2,6022.6282792,220.0
674b42e0550b2d74028f16f2,6022.6282792,240.0
674b42e0550b2d74028f16f2,6022.6282792,350.0
674b42e0550b2d74028f16f2,6022.6282792,230.0
674b42e0550b2d74028f16f2,6022.6282792,220.0
674b42e0550b2d74028f16f2,6022.6282792,100.0
674b42e0550b2d74028f16f2,6022.6282792,450.0
67e9c449dba2395480f4eba4,4444.6212562,201.0
67e9c449dba2395480f4eba4,4444.6212562,192.0
67e9c449dba2395480f4eba4,4444.6212562,200.0
67e9c449dba2395480f4eba4,4444.6212562,160.0
67e9c449dba2395480f4eba4,4444.6212562,230.0
67e9c449dba2395480f4eba4,4444.6212562,180.0
67e9c449dba2395480f4eba4,4444.6212562,220.0
67e9c449dba2395480f4eba4,4444.6212562,240.0
67e9c449dba2395480f4eba4,4444.6212562,170.0
67e9c449dba2395480f4eba4,4444.6212562,195.0
67e9c449dba2395480f4eba4,4444.6212562,200.0
67e9c449dba2395480f4eba4,4444.6212562,160.0
558a327cfdf99b2d75651681,3014.0316924999997,450.0
558a327cfdf99b2d75651681,3014.0316924999997,180.0
558a327cfdf99b2d75651681,3014.0316924999997,275.0
558a327cfdf99b2d75651681,3014.0316924999997,180.0
558a327cfdf99b2d75651681,3014.0316924999997,350.0
558a327cfdf99b2d75651681,3014.0316924999997,170.0
558a327cfdf99b2d75651681,3014.0316924999997,190.0
558a327cfdf99b2d75651681,3014.0316924999997,175.0
558a327cfdf99b2d75651681,3014.0316924999997,150.0
558a327cfdf99b2d75651681,3014.0316924999997,320.0
558a327cfdf99b2d75651681,3014.0316924999997,130.0
558a327cfdf99b2d75651681,3014.0316924999997,120.0
67c758c1c0984b56a597d24d,19582.3021925,532.0
67c758c1c0984b56a597d24d,19582.3021925,458.0
67c758c1c0984b56a597d24d,19582.3021925,531.0
67c758c1c0984b56a597d24d,19582.3021925,457.0
67c758c1c0984b56a597d24d,19582.3021925,384.0
67c758c1c0984b56a597d24d,19582.3021925,310.0
67c758c1c0984b56a597d24d,19582.3021925,267.0
67c758c1c0984b56a597d24d,19582.3021925,227.0
67c758c1c0984b56a597d24d,19582.3021925,295.0
67c758c1c0984b56a597d24d,19582.3021925,331.0
67c758c1c0984b56a597d24d,19582.3021925,192.0
67c758c1c0984b56a597d24d,19582.3021925,201.0
67d4ab70deae8071b9ec3f23,35887.53614505,435.0
67d4ab70deae8071b9ec3f23,35887.53614505,392.0
67d4ab70deae8071b9ec3f23,35887.53614505,471.0
67d4ab70deae8071b9ec3f23,35887.53614505,409.0
67d4ab70deae8071b9ec3f23,35887.53614505,429.0
67d4ab70deae8071b9ec3f23,35887.53614505,299.0
67d4ab70deae8071b9ec3f23,35887.53614505,369.0
67d4ab70deae8071b9ec3f23,35887.53614505,484.0
67d4ab70deae8071b9ec3f23,35887.53614505,416.0
67d4ab70deae8071b9ec3f23,35887.53614505,415.0
67d4ab70deae8071b9ec3f23,35887.53614505,355.0
67d4ab70deae8071b9ec3f23,35887.53614505,487.0
67c0c4f757d625c937fa4cf9,4231.9885,197.0
67c0c4f757d625c937fa4cf9,4231.9885,146.0
67c0c4f757d625c937fa4cf9,4231.9885,136.0
67c0c4f757d625c937fa4cf9,4231.9885,98.0
67c0c4f757d625c937fa4cf9,4231.9885,115.0
67c0c4f757d625c937fa4cf9,4231.9885,90.0
67c0c4f757d625c937fa4cf9,4231.9885,180.0
67c0c4f757d625c937fa4cf9,4231.9885,238.0
67c0c4f757d625c937fa4cf9,4231.9885,211.0
67c0c4f757d625c937fa4cf9,4231.9885,69.0
67c0c4f757d625c937fa4cf9,4231.9885,193.0
67c0c4f757d625c937fa4cf9,4231.9885,267.0
67db58ac5e6a1b3ea8bce1c6,1090.363625,115.0
67db58ac5e6a1b3ea8bce1c6,1090.363625,155.0
67db58ac5e6a1b3ea8bce1c6,1090.363625,165.0
67db58ac5e6a1b3ea8bce1c6,1090.363625,135.0
67db58ac5e6a1b3ea8bce1c6,1090.363625,195.0
67db58ac5e6a1b3ea8bce1c6,1090.363625,140.0
67db58ac5e6a1b3ea8bce1c6,1090.363625,160.0
67db58ac5e6a1b3ea8bce1c6,1090.363625,170.0
67db58ac5e6a1b3ea8bce1c6,1090.363625,210.0
67db58ac5e6a1b3ea8bce1c6,1090.363625,205.0
67db58ac5e6a1b3ea8bce1c6,1090.363625,125.0
67db58ac5e6a1b3ea8bce1c6,1090.363625,180.0
63bcbccc16e01ccb870f287d,22576.783625,213.0
63bcbccc16e01ccb870f287d,22576.783625,415.0
63bcbccc16e01ccb870f287d,22576.783625,298.0
63bcbccc16e01ccb870f287d,22576.783625,328.0
63bcbccc16e01ccb870f287d,22576.783625,506.0
63bcbccc16e01ccb870f287d,22576.783625,316.0
63bcbccc16e01ccb870f287d,22576.783625,338.0
63bcbccc16e01ccb870f287d,22576.783625,361.0
63bcbccc16e01ccb870f287d,22576.783625,452.0
63bcbccc16e01ccb870f287d,22576.783625,507.0
63bcbccc16e01ccb870f287d,22576.783625,285.0
63bcbccc16e01ccb870f287d,22576.783625,412.0
663176c4d9c9b4d919f7b79e,4335.9505,145.0
663176c4d9c9b4d919f7b79e,4335.9505,213.0
663176c4d9c9b4d919f7b79e,4335.9505,129.0
663176c4d9c9b4d919f7b79e,4335.9505,190.0
663176c4d9c9b4d919f7b79e,4335.9505,130.0
663176c4d9c9b4d919f7b79e,4335.9505,220.0
663176c4d9c9b4d919f7b79e,4335.9505,200.0
663176c4d9c9b4d919f7b79e,4335.9505,300.0
663176c4d9c9b4d919f7b79e,4335.9505,230.0
663176c4d9c9b4d919f7b79e,4335.9505,130.0
663176c4d9c9b4d919f7b79e,4335.9505,500.0
663176c4d9c9b4d919f7b79e,4335.9505,150.0
67e9e09005c79f428fcbcead,432.50301125000004,215.0
67e9e09005c79f428fcbcead,432.50301125000004,130.0
67e9e09005c79f428fcbcead,432.50301125000004,155.0
67e9e09005c79f428fcbcead,432.50301125000004,205.0
67e9e09005c79f428fcbcead,432.50301125000004,140.0
67e9e09005c79f428fcbcead,432.50301125000004,132.0
67e9e09005c79f428fcbcead,432.50301125000004,251.0
67e9e09005c79f428fcbcead,432.50301125000004,171.0
67e9e09005c79f428fcbcead,432.50301125000004,185.0
67e9e09005c79f428fcbcead,432.50301125000004,165.0
67e9e09005c79f428fcbcead,432.50301125000004,200.0
67e9e09005c79f428fcbcead,432.50301125000004,225.0
67f1f797973bd7f41512caa2,2254.6250965,213.0
67f1f797973bd7f41512caa2,2254.6250965,213.0
67f1f797973bd7f41512caa2,2254.6250965,213.0
67f1f797973bd7f41512caa2,2254.6250965,212.0
67f1f797973bd7f41512caa2,2254.6250965,213.0
67f1f797973bd7f41512caa2,2254.6250965,213.0
67f1f797973bd7f41512caa2,2254.6250965,213.0
67f1f797973bd7f41512caa2,2254.6250965,213.0
67f1f797973bd7f41512caa2,2254.6250965,213.0
67f1f797973bd7f41512caa2,2254.6250965,213.0
67f1f797973bd7f41512caa2,2254.6250965,213.0
67f1f797973bd7f41512caa2,2254.6250965,213.0
67e5447d21c4278e6ee80d0d,6179.32088,240.0
67e5447d21c4278e6ee80d0d,6179.32088,304.0
67e5447d21c4278e6ee80d0d,6179.32088,185.0
67e5447d21c4278e6ee80d0d,6179.32088,200.0
67e5447d21c4278e6ee80d0d,6179.32088,331.0
67e5447d21c4278e6ee80d0d,6179.32088,250.0
67e5447d21c4278e6ee80d0d,6179.32088,191.0
67e5447d21c4278e6ee80d0d,6179.32088,426.0
67e5447d21c4278e6ee80d0d,6179.32088,131.0
67e5447d21c4278e6ee80d0d,6179.32088,47.0
67e5447d21c4278e6ee80d0d,6179.32088,33.0
67e5447d21c4278e6ee80d0d,6179.32088,200.0
67fce2ec87c9866707eb37d6,4915.665879200001,213.0
67fce2ec87c9866707eb37d6,4915.665879200001,129.0
67fce2ec87c9866707eb37d6,4915.665879200001,128.0
67fce2ec87c9866707eb37d6,4915.665879200001,127.0
67fce2ec87c9866707eb37d6,4915.665879200001,138.0
67fce2ec87c9866707eb37d6,4915.665879200001,135.0
67fce2ec87c9866707eb37d6,4915.665879200001,49.0
67fce2ec87c9866707eb37d6,4915.665879200001,533.0
67fce2ec87c9866707eb37d6,4915.665879200001,185.0
67fce2ec87c9866707eb37d6,4915.665879200001,160.0
67fce2ec87c9866707eb37d6,4915.665879200001,122.0
67fce2ec87c9866707eb37d6,4915.665879200001,206.0
5a3bdd2c8d005a0001829f3e,3251.6023965,251.0
5a3bdd2c8d005a0001829f3e,3251.6023965,210.0
5a3bdd2c8d005a0001829f3e,3251.6023965,220.0
5a3bdd2c8d005a0001829f3e,3251.6023965,265.0
5a3bdd2c8d005a0001829f3e,3251.6023965,250.0
5a3bdd2c8d005a0001829f3e,3251.6023965,249.0
5a3bdd2c8d005a0001829f3e,3251.6023965,193.0
5a3bdd2c8d005a0001829f3e,3251.6023965,225.0
5a3bdd2c8d005a0001829f3e,3251.6023965,200.0
5a3bdd2c8d005a0001829f3e,3251.6023965,215.0
5a3bdd2c8d005a0001829f3e,3251.6023965,300.0
5a3bdd2c8d005a0001829f3e,3251.6023965,239.0
681dac338064d75c6848499d,2508.3387394500005,210.0
681dac338064d75c6848499d,2508.3387394500005,160.0
681dac338064d75c6848499d,2508.3387394500005,228.0
681dac338064d75c6848499d,2508.3387394500005,235.0
681dac338064d75c6848499d,2508.3387394500005,142.0
681dac338064d75c6848499d,2508.3387394500005,214.0
681dac338064d75c6848499d,2508.3387394500005,221.0
681dac338064d75c6848499d,2508.3387394500005,131.0
681dac338064d75c6848499d,2508.3387394500005,122.0
681dac338064d75c6848499d,2508.3387394500005,132.0
681dac338064d75c6848499d,2508.3387394500005,211.0
681dac338064d75c6848499d,2508.3387394500005,205.0
67d48255139338c95a1c19ad,15390.37473945,345.0
67d48255139338c95a1c19ad,15390.37473945,240.0
67d48255139338c95a1c19ad,15390.37473945,310.0
67d48255139338c95a1c19ad,15390.37473945,458.0
67d48255139338c95a1c19ad,15390.37473945,236.0
67d48255139338c95a1c19ad,15390.37473945,310.0
67d48255139338c95a1c19ad,15390.37473945,161.0
67d48255139338c95a1c19ad,15390.37473945,236.0
67d48255139338c95a1c19ad,15390.37473945,236.0
67d48255139338c95a1c19ad,15390.37473945,236.0
67d48255139338c95a1c19ad,15390.37473945,384.0
67d48255139338c95a1c19ad,15390.37473945,310.0
65d96fc2ab41c5ce72f1c545,1588.163625,95.0
65d96fc2ab41c5ce72f1c545,1588.163625,120.0
65d96fc2ab41c5ce72f1c545,1588.163625,177.0
65d96fc2ab41c5ce72f1c545,1588.163625,98.0
65d96fc2ab41c5ce72f1c545,1588.163625,210.0
65d96fc2ab41c5ce72f1c545,1588.163625,95.0
65d96fc2ab41c5ce72f1c545,1588.163625,110.0
65d96fc2ab41c5ce72f1c545,1588.163625,180.0
65d96fc2ab41c5ce72f1c545,1588.163625,230.0
65d96fc2ab41c5ce72f1c545,1588.163625,196.0
65d96fc2ab41c5ce72f1c545,1588.163625,78.0
65d96fc2ab41c5ce72f1c545,1588.163625,131.0
670d2af9c00f086b201e9f70,2298.5276925000003,333.0
670d2af9c00f086b201e9f70,2298.5276925000003,135.0
670d2af9c00f086b201e9f70,2298.5276925000003,185.0
670d2af9c00f086b201e9f70,2298.5276925000003,174.0
670d2af9c00f086b201e9f70,2298.5276925000003,189.0
670d2af9c00f086b201e9f70,2298.5276925000003,155.0
670d2af9c00f086b201e9f70,2298.5276925000003,220.0
670d2af9c00f086b201e9f70,2298.5276925000003,132.0
670d2af9c00f086b201e9f70,2298.5276925000003,174.0
670d2af9c00f086b201e9f70,2298.5276925000003,252.0
670d2af9c00f086b201e9f70,2298.5276925000003,123.0
670d2af9c00f086b201e9f70,2298.5276925000003,120.0
67f1ab184afaa5ec29075768,88665.02865620001,586.0
67f1ab184afaa5ec29075768,88665.02865620001,465.0
67f1ab184afaa5ec29075768,88665.02865620001,573.0
67f1ab184afaa5ec29075768,88665.02865620001,587.0
67f1ab184afaa5ec29075768,88665.02865620001,564.0
67f1ab184afaa5ec29075768,88665.02865620001,653.0
67f1ab184afaa5ec29075768,88665.02865620001,580.0
67f1ab184afaa5ec29075768,88665.02865620001,608.0
67f1ab184afaa5ec29075768,88665.02865620001,631.0
67f1ab184afaa5ec29075768,88665.02865620001,455.0
67f1ab184afaa5ec29075768,88665.02865620001,591.0
67f1ab184afaa5ec29075768,88665.02865620001,496.0
67e9f29c98f6bc11131e8932,15090.2462792,460.0
67e9f29c98f6bc11131e8932,15090.2462792,140.0
67e9f29c98f6bc11131e8932,15090.2462792,120.0
67e9f29c98f6bc11131e8932,15090.2462792,137.0
67e9f29c98f6bc11131e8932,15090.2462792,170.0
67e9f29c98f6bc11131e8932,15090.2462792,136.0
67e9f29c98f6bc11131e8932,15090.2462792,105.0
67e9f29c98f6bc11131e8932,15090.2462792,715.0
67e9f29c98f6bc11131e8932,15090.2462792,215.0
67e9f29c98f6bc11131e8932,15090.2462792,159.0
67e9f29c98f6bc11131e8932,15090.2462792,109.0
67e9f29c98f6bc11131e8932,15090.2462792,197.0
67f2b4d8dde42f1d7d500471,4272.204128449999,230.0
67f2b4d8dde42f1d7d500471,4272.204128449999,150.0
67f2b4d8dde42f1d7d500471,4272.204128449999,90.0
67f2b4d8dde42f1d7d500471,4272.204128449999,143.0
67f2b4d8dde42f1d7d500471,4272.204128449999,233.0
67f2b4d8dde42f1d7d500471,4272.204128449999,140.0
67f2b4d8dde42f1d7d500471,4272.204128449999,156.0
67f2b4d8dde42f1d7d500471,4272.204128449999,199.0
67f2b4d8dde42f1d7d500471,4272.204128449999,180.0
67f2b4d8dde42f1d7d500471,4272.204128449999,260.0
67f2b4d8dde42f1d7d500471,4272.204128449999,325.0
67f2b4d8dde42f1d7d500471,4272.204128449999,273.0
67eea025d0072241cf916e19,12791.15354505,160.0
67eea025d0072241cf916e19,12791.15354505,133.0
67eea025d0072241cf916e19,12791.15354505,176.0
67eea025d0072241cf916e19,12791.15354505,150.0
67eea025d0072241cf916e19,12791.15354505,98.0
67eea025d0072241cf916e19,12791.15354505,102.0
67eea025d0072241cf916e19,12791.15354505,146.0
67eea025d0072241cf916e19,12791.15354505,460.0
67eea025d0072241cf916e19,12791.15354505,394.0
67eea025d0072241cf916e19,12791.15354505,167.0
67eea025d0072241cf916e19,12791.15354505,514.0
67eea025d0072241cf916e19,12791.15354505,244.0
67a391d2ec188c0684a9c2a5,7377.246239450001,179.0
67a391d2ec188c0684a9c2a5,7377.246239450001,135.0
67a391d2ec188c0684a9c2a5,7377.246239450001,350.0
67a391d2ec188c0684a9c2a5,7377.246239450001,233.0
67a391d2ec188c0684a9c2a5,7377.246239450001,94.0
67a391d2ec188c0684a9c2a5,7377.246239450001,335.0
67a391d2ec188c0684a9c2a5,7377.246239450001,121.0
67a391d2ec188c0684a9c2a5,7377.246239450001,105.0
67a391d2ec188c0684a9c2a5,7377.246239450001,71.0
67a391d2ec188c0684a9c2a5,7377.246239450001,125.0
67a391d2ec188c0684a9c2a5,7377.246239450001,75.0
67a391d2ec188c0684a9c2a5,7377.246239450001,456.0
67f047016c147b1c30dbd4a4,66952.92751124999,466.0
67f047016c147b1c30dbd4a4,66952.92751124999,301.0
67f047016c147b1c30dbd4a4,66952.92751124999,258.0
67f047016c147b1c30dbd4a4,66952.92751124999,382.0
67f047016c147b1c30dbd4a4,66952.92751124999,385.0
67f047016c147b1c30dbd4a4,66952.92751124999,415.0
67f047016c147b1c30dbd4a4,66952.92751124999,698.0
67f047016c147b1c30dbd4a4,66952.92751124999,527.0
67f047016c147b1c30dbd4a4,66952.92751124999,568.0
67f047016c147b1c30dbd4a4,66952.92751124999,680.0
67f047016c147b1c30dbd4a4,66952.92751124999,401.0
67f047016c147b1c30dbd4a4,66952.92751124999,673.0
67f015260f679212b3c34caa,66543.30724505,585.0
67f015260f679212b3c34caa,66543.30724505,499.0
67f015260f679212b3c34caa,66543.30724505,509.0
67f015260f679212b3c34caa,66543.30724505,696.0
67f015260f679212b3c34caa,66543.30724505,316.0
67f015260f679212b3c34caa,66543.30724505,442.0
67f015260f679212b3c34caa,66543.30724505,269.0
67f015260f679212b3c34caa,66543.30724505,623.0
67f015260f679212b3c34caa,66543.30724505,432.0
67f015260f679212b3c34caa,66543.30724505,256.0
67f015260f679212b3c34caa,66543.30724505,518.0
67f015260f679212b3c34caa,66543.30724505,692.0
655f9ea49fc6093808094bff,12026.829256199999,150.0
655f9ea49fc6093808094bff,12026.829256199999,160.0
655f9ea49fc6093808094bff,12026.829256199999,175.0
655f9ea49fc6093808094bff,12026.829256199999,130.0
655f9ea49fc6093808094bff,12026.829256199999,320.0
655f9ea49fc6093808094bff,12026.829256199999,200.0
655f9ea49fc6093808094bff,12026.829256199999,450.0
655f9ea49fc6093808094bff,12026.829256199999,500.0
655f9ea49fc6093808094bff,12026.829256199999,387.0
655f9ea49fc6093808094bff,12026.829256199999,307.0
655f9ea49fc6093808094bff,12026.829256199999,321.0
655f9ea49fc6093808094bff,12026.829256199999,276.0
67ea1b486fa9c8eb97c1c4ea,1394.0385,180.0
67ea1b486fa9c8eb97c1c4ea,1394.0385,155.0
67ea1b486fa9c8eb97c1c4ea,1394.0385,130.0
67ea1b486fa9c8eb97c1c4ea,1394.0385,150.0
67ea1b486fa9c8eb97c1c4ea,1394.0385,130.0
67ea1b486fa9c8eb97c1c4ea,1394.0385,230.0
67ea1b486fa9c8eb97c1c4ea,1394.0385,170.0
67ea1b486fa9c8eb97c1c4ea,1394.0385,200.0
67ea1b486fa9c8eb97c1c4ea,1394.0385,220.0
67ea1b486fa9c8eb97c1c4ea,1394.0385,100.0
67ea1b486fa9c8eb97c1c4ea,1394.0385,225.0
67ea1b486fa9c8eb97c1c4ea,1394.0385,260.0
67f184a3b82990251abd1592,8859.50447845,601.0
67f184a3b82990251abd1592,8859.50447845,352.0
67f184a3b82990251abd1592,8859.50447845,304.0
67f184a3b82990251abd1592,8859.50447845,300.0
67f184a3b82990251abd1592,8859.50447845,181.0
67f184a3b82990251abd1592,8859.50447845,202.0
67f184a3b82990251abd1592,8859.50447845,166.0
67f184a3b82990251abd1592,8859.50447845,141.0
67f184a3b82990251abd1592,8859.50447845,176.0
67f184a3b82990251abd1592,8859.50447845,185.0
67f184a3b82990251abd1592,8859.50447845,190.0
67f184a3b82990251abd1592,8859.50447845,192.0
62c9fdd317ab40e740eb27c8,12308.260146650002,242.0
62c9fdd317ab40e740eb27c8,12308.260146650002,299.0
62c9fdd317ab40e740eb27c8,12308.260146650002,204.0
62c9fdd317ab40e740eb27c8,12308.260146650002,218.0
62c9fdd317ab40e740eb27c8,12308.260146650002,314.0
62c9fdd317ab40e740eb27c8,12308.260146650002,231.0
62c9fdd317ab40e740eb27c8,12308.260146650002,382.0
62c9fdd317ab40e740eb27c8,12308.260146650002,235.0
62c9fdd317ab40e740eb27c8,12308.260146650002,435.0
62c9fdd317ab40e740eb27c8,12308.260146650002,313.0
62c9fdd317ab40e740eb27c8,12308.260146650002,243.0
62c9fdd317ab40e740eb27c8,12308.260146650002,458.0
66ce5adac1cd4b6037be4a63,9945.91513605,253.0
66ce5adac1cd4b6037be4a63,9945.91513605,123.0
66ce5adac1cd4b6037be4a63,9945.91513605,277.0
66ce5adac1cd4b6037be4a63,9945.91513605,149.0
66ce5adac1cd4b6037be4a63,9945.91513605,294.0
66ce5adac1cd4b6037be4a63,9945.91513605,356.0
66ce5adac1cd4b6037be4a63,9945.91513605,234.0
66ce5adac1cd4b6037be4a63,9945.91513605,420.0
66ce5adac1cd4b6037be4a63,9945.91513605,423.0
66ce5adac1cd4b6037be4a63,9945.91513605,393.0
66ce5adac1cd4b6037be4a63,9945.91513605,234.0
66ce5adac1cd4b6037be4a63,9945.91513605,164.0
675efef80636ec90d906ecb4,3185.75,113.0
675efef80636ec90d906ecb4,3185.75,207.0
675efef80636ec90d906ecb4,3185.75,209.0
675efef80636ec90d906ecb4,3185.75,151.0
675efef80636ec90d906ecb4,3185.75,205.0
675efef80636ec90d906ecb4,3185.75,144.0
675efef80636ec90d906ecb4,3185.75,120.0
675efef80636ec90d906ecb4,3185.75,154.0
675efef80636ec90d906ecb4,3185.75,194.0
675efef80636ec90d906ecb4,3185.75,201.0
675efef80636ec90d906ecb4,3185.75,135.0
675efef80636ec90d906ecb4,3185.75,211.0
67fd46db088825e305648e1a,4756.0785,250.0
67fd46db088825e305648e1a,4756.0785,171.0
67fd46db088825e305648e1a,4756.0785,203.0
67fd46db088825e305648e1a,4756.0785,186.0
67fd46db088825e305648e1a,4756.0785,206.0
67fd46db088825e305648e1a,4756.0785,173.0
67fd46db088825e305648e1a,4756.0785,186.0
67fd46db088825e305648e1a,4756.0785,186.0
67fd46db088825e305648e1a,4756.0785,179.0
67fd46db088825e305648e1a,4756.0785,138.0
67fd46db088825e305648e1a,4756.0785,178.0
67fd46db088825e305648e1a,4756.0785,177.0
67efe4d2d2018d216ac7ff4f,1296.0492394499997,205.0
67efe4d2d2018d216ac7ff4f,1296.0492394499997,155.0
67efe4d2d2018d216ac7ff4f,1296.0492394499997,165.0
67efe4d2d2018d216ac7ff4f,1296.0492394499997,220.0
67efe4d2d2018d216ac7ff4f,1296.0492394499997,156.0
67efe4d2d2018d216ac7ff4f,1296.0492394499997,186.0
67efe4d2d2018d216ac7ff4f,1296.0492394499997,150.0
67efe4d2d2018d216ac7ff4f,1296.0492394499997,145.0
67efe4d2d2018d216ac7ff4f,1296.0492394499997,136.0
67efe4d2d2018d216ac7ff4f,1296.0492394499997,140.0
67efe4d2d2018d216ac7ff4f,1296.0492394499997,176.0
67efe4d2d2018d216ac7ff4f,1296.0492394499997,190.0
67ca186a24b457bfdaaf46cb,4630.82088,265.0
67ca186a24b457bfdaaf46cb,4630.82088,340.0
67ca186a24b457bfdaaf46cb,4630.82088,215.0
67ca186a24b457bfdaaf46cb,4630.82088,245.0
67ca186a24b457bfdaaf46cb,4630.82088,345.0
67ca186a24b457bfdaaf46cb,4630.82088,285.0
67ca186a24b457bfdaaf46cb,4630.82088,275.0
67ca186a24b457bfdaaf46cb,4630.82088,225.0
67ca186a24b457bfdaaf46cb,4630.82088,160.0
67ca186a24b457bfdaaf46cb,4630.82088,181.0
67ca186a24b457bfdaaf46cb,4630.82088,136.0
67ca186a24b457bfdaaf46cb,4630.82088,201.0
66293a97afaf09c613477f83,40175.5005,350.0
66293a97afaf09c613477f83,40175.5005,500.0
66293a97afaf09c613477f83,40175.5005,200.0
66293a97afaf09c613477f83,40175.5005,350.0
66293a97afaf09c613477f83,40175.5005,160.0
66293a97afaf09c613477f83,40175.5005,600.0
66293a97afaf09c613477f83,40175.5005,400.0
66293a97afaf09c613477f83,40175.5005,666.0
66293a97afaf09c613477f83,40175.5005,650.0
66293a97afaf09c613477f83,40175.5005,150.0
66293a97afaf09c613477f83,40175.5005,550.0
66293a97afaf09c613477f83,40175.5005,400.0
64226a9ac7739618beeee60d,3919.593,187.0
64226a9ac7739618beeee60d,3919.593,236.0
64226a9ac7739618beeee60d,3919.593,201.0
64226a9ac7739618beeee60d,3919.593,187.0
64226a9ac7739618beeee60d,3919.593,182.0
64226a9ac7739618beeee60d,3919.593,201.0
64226a9ac7739618beeee60d,3919.593,222.0
64226a9ac7739618beeee60d,3919.593,192.0
64226a9ac7739618beeee60d,3919.593,201.0
64226a9ac7739618beeee60d,3919.593,208.0
64226a9ac7739618beeee60d,3919.593,271.0
64226a9ac7739618beeee60d,3919.593,212.0
66e0779ca33300c6c88370a7,3940.2194466499996,204.0
66e0779ca33300c6c88370a7,3940.2194466499996,308.0
66e0779ca33300c6c88370a7,3940.2194466499996,119.0
66e0779ca33300c6c88370a7,3940.2194466499996,122.0
66e0779ca33300c6c88370a7,3940.2194466499996,140.0
66e0779ca33300c6c88370a7,3940.2194466499996,129.0
66e0779ca33300c6c88370a7,3940.2194466499996,242.0
66e0779ca33300c6c88370a7,3940.2194466499996,111.0
66e0779ca33300c6c88370a7,3940.2194466499996,289.0
66e0779ca33300c6c88370a7,3940.2194466499996,317.0
66e0779ca33300c6c88370a7,3940.2194466499996,248.0
66e0779ca33300c6c88370a7,3940.2194466499996,303.0
6757244ae4655e222b76d530,32266.3,161.0
6757244ae4655e222b76d530,32266.3,310.0
6757244ae4655e222b76d530,32266.3,384.0
6757244ae4655e222b76d530,32266.3,236.0
6757244ae4655e222b76d530,32266.3,532.0
6757244ae4655e222b76d530,32266.3,384.0
6757244ae4655e222b76d530,32266.3,236.0
6757244ae4655e222b76d530,32266.3,310.0
6757244ae4655e222b76d530,32266.3,458.0
6757244ae4655e222b76d530,32266.3,384.0
6757244ae4655e222b76d530,32266.3,607.0
6757244ae4655e222b76d530,32266.3,532.0
67c719f77b0b26bb76790bb4,11731.728500000001,236.0
67c719f77b0b26bb76790bb4,11731.728500000001,164.0
67c719f77b0b26bb76790bb4,11731.728500000001,236.0
67c719f77b0b26bb76790bb4,11731.728500000001,160.0
67c719f77b0b26bb76790bb4,11731.728500000001,236.0
67c719f77b0b26bb76790bb4,11731.728500000001,385.0
67c719f77b0b26bb76790bb4,11731.728500000001,311.0
67c719f77b0b26bb76790bb4,11731.728500000001,311.0
67c719f77b0b26bb76790bb4,11731.728500000001,385.0
67c719f77b0b26bb76790bb4,11731.728500000001,160.0
67c719f77b0b26bb76790bb4,11731.728500000001,457.0
67c719f77b0b26bb76790bb4,11731.728500000001,532.0
681d105784ee5657eae466da,23062.96927845,550.0
681d105784ee5657eae466da,23062.96927845,455.0
681d105784ee5657eae466da,23062.96927845,400.0
681d105784ee5657eae466da,23062.96927845,605.0
681d105784ee5657eae466da,23062.96927845,300.0
681d105784ee5657eae466da,23062.96927845,485.0
681d105784ee5657eae466da,23062.96927845,270.0
681d105784ee5657eae466da,23062.96927845,250.0
681d105784ee5657eae466da,23062.96927845,355.0
681d105784ee5657eae466da,23062.96927845,200.0
681d105784ee5657eae466da,23062.96927845,180.0
681d105784ee5657eae466da,23062.96927845,155.0
67f12c8335d274cad7a660ed,4054.06901125,207.0
67f12c8335d274cad7a660ed,4054.06901125,28.0
67f12c8335d274cad7a660ed,4054.06901125,99.0
67f12c8335d274cad7a660ed,4054.06901125,110.0
67f12c8335d274cad7a660ed,4054.06901125,97.0
67f12c8335d274cad7a660ed,4054.06901125,41.0
67f12c8335d274cad7a660ed,4054.06901125,132.0
67f12c8335d274cad7a660ed,4054.06901125,103.0
67f12c8335d274cad7a660ed,4054.06901125,120.0
67f12c8335d274cad7a660ed,4054.06901125,82.0
67f12c8335d274cad7a660ed,4054.06901125,75.0
67f12c8335d274cad7a660ed,4054.06901125,122.0
67e5cc6cc3d974e38560d65a,3392.5866924999996,251.0
67e5cc6cc3d974e38560d65a,3392.5866924999996,182.0
67e5cc6cc3d974e38560d65a,3392.5866924999996,191.0
67e5cc6cc3d974e38560d65a,3392.5866924999996,170.0
67e5cc6cc3d974e38560d65a,3392.5866924999996,202.0
67e5cc6cc3d974e38560d65a,3392.5866924999996,182.0
67e5cc6cc3d974e38560d65a,3392.5866924999996,180.0
67e5cc6cc3d974e38560d65a,3392.5866924999996,152.0
67e5cc6cc3d974e38560d65a,3392.5866924999996,190.0
67e5cc6cc3d974e38560d65a,3392.5866924999996,200.0
67e5cc6cc3d974e38560d65a,3392.5866924999996,172.0
67e5cc6cc3d974e38560d65a,3392.5866924999996,154.0
67df6c769b39b429c33e2325,3767.59573945,210.0
67df6c769b39b429c33e2325,3767.59573945,150.0
67df6c769b39b429c33e2325,3767.59573945,160.0
67df6c769b39b429c33e2325,3767.59573945,221.0
67df6c769b39b429c33e2325,3767.59573945,144.0
67df6c769b39b429c33e2325,3767.59573945,175.0
67df6c769b39b429c33e2325,3767.59573945,145.0
67df6c769b39b429c33e2325,3767.59573945,138.0
67df6c769b39b429c33e2325,3767.59573945,180.0
67df6c769b39b429c33e2325,3767.59573945,262.0
67df6c769b39b429c33e2325,3767.59573945,312.0
67df6c769b39b429c33e2325,3767.59573945,228.0
67ead81567b76f7b14eda8e4,12006.4881428,105.0
67ead81567b76f7b14eda8e4,12006.4881428,156.0
67ead81567b76f7b14eda8e4,12006.4881428,300.0
67ead81567b76f7b14eda8e4,12006.4881428,89.0
67ead81567b76f7b14eda8e4,12006.4881428,188.0
67ead81567b76f7b14eda8e4,12006.4881428,73.0
67ead81567b76f7b14eda8e4,12006.4881428,254.0
67ead81567b76f7b14eda8e4,12006.4881428,261.0
67ead81567b76f7b14eda8e4,12006.4881428,460.0
67ead81567b76f7b14eda8e4,12006.4881428,188.0
67ead81567b76f7b14eda8e4,12006.4881428,420.0
67ead81567b76f7b14eda8e4,12006.4881428,21.0
67c7984f1288c822f9364973,3132.5988800000005,103.0
67c7984f1288c822f9364973,3132.5988800000005,300.0
67c7984f1288c822f9364973,3132.5988800000005,214.0
67c7984f1288c822f9364973,3132.5988800000005,190.0
67c7984f1288c822f9364973,3132.5988800000005,278.0
67c7984f1288c822f9364973,3132.5988800000005,299.0
67c7984f1288c822f9364973,3132.5988800000005,306.0
67c7984f1288c822f9364973,3132.5988800000005,148.0
67c7984f1288c822f9364973,3132.5988800000005,82.0
67c7984f1288c822f9364973,3132.5988800000005,87.0
67c7984f1288c822f9364973,3132.5988800000005,45.0
67c7984f1288c822f9364973,3132.5988800000005,160.0
676da97afe68d3f5a09fca43,6909.4951428,250.0
676da97afe68d3f5a09fca43,6909.4951428,271.0
676da97afe68d3f5a09fca43,6909.4951428,150.0
676da97afe68d3f5a09fca43,6909.4951428,350.0
676da97afe68d3f5a09fca43,6909.4951428,150.0
676da97afe68d3f5a09fca43,6909.4951428,340.0
676da97afe68d3f5a09fca43,6909.4951428,185.0
676da97afe68d3f5a09fca43,6909.4951428,475.0
676da97afe68d3f5a09fca43,6909.4951428,190.0
676da97afe68d3f5a09fca43,6909.4951428,139.0
676da97afe68d3f5a09fca43,6909.4951428,470.0
676da97afe68d3f5a09fca43,6909.4951428,145.0
67e482838e2cd7da7e1d5dd2,790.6569965000001,190.0
67e482838e2cd7da7e1d5dd2,790.6569965000001,170.0
67e482838e2cd7da7e1d5dd2,790.6569965000001,160.0
67e482838e2cd7da7e1d5dd2,790.6569965000001,200.0
67e482838e2cd7da7e1d5dd2,790.6569965000001,181.0
67e482838e2cd7da7e1d5dd2,790.6569965000001,171.0
67e482838e2cd7da7e1d5dd2,790.6569965000001,160.0
67e482838e2cd7da7e1d5dd2,790.6569965000001,170.0
67e482838e2cd7da7e1d5dd2,790.6569965000001,151.0
67e482838e2cd7da7e1d5dd2,790.6569965000001,155.0
67e482838e2cd7da7e1d5dd2,790.6569965000001,221.0
67e482838e2cd7da7e1d5dd2,790.6569965000001,144.0
67e975ed2ed685b0c660b041,15261.17783605,310.0
67e975ed2ed685b0c660b041,15261.17783605,13.0
67e975ed2ed685b0c660b041,15261.17783605,67.0
67e975ed2ed685b0c660b041,15261.17783605,13.0
67e975ed2ed685b0c660b041,15261.17783605,13.0
67e975ed2ed685b0c660b041,15261.17783605,87.0
67e975ed2ed685b0c660b041,15261.17783605,13.0
67e975ed2ed685b0c660b041,15261.17783605,13.0
67e975ed2ed685b0c660b041,15261.17783605,13.0
67e975ed2ed685b0c660b041,15261.17783605,16.0
67e975ed2ed685b0c660b041,15261.17783605,13.0
67e975ed2ed685b0c660b041,15261.17783605,13.0
670348a0446814e5ead1e672,21597.94134665,110.0
670348a0446814e5ead1e672,21597.94134665,489.0
670348a0446814e5ead1e672,21597.94134665,60.0
670348a0446814e5ead1e672,21597.94134665,29.0
670348a0446814e5ead1e672,21597.94134665,146.0
670348a0446814e5ead1e672,21597.94134665,93.0
670348a0446814e5ead1e672,21597.94134665,298.0
670348a0446814e5ead1e672,21597.94134665,73.0
670348a0446814e5ead1e672,21597.94134665,495.0
670348a0446814e5ead1e672,21597.94134665,614.0
670348a0446814e5ead1e672,21597.94134665,442.0
670348a0446814e5ead1e672,21597.94134665,316.0
67f24db46f1c4a3d8deb003e,5301.4205,240.0
67f24db46f1c4a3d8deb003e,5301.4205,313.0
67f24db46f1c4a3d8deb003e,5301.4205,221.0
67f24db46f1c4a3d8deb003e,5301.4205,260.0
67f24db46f1c4a3d8deb003e,5301.4205,202.0
67f24db46f1c4a3d8deb003e,5301.4205,300.0
67f24db46f1c4a3d8deb003e,5301.4205,269.0
67f24db46f1c4a3d8deb003e,5301.4205,320.0
67f24db46f1c4a3d8deb003e,5301.4205,301.0
67f24db46f1c4a3d8deb003e,5301.4205,261.0
67f24db46f1c4a3d8deb003e,5301.4205,358.0
67f24db46f1c4a3d8deb003e,5301.4205,250.0
67ddc3aa14d6159a27502d15,2274.2341360500004,185.0
67ddc3aa14d6159a27502d15,2274.2341360500004,150.0
67ddc3aa14d6159a27502d15,2274.2341360500004,150.0
67ddc3aa14d6159a27502d15,2274.2341360500004,185.0
67ddc3aa14d6159a27502d15,2274.2341360500004,204.0
67ddc3aa14d6159a27502d15,2274.2341360500004,355.0
67ddc3aa14d6159a27502d15,2274.2341360500004,180.0
67ddc3aa14d6159a27502d15,2274.2341360500004,230.0
67ddc3aa14d6159a27502d15,2274.2341360500004,240.0
67ddc3aa14d6159a27502d15,2274.2341360500004,225.0
67ddc3aa14d6159a27502d15,2274.2341360500004,266.0
67ddc3aa14d6159a27502d15,2274.2341360500004,175.0
67e2c1cf16cb9a0f99c3c071,8688.149505,231.0
67e2c1cf16cb9a0f99c3c071,8688.149505,185.0
67e2c1cf16cb9a0f99c3c071,8688.149505,205.0
67e2c1cf16cb9a0f99c3c071,8688.149505,359.0
67e2c1cf16cb9a0f99c3c071,8688.149505,451.0
67e2c1cf16cb9a0f99c3c071,8688.149505,388.0
67e2c1cf16cb9a0f99c3c071,8688.149505,197.0
67e2c1cf16cb9a0f99c3c071,8688.149505,190.0
67e2c1cf16cb9a0f99c3c071,8688.149505,188.0
67e2c1cf16cb9a0f99c3c071,8688.149505,494.0
67e2c1cf16cb9a0f99c3c071,8688.149505,382.0
67e2c1cf16cb9a0f99c3c071,8688.149505,230.0
6813da744902baf71269402d,1450.1385050000001,197.0
6813da744902baf71269402d,1450.1385050000001,130.0
6813da744902baf71269402d,1450.1385050000001,110.0
6813da744902baf71269402d,1450.1385050000001,220.0
6813da744902baf71269402d,1450.1385050000001,190.0
6813da744902baf71269402d,1450.1385050000001,191.0
6813da744902baf71269402d,1450.1385050000001,140.0
6813da744902baf71269402d,1450.1385050000001,96.0
6813da744902baf71269402d,1450.1385050000001,89.0
6813da744902baf71269402d,1450.1385050000001,240.0
6813da744902baf71269402d,1450.1385050000001,211.0
6813da744902baf71269402d,1450.1385050000001,151.0
63e548215b42b3f3aa069dc2,859.5982791999999,145.0
63e548215b42b3f3aa069dc2,859.5982791999999,165.0
63e548215b42b3f3aa069dc2,859.5982791999999,190.0
63e548215b42b3f3aa069dc2,859.5982791999999,170.0
63e548215b42b3f3aa069dc2,859.5982791999999,160.0
63e548215b42b3f3aa069dc2,859.5982791999999,155.0
63e548215b42b3f3aa069dc2,859.5982791999999,150.0
63e548215b42b3f3aa069dc2,859.5982791999999,200.0
63e548215b42b3f3aa069dc2,859.5982791999999,170.0
63e548215b42b3f3aa069dc2,859.5982791999999,160.0
63e548215b42b3f3aa069dc2,859.5982791999999,130.0
63e548215b42b3f3aa069dc2,859.5982791999999,215.0
67df3557f968a6323b1e41c9,35105.33801125,428.0
67df3557f968a6323b1e41c9,35105.33801125,452.0
67df3557f968a6323b1e41c9,35105.33801125,405.0
67df3557f968a6323b1e41c9,35105.33801125,441.0
67df3557f968a6323b1e41c9,35105.33801125,455.0
67df3557f968a6323b1e41c9,35105.33801125,508.0
67df3557f968a6323b1e41c9,35105.33801125,457.0
67df3557f968a6323b1e41c9,35105.33801125,354.0
67df3557f968a6323b1e41c9,35105.33801125,404.0
67df3557f968a6323b1e41c9,35105.33801125,273.0
67df3557f968a6323b1e41c9,35105.33801125,345.0
67df3557f968a6323b1e41c9,35105.33801125,421.0
67d9bc26fac028fdc13b44d6,26847.250500000002,35.0
67d9bc26fac028fdc13b44d6,26847.250500000002,235.0
67d9bc26fac028fdc13b44d6,26847.250500000002,130.0
67d9bc26fac028fdc13b44d6,26847.250500000002,220.0
67d9bc26fac028fdc13b44d6,26847.250500000002,140.0
67d9bc26fac028fdc13b44d6,26847.250500000002,236.0
67d9bc26fac028fdc13b44d6,26847.250500000002,235.0
67d9bc26fac028fdc13b44d6,26847.250500000002,740.0
67d9bc26fac028fdc13b44d6,26847.250500000002,580.0
67d9bc26fac028fdc13b44d6,26847.250500000002,160.0
67d9bc26fac028fdc13b44d6,26847.250500000002,620.0
67d9bc26fac028fdc13b44d6,26847.250500000002,180.0
67e4b9da1171c20d55663620,5154.81182845,213.0
67e4b9da1171c20d55663620,5154.81182845,205.0
67e4b9da1171c20d55663620,5154.81182845,131.0
67e4b9da1171c20d55663620,5154.81182845,193.0
67e4b9da1171c20d55663620,5154.81182845,712.0
67e4b9da1171c20d55663620,5154.81182845,202.0
67e4b9da1171c20d55663620,5154.81182845,152.0
67e4b9da1171c20d55663620,5154.81182845,18.0
67e4b9da1171c20d55663620,5154.81182845,160.0
67e4b9da1171c20d55663620,5154.81182845,181.0
67e4b9da1171c20d55663620,5154.81182845,205.0
67e4b9da1171c20d55663620,5154.81182845,164.0
681c8d0a74ea9691dff69ca7,6160.1722562,213.0
681c8d0a74ea9691dff69ca7,6160.1722562,214.0
681c8d0a74ea9691dff69ca7,6160.1722562,160.0
681c8d0a74ea9691dff69ca7,6160.1722562,129.0
681c8d0a74ea9691dff69ca7,6160.1722562,213.0
681c8d0a74ea9691dff69ca7,6160.1722562,130.0
681c8d0a74ea9691dff69ca7,6160.1722562,213.0
681c8d0a74ea9691dff69ca7,6160.1722562,160.0
681c8d0a74ea9691dff69ca7,6160.1722562,129.0
681c8d0a74ea9691dff69ca7,6160.1722562,215.0
681c8d0a74ea9691dff69ca7,6160.1722562,160.0
681c8d0a74ea9691dff69ca7,6160.1722562,130.0
67d0b20f5a84d00fa8b8ff17,1092.24873945,190.0
67d0b20f5a84d00fa8b8ff17,1092.24873945,140.0
67d0b20f5a84d00fa8b8ff17,1092.24873945,150.0
67d0b20f5a84d00fa8b8ff17,1092.24873945,225.0
67d0b20f5a84d00fa8b8ff17,1092.24873945,145.0
67d0b20f5a84d00fa8b8ff17,1092.24873945,200.0
67d0b20f5a84d00fa8b8ff17,1092.24873945,145.0
67d0b20f5a84d00fa8b8ff17,1092.24873945,140.0
67d0b20f5a84d00fa8b8ff17,1092.24873945,131.0
67d0b20f5a84d00fa8b8ff17,1092.24873945,135.0
67d0b20f5a84d00fa8b8ff17,1092.24873945,200.0
67d0b20f5a84d00fa8b8ff17,1092.24873945,210.0
67e990cae30f7f65028a0e42,390.263625,120.0
67e990cae30f7f65028a0e42,390.263625,180.0
67e990cae30f7f65028a0e42,390.263625,230.0
67e990cae30f7f65028a0e42,390.263625,165.0
67e990cae30f7f65028a0e42,390.263625,230.0
67e990cae30f7f65028a0e42,390.263625,136.0
67e990cae30f7f65028a0e42,390.263625,170.0
67e990cae30f7f65028a0e42,390.263625,221.0
67e990cae30f7f65028a0e42,390.263625,280.0
67e990cae30f7f65028a0e42,390.263625,255.0
67e990cae30f7f65028a0e42,390.263625,130.0
67e990cae30f7f65028a0e42,390.263625,200.0
67d4963737c423d4f85b1fd1,1972.968625,225.0
67d4963737c423d4f85b1fd1,1972.968625,210.0
67d4963737c423d4f85b1fd1,1972.968625,180.0
67d4963737c423d4f85b1fd1,1972.968625,185.0
67d4963737c423d4f85b1fd1,1972.968625,230.0
67d4963737c423d4f85b1fd1,1972.968625,145.0
67d4963737c423d4f85b1fd1,1972.968625,267.0
67d4963737c423d4f85b1fd1,1972.968625,180.0
67d4963737c423d4f85b1fd1,1972.968625,211.0
67d4963737c423d4f85b1fd1,1972.968625,221.0
67d4963737c423d4f85b1fd1,1972.968625,146.0
67d4963737c423d4f85b1fd1,1972.968625,177.0
681d81756735d696f8f3db9d,1427.728505,155.0
681d81756735d696f8f3db9d,1427.728505,106.0
681d81756735d696f8f3db9d,1427.728505,75.0
681d81756735d696f8f3db9d,1427.728505,226.0
681d81756735d696f8f3db9d,1427.728505,130.0
681d81756735d696f8f3db9d,1427.728505,280.0
681d81756735d696f8f3db9d,1427.728505,120.0
681d81756735d696f8f3db9d,1427.728505,51.0
681d81756735d696f8f3db9d,1427.728505,34.0
681d81756735d696f8f3db9d,1427.728505,212.0
681d81756735d696f8f3db9d,1427.728505,351.0
681d81756735d696f8f3db9d,1427.728505,102.0
67f2fbf1863f35779e34ee1f,8004.6812562000005,310.0
67f2fbf1863f35779e34ee1f,8004.6812562000005,270.0
67f2fbf1863f35779e34ee1f,8004.6812562000005,320.0
67f2fbf1863f35779e34ee1f,8004.6812562000005,300.0
67f2fbf1863f35779e34ee1f,8004.6812562000005,380.0
67f2fbf1863f35779e34ee1f,8004.6812562000005,240.0
67f2fbf1863f35779e34ee1f,8004.6812562000005,370.0
67f2fbf1863f35779e34ee1f,8004.6812562000005,390.0
67f2fbf1863f35779e34ee1f,8004.6812562000005,240.0
67f2fbf1863f35779e34ee1f,8004.6812562000005,280.0
67f2fbf1863f35779e34ee1f,8004.6812562000005,220.0
67f2fbf1863f35779e34ee1f,8004.6812562000005,210.0
67e436e368aeb0feaf2c033a,5179.8,116.0
67e436e368aeb0feaf2c033a,5179.8,153.0
67e436e368aeb0feaf2c033a,5179.8,138.0
67e436e368aeb0feaf2c033a,5179.8,215.0
67e436e368aeb0feaf2c033a,5179.8,356.0
67e436e368aeb0feaf2c033a,5179.8,302.0
67e436e368aeb0feaf2c033a,5179.8,210.0
67e436e368aeb0feaf2c033a,5179.8,120.0
67e436e368aeb0feaf2c033a,5179.8,356.0
67e436e368aeb0feaf2c033a,5179.8,165.0
67e436e368aeb0feaf2c033a,5179.8,423.0
67e436e368aeb0feaf2c033a,5179.8,304.0
6780a644f70a2de5932ef6bb,1175.828505,210.0
6780a644f70a2de5932ef6bb,1175.828505,134.0
6780a644f70a2de5932ef6bb,1175.828505,120.0
6780a644f70a2de5932ef6bb,1175.828505,230.0
6780a644f70a2de5932ef6bb,1175.828505,180.0
6780a644f70a2de5932ef6bb,1175.828505,201.0
6780a644f70a2de5932ef6bb,1175.828505,150.0
6780a644f70a2de5932ef6bb,1175.828505,85.0
6780a644f70a2de5932ef6bb,1175.828505,100.0
6780a644f70a2de5932ef6bb,1175.828505,270.0
6780a644f70a2de5932ef6bb,1175.828505,221.0
6780a644f70a2de5932ef6bb,1175.828505,176.0
66c9f7fd98cb4c8f77f98b27,13983.2270562,302.0
66c9f7fd98cb4c8f77f98b27,13983.2270562,291.0
66c9f7fd98cb4c8f77f98b27,13983.2270562,229.0
66c9f7fd98cb4c8f77f98b27,13983.2270562,279.0
66c9f7fd98cb4c8f77f98b27,13983.2270562,209.0
66c9f7fd98cb4c8f77f98b27,13983.2270562,418.0
66c9f7fd98cb4c8f77f98b27,13983.2270562,207.0
66c9f7fd98cb4c8f77f98b27,13983.2270562,296.0
66c9f7fd98cb4c8f77f98b27,13983.2270562,227.0
66c9f7fd98cb4c8f77f98b27,13983.2270562,349.0
66c9f7fd98cb4c8f77f98b27,13983.2270562,240.0
66c9f7fd98cb4c8f77f98b27,13983.2270562,222.0
674f5a8a79349259b859c0ab,30912.4040965,310.0
674f5a8a79349259b859c0ab,30912.4040965,458.0
674f5a8a79349259b859c0ab,30912.4040965,532.0
674f5a8a79349259b859c0ab,30912.4040965,293.0
674f5a8a79349259b859c0ab,30912.4040965,396.0
674f5a8a79349259b859c0ab,30912.4040965,391.0
674f5a8a79349259b859c0ab,30912.4040965,383.0
674f5a8a79349259b859c0ab,30912.4040965,375.0
674f5a8a79349259b859c0ab,30912.4040965,352.0
674f5a8a79349259b859c0ab,30912.4040965,328.0
674f5a8a79349259b859c0ab,30912.4040965,384.0
674f5a8a79349259b859c0ab,30912.4040965,364.0
66e982b2da4a8dde63eac56c,3868.9,37.0
66e982b2da4a8dde63eac56c,3868.9,43.0
66e982b2da4a8dde63eac56c,3868.9,21.0
66e982b2da4a8dde63eac56c,3868.9,87.0
66e982b2da4a8dde63eac56c,3868.9,373.0
66e982b2da4a8dde63eac56c,3868.9,80.0
66e982b2da4a8dde63eac56c,3868.9,58.0
66e982b2da4a8dde63eac56c,3868.9,64.0
66e982b2da4a8dde63eac56c,3868.9,326.0
66e982b2da4a8dde63eac56c,3868.9,83.0
66e982b2da4a8dde63eac56c,3868.9,244.0
66e982b2da4a8dde63eac56c,3868.9,119.0
675724b349592b2b81147387,5980.5536562,236.0
675724b349592b2b81147387,5980.5536562,310.0
675724b349592b2b81147387,5980.5536562,310.0
675724b349592b2b81147387,5980.5536562,236.0
675724b349592b2b81147387,5980.5536562,384.0
675724b349592b2b81147387,5980.5536562,236.0
675724b349592b2b81147387,5980.5536562,384.0
675724b349592b2b81147387,5980.5536562,458.0
675724b349592b2b81147387,5980.5536562,236.0
675724b349592b2b81147387,5980.5536562,236.0
675724b349592b2b81147387,5980.5536562,161.0
675724b349592b2b81147387,5980.5536562,161.0
67f117c069962c8306b3e285,5565.355228449999,250.0
67f117c069962c8306b3e285,5565.355228449999,120.0
67f117c069962c8306b3e285,5565.355228449999,13.0
67f117c069962c8306b3e285,5565.355228449999,165.0
67f117c069962c8306b3e285,5565.355228449999,230.0
67f117c069962c8306b3e285,5565.355228449999,190.0
67f117c069962c8306b3e285,5565.355228449999,170.0
67f117c069962c8306b3e285,5565.355228449999,165.0
67f117c069962c8306b3e285,5565.355228449999,180.0
67f117c069962c8306b3e285,5565.355228449999,200.0
67f117c069962c8306b3e285,5565.355228449999,210.0
67f117c069962c8306b3e285,5565.355228449999,205.0
67e7ff1ef81c52ec2bf98f85,12393.81404505,236.0
67e7ff1ef81c52ec2bf98f85,12393.81404505,310.0
67e7ff1ef81c52ec2bf98f85,12393.81404505,458.0
67e7ff1ef81c52ec2bf98f85,12393.81404505,474.0
67e7ff1ef81c52ec2bf98f85,12393.81404505,241.0
67e7ff1ef81c52ec2bf98f85,12393.81404505,220.0
67e7ff1ef81c52ec2bf98f85,12393.81404505,265.0
67e7ff1ef81c52ec2bf98f85,12393.81404505,355.0
67e7ff1ef81c52ec2bf98f85,12393.81404505,245.0
67e7ff1ef81c52ec2bf98f85,12393.81404505,256.0
67e7ff1ef81c52ec2bf98f85,12393.81404505,285.0
67e7ff1ef81c52ec2bf98f85,12393.81404505,250.0
67f046666817139309eca3bb,329.54673945,175.0
67f046666817139309eca3bb,329.54673945,80.0
67f046666817139309eca3bb,329.54673945,190.0
67f046666817139309eca3bb,329.54673945,230.0
67f046666817139309eca3bb,329.54673945,100.0
67f046666817139309eca3bb,329.54673945,200.0
67f046666817139309eca3bb,329.54673945,95.0
67f046666817139309eca3bb,329.54673945,130.0
67f046666817139309eca3bb,329.54673945,105.0
67f046666817139309eca3bb,329.54673945,90.0
67f046666817139309eca3bb,329.54673945,140.0
67f046666817139309eca3bb,329.54673945,170.0
668f8d7343028ae0faa7a907,1225.5026184500002,160.0
668f8d7343028ae0faa7a907,1225.5026184500002,163.0
668f8d7343028ae0faa7a907,1225.5026184500002,130.0
668f8d7343028ae0faa7a907,1225.5026184500002,130.0
668f8d7343028ae0faa7a907,1225.5026184500002,220.0
668f8d7343028ae0faa7a907,1225.5026184500002,150.0
668f8d7343028ae0faa7a907,1225.5026184500002,120.0
668f8d7343028ae0faa7a907,1225.5026184500002,233.0
668f8d7343028ae0faa7a907,1225.5026184500002,180.0
668f8d7343028ae0faa7a907,1225.5026184500002,180.0
668f8d7343028ae0faa7a907,1225.5026184500002,180.0
668f8d7343028ae0faa7a907,1225.5026184500002,200.0
67d72063e9c2d9c1c2f242b4,32661.971692500003,600.0
67d72063e9c2d9c1c2f242b4,32661.971692500003,350.0
67d72063e9c2d9c1c2f242b4,32661.971692500003,453.0
67d72063e9c2d9c1c2f242b4,32661.971692500003,350.0
67d72063e9c2d9c1c2f242b4,32661.971692500003,600.0
67d72063e9c2d9c1c2f242b4,32661.971692500003,295.0
67d72063e9c2d9c1c2f242b4,32661.971692500003,300.0
67d72063e9c2d9c1c2f242b4,32661.971692500003,160.0
67d72063e9c2d9c1c2f242b4,32661.971692500003,550.0
67d72063e9c2d9c1c2f242b4,32661.971692500003,680.0
67d72063e9c2d9c1c2f242b4,32661.971692500003,195.0
67d72063e9c2d9c1c2f242b4,32661.971692500003,200.0
67e9ac5d11ce96e09fbabc43,46956.593278450004,278.0
67e9ac5d11ce96e09fbabc43,46956.593278450004,315.0
67e9ac5d11ce96e09fbabc43,46956.593278450004,380.0
67e9ac5d11ce96e09fbabc43,46956.593278450004,269.0
67e9ac5d11ce96e09fbabc43,46956.593278450004,446.0
67e9ac5d11ce96e09fbabc43,46956.593278450004,490.0
67e9ac5d11ce96e09fbabc43,46956.593278450004,491.0
67e9ac5d11ce96e09fbabc43,46956.593278450004,483.0
67e9ac5d11ce96e09fbabc43,46956.593278450004,502.0
67e9ac5d11ce96e09fbabc43,46956.593278450004,422.0
67e9ac5d11ce96e09fbabc43,46956.593278450004,434.0
67e9ac5d11ce96e09fbabc43,46956.593278450004,574.0
61078578714e91dbed738032,3739.1997466499997,197.0
61078578714e91dbed738032,3739.1997466499997,201.0
61078578714e91dbed738032,3739.1997466499997,170.0
61078578714e91dbed738032,3739.1997466499997,160.0
61078578714e91dbed738032,3739.1997466499997,185.0
61078578714e91dbed738032,3739.1997466499997,190.0
61078578714e91dbed738032,3739.1997466499997,209.0
61078578714e91dbed738032,3739.1997466499997,209.0
61078578714e91dbed738032,3739.1997466499997,182.0
61078578714e91dbed738032,3739.1997466499997,201.0
61078578714e91dbed738032,3739.1997466499997,213.0
61078578714e91dbed738032,3739.1997466499997,181.0
67e9e4a4cddd6331b90f280c,6378.4451925,377.0
67e9e4a4cddd6331b90f280c,6378.4451925,223.0
67e9e4a4cddd6331b90f280c,6378.4451925,318.0
67e9e4a4cddd6331b90f280c,6378.4451925,224.0
67e9e4a4cddd6331b90f280c,6378.4451925,265.0
67e9e4a4cddd6331b90f280c,6378.4451925,117.0
67e9e4a4cddd6331b90f280c,6378.4451925,69.0
67e9e4a4cddd6331b90f280c,6378.4451925,36.0
67e9e4a4cddd6331b90f280c,6378.4451925,84.0
67e9e4a4cddd6331b90f280c,6378.4451925,450.0
67e9e4a4cddd6331b90f280c,6378.4451925,286.0
67e9e4a4cddd6331b90f280c,6378.4451925,50.0
67926bccd6da8d0031202f50,33945.708505,500.0
67926bccd6da8d0031202f50,33945.708505,420.0
67926bccd6da8d0031202f50,33945.708505,250.0
67926bccd6da8d0031202f50,33945.708505,520.0
67926bccd6da8d0031202f50,33945.708505,410.0
67926bccd6da8d0031202f50,33945.708505,420.0
67926bccd6da8d0031202f50,33945.708505,480.0
67926bccd6da8d0031202f50,33945.708505,285.0
67926bccd6da8d0031202f50,33945.708505,175.0
67926bccd6da8d0031202f50,33945.708505,605.0
67926bccd6da8d0031202f50,33945.708505,480.0
67926bccd6da8d0031202f50,33945.708505,390.0
6749edf9c30fca401971e895,9317.51013605,347.0
6749edf9c30fca401971e895,9317.51013605,291.0
6749edf9c30fca401971e895,9317.51013605,405.0
6749edf9c30fca401971e895,9317.51013605,170.0
6749edf9c30fca401971e895,9317.51013605,160.0
6749edf9c30fca401971e895,9317.51013605,160.0
6749edf9c30fca401971e895,9317.51013605,160.0
6749edf9c30fca401971e895,9317.51013605,170.0
6749edf9c30fca401971e895,9317.51013605,172.0
6749edf9c30fca401971e895,9317.51013605,166.0
6749edf9c30fca401971e895,9317.51013605,178.0
6749edf9c30fca401971e895,9317.51013605,166.0
675a99dd60d20651780b5e26,9170.6505,399.0
675a99dd60d20651780b5e26,9170.6505,270.0
675a99dd60d20651780b5e26,9170.6505,382.0
675a99dd60d20651780b5e26,9170.6505,192.0
675a99dd60d20651780b5e26,9170.6505,195.0
675a99dd60d20651780b5e26,9170.6505,250.0
675a99dd60d20651780b5e26,9170.6505,200.0
675a99dd60d20651780b5e26,9170.6505,205.0
675a99dd60d20651780b5e26,9170.6505,160.0
675a99dd60d20651780b5e26,9170.6505,160.0
675a99dd60d20651780b5e26,9170.6505,160.0
675a99dd60d20651780b5e26,9170.6505,160.0
67ee06c4eb3409e71337930b,4169.6226792,335.0
67ee06c4eb3409e71337930b,4169.6226792,203.0
67ee06c4eb3409e71337930b,4169.6226792,258.0
67ee06c4eb3409e71337930b,4169.6226792,206.0
67ee06c4eb3409e71337930b,4169.6226792,212.0
67ee06c4eb3409e71337930b,4169.6226792,206.0
67ee06c4eb3409e71337930b,4169.6226792,216.0
67ee06c4eb3409e71337930b,4169.6226792,202.0
67ee06c4eb3409e71337930b,4169.6226792,205.0
67ee06c4eb3409e71337930b,4169.6226792,181.0
67ee06c4eb3409e71337930b,4169.6226792,201.0
67ee06c4eb3409e71337930b,4169.6226792,204.0
6749e08c328a5ba71b36b7c4,8505.8621428,260.0
6749e08c328a5ba71b36b7c4,8505.8621428,291.0
6749e08c328a5ba71b36b7c4,8505.8621428,323.0
6749e08c328a5ba71b36b7c4,8505.8621428,241.0
6749e08c328a5ba71b36b7c4,8505.8621428,280.0
6749e08c328a5ba71b36b7c4,8505.8621428,302.0
6749e08c328a5ba71b36b7c4,8505.8621428,288.0
6749e08c328a5ba71b36b7c4,8505.8621428,255.0
6749e08c328a5ba71b36b7c4,8505.8621428,320.0
6749e08c328a5ba71b36b7c4,8505.8621428,223.0
6749e08c328a5ba71b36b7c4,8505.8621428,297.0
6749e08c328a5ba71b36b7c4,8505.8621428,277.0
66f691628c7a1436f889308b,6014.050499999999,276.0
66f691628c7a1436f889308b,6014.050499999999,276.0
66f691628c7a1436f889308b,6014.050499999999,347.0
66f691628c7a1436f889308b,6014.050499999999,232.0
66f691628c7a1436f889308b,6014.050499999999,210.0
66f691628c7a1436f889308b,6014.050499999999,182.0
66f691628c7a1436f889308b,6014.050499999999,184.0
66f691628c7a1436f889308b,6014.050499999999,214.0
66f691628c7a1436f889308b,6014.050499999999,192.0
66f691628c7a1436f889308b,6014.050499999999,190.0
66f691628c7a1436f889308b,6014.050499999999,192.0
66f691628c7a1436f889308b,6014.050499999999,200.0
6446b4a6eb2ba64c1505307d,7732.3946925,447.0
6446b4a6eb2ba64c1505307d,7732.3946925,188.0
6446b4a6eb2ba64c1505307d,7732.3946925,282.0
6446b4a6eb2ba64c1505307d,7732.3946925,247.0
6446b4a6eb2ba64c1505307d,7732.3946925,426.0
6446b4a6eb2ba64c1505307d,7732.3946925,286.0
6446b4a6eb2ba64c1505307d,7732.3946925,271.0
6446b4a6eb2ba64c1505307d,7732.3946925,138.0
6446b4a6eb2ba64c1505307d,7732.3946925,97.0
6446b4a6eb2ba64c1505307d,7732.3946925,470.0
6446b4a6eb2ba64c1505307d,7732.3946925,287.0
6446b4a6eb2ba64c1505307d,7732.3946925,338.0
67ec3fe9714885c1e3c487c3,24142.9285,280.0
67ec3fe9714885c1e3c487c3,24142.9285,220.0
67ec3fe9714885c1e3c487c3,24142.9285,300.0
67ec3fe9714885c1e3c487c3,24142.9285,351.0
67ec3fe9714885c1e3c487c3,24142.9285,430.0
67ec3fe9714885c1e3c487c3,24142.9285,424.0
67ec3fe9714885c1e3c487c3,24142.9285,434.0
67ec3fe9714885c1e3c487c3,24142.9285,457.0
67ec3fe9714885c1e3c487c3,24142.9285,495.0
67ec3fe9714885c1e3c487c3,24142.9285,209.0
67ec3fe9714885c1e3c487c3,24142.9285,308.0
67ec3fe9714885c1e3c487c3,24142.9285,325.0
67dac9fec33b7784afd3d08b,84848.8641428,640.0
67dac9fec33b7784afd3d08b,84848.8641428,535.0
67dac9fec33b7784afd3d08b,84848.8641428,755.0
67dac9fec33b7784afd3d08b,84848.8641428,731.0
67dac9fec33b7784afd3d08b,84848.8641428,455.0
67dac9fec33b7784afd3d08b,84848.8641428,670.0
67dac9fec33b7784afd3d08b,84848.8641428,460.0
67dac9fec33b7784afd3d08b,84848.8641428,628.0
67dac9fec33b7784afd3d08b,84848.8641428,536.0
67dac9fec33b7784afd3d08b,84848.8641428,303.0
67dac9fec33b7784afd3d08b,84848.8641428,485.0
67dac9fec33b7784afd3d08b,84848.8641428,156.0
5fefefa4c9707d3516361c9c,17892.16888,298.0
5fefefa4c9707d3516361c9c,17892.16888,314.0
5fefefa4c9707d3516361c9c,17892.16888,368.0
5fefefa4c9707d3516361c9c,17892.16888,345.0
5fefefa4c9707d3516361c9c,17892.16888,457.0
5fefefa4c9707d3516361c9c,17892.16888,506.0
5fefefa4c9707d3516361c9c,17892.16888,328.0
5fefefa4c9707d3516361c9c,17892.16888,274.0
5fefefa4c9707d3516361c9c,17892.16888,274.0
5fefefa4c9707d3516361c9c,17892.16888,196.0
5fefefa4c9707d3516361c9c,17892.16888,294.0
5fefefa4c9707d3516361c9c,17892.16888,232.0
5f16f559325a640008bb9a07,1865.2113965,210.0
5f16f559325a640008bb9a07,1865.2113965,175.0
5f16f559325a640008bb9a07,1865.2113965,213.0
5f16f559325a640008bb9a07,1865.2113965,212.0
5f16f559325a640008bb9a07,1865.2113965,191.0
5f16f559325a640008bb9a07,1865.2113965,257.0
5f16f559325a640008bb9a07,1865.2113965,240.0
5f16f559325a640008bb9a07,1865.2113965,190.0
5f16f559325a640008bb9a07,1865.2113965,192.0
5f16f559325a640008bb9a07,1865.2113965,187.0
5f16f559325a640008bb9a07,1865.2113965,187.0
5f16f559325a640008bb9a07,1865.2113965,185.0
634696400ff1ac25ed01ad11,6275.44564665,253.0
634696400ff1ac25ed01ad11,6275.44564665,289.0
634696400ff1ac25ed01ad11,6275.44564665,205.0
634696400ff1ac25ed01ad11,6275.44564665,300.0
634696400ff1ac25ed01ad11,6275.44564665,218.0
634696400ff1ac25ed01ad11,6275.44564665,235.0
634696400ff1ac25ed01ad11,6275.44564665,294.0
634696400ff1ac25ed01ad11,6275.44564665,207.0
634696400ff1ac25ed01ad11,6275.44564665,319.0
634696400ff1ac25ed01ad11,6275.44564665,266.0
634696400ff1ac25ed01ad11,6275.44564665,254.0
634696400ff1ac25ed01ad11,6275.44564665,252.0
5bb58e338f3bd70001e5df57,10823.725505,181.0
5bb58e338f3bd70001e5df57,10823.725505,237.0
5bb58e338f3bd70001e5df57,10823.725505,278.0
5bb58e338f3bd70001e5df57,10823.725505,185.0
5bb58e338f3bd70001e5df57,10823.725505,277.0
5bb58e338f3bd70001e5df57,10823.725505,208.0
5bb58e338f3bd70001e5df57,10823.725505,255.0
5bb58e338f3bd70001e5df57,10823.725505,346.0
5bb58e338f3bd70001e5df57,10823.725505,322.0
5bb58e338f3bd70001e5df57,10823.725505,224.0
5bb58e338f3bd70001e5df57,10823.725505,280.0
5bb58e338f3bd70001e5df57,10823.725505,177.0
6643b0fe98e091c70e7988e4,6878.35557845,305.0
6643b0fe98e091c70e7988e4,6878.35557845,216.0
6643b0fe98e091c70e7988e4,6878.35557845,301.0
6643b0fe98e091c70e7988e4,6878.35557845,304.0
6643b0fe98e091c70e7988e4,6878.35557845,148.0
6643b0fe98e091c70e7988e4,6878.35557845,301.0
6643b0fe98e091c70e7988e4,6878.35557845,225.0
6643b0fe98e091c70e7988e4,6878.35557845,286.0
6643b0fe98e091c70e7988e4,6878.35557845,257.0
6643b0fe98e091c70e7988e4,6878.35557845,209.0
6643b0fe98e091c70e7988e4,6878.35557845,382.0
6643b0fe98e091c70e7988e4,6878.35557845,267.0
57dd186e6598aa0001992616,11807.360499999999,108.0
57dd186e6598aa0001992616,11807.360499999999,476.0
57dd186e6598aa0001992616,11807.360499999999,142.0
57dd186e6598aa0001992616,11807.360499999999,211.0
57dd186e6598aa0001992616,11807.360499999999,106.0
57dd186e6598aa0001992616,11807.360499999999,417.0
57dd186e6598aa0001992616,11807.360499999999,295.0
57dd186e6598aa0001992616,11807.360499999999,525.0
57dd186e6598aa0001992616,11807.360499999999,433.0
57dd186e6598aa0001992616,11807.360499999999,116.0
57dd186e6598aa0001992616,11807.360499999999,440.0
57dd186e6598aa0001992616,11807.360499999999,140.0
63d3fac5cefbcf3878ef6be4,1744.6036249999997,130.0
63d3fac5cefbcf3878ef6be4,1744.6036249999997,121.0
63d3fac5cefbcf3878ef6be4,1744.6036249999997,185.0
63d3fac5cefbcf3878ef6be4,1744.6036249999997,152.0
63d3fac5cefbcf3878ef6be4,1744.6036249999997,235.0
63d3fac5cefbcf3878ef6be4,1744.6036249999997,174.0
63d3fac5cefbcf3878ef6be4,1744.6036249999997,166.0
63d3fac5cefbcf3878ef6be4,1744.6036249999997,212.0
63d3fac5cefbcf3878ef6be4,1744.6036249999997,204.0
63d3fac5cefbcf3878ef6be4,1744.6036249999997,181.0
63d3fac5cefbcf3878ef6be4,1744.6036249999997,124.0
63d3fac5cefbcf3878ef6be4,1744.6036249999997,152.0
655f9bb3070d42d4bc67e866,87436.14933945001,249.0
655f9bb3070d42d4bc67e866,87436.14933945001,508.0
655f9bb3070d42d4bc67e866,87436.14933945001,352.0
655f9bb3070d42d4bc67e866,87436.14933945001,490.0
655f9bb3070d42d4bc67e866,87436.14933945001,591.0
655f9bb3070d42d4bc67e866,87436.14933945001,298.0
655f9bb3070d42d4bc67e866,87436.14933945001,420.0
655f9bb3070d42d4bc67e866,87436.14933945001,526.0
655f9bb3070d42d4bc67e866,87436.14933945001,678.0
655f9bb3070d42d4bc67e866,87436.14933945001,577.0
655f9bb3070d42d4bc67e866,87436.14933945001,733.0
655f9bb3070d42d4bc67e866,87436.14933945001,305.0
6134d9cf96a9c6192e24866d,18964.817505,552.0
6134d9cf96a9c6192e24866d,18964.817505,136.0
6134d9cf96a9c6192e24866d,18964.817505,111.0
6134d9cf96a9c6192e24866d,18964.817505,371.0
6134d9cf96a9c6192e24866d,18964.817505,519.0
6134d9cf96a9c6192e24866d,18964.817505,283.0
6134d9cf96a9c6192e24866d,18964.817505,127.0
6134d9cf96a9c6192e24866d,18964.817505,100.0
6134d9cf96a9c6192e24866d,18964.817505,92.0
6134d9cf96a9c6192e24866d,18964.817505,630.0
6134d9cf96a9c6192e24866d,18964.817505,463.0
6134d9cf96a9c6192e24866d,18964.817505,189.0
6685cec5c360283099e5bb29,1929.4790965,258.0
6685cec5c360283099e5bb29,1929.4790965,180.0
6685cec5c360283099e5bb29,1929.4790965,199.0
6685cec5c360283099e5bb29,1929.4790965,207.0
6685cec5c360283099e5bb29,1929.4790965,149.0
6685cec5c360283099e5bb29,1929.4790965,291.0
6685cec5c360283099e5bb29,1929.4790965,176.0
6685cec5c360283099e5bb29,1929.4790965,184.0
6685cec5c360283099e5bb29,1929.4790965,266.0
6685cec5c360283099e5bb29,1929.4790965,205.0
6685cec5c360283099e5bb29,1929.4790965,284.0
6685cec5c360283099e5bb29,1929.4790965,142.0
65031f68de6e940396216f8a,1091.05,105.0
65031f68de6e940396216f8a,1091.05,111.0
65031f68de6e940396216f8a,1091.05,98.0
65031f68de6e940396216f8a,1091.05,160.0
65031f68de6e940396216f8a,1091.05,287.0
65031f68de6e940396216f8a,1091.05,133.0
65031f68de6e940396216f8a,1091.05,124.0
65031f68de6e940396216f8a,1091.05,123.0
65031f68de6e940396216f8a,1091.05,303.0
65031f68de6e940396216f8a,1091.05,117.0
65031f68de6e940396216f8a,1091.05,284.0
65031f68de6e940396216f8a,1091.05,251.0
5e3a8aeedc1d57292aea3f22,2824.6055112500003,400.0
5e3a8aeedc1d57292aea3f22,2824.6055112500003,83.0
5e3a8aeedc1d57292aea3f22,2824.6055112500003,190.0
5e3a8aeedc1d57292aea3f22,2824.6055112500003,265.0
5e3a8aeedc1d57292aea3f22,2824.6055112500003,152.0
5e3a8aeedc1d57292aea3f22,2824.6055112500003,126.0
5e3a8aeedc1d57292aea3f22,2824.6055112500003,202.0
5e3a8aeedc1d57292aea3f22,2824.6055112500003,150.0
5e3a8aeedc1d57292aea3f22,2824.6055112500003,258.0
5e3a8aeedc1d57292aea3f22,2824.6055112500003,142.0
5e3a8aeedc1d57292aea3f22,2824.6055112500003,188.0
5e3a8aeedc1d57292aea3f22,2824.6055112500003,175.0
628f572a2d1304a34b9e1a37,9881.6094965,350.0
628f572a2d1304a34b9e1a37,9881.6094965,228.0
628f572a2d1304a34b9e1a37,9881.6094965,296.0
628f572a2d1304a34b9e1a37,9881.6094965,335.0
628f572a2d1304a34b9e1a37,9881.6094965,266.0
628f572a2d1304a34b9e1a37,9881.6094965,356.0
628f572a2d1304a34b9e1a37,9881.6094965,221.0
628f572a2d1304a34b9e1a37,9881.6094965,315.0
628f572a2d1304a34b9e1a37,9881.6094965,291.0
628f572a2d1304a34b9e1a37,9881.6094965,304.0
628f572a2d1304a34b9e1a37,9881.6094965,343.0
628f572a2d1304a34b9e1a37,9881.6094965,236.0
66abc1c82e0fab4f407454a8,5703.9142792,110.0
66abc1c82e0fab4f407454a8,5703.9142792,22.0
66abc1c82e0fab4f407454a8,5703.9142792,27.0
66abc1c82e0fab4f407454a8,5703.9142792,40.0
66abc1c82e0fab4f407454a8,5703.9142792,99.0
66abc1c82e0fab4f407454a8,5703.9142792,25.0
66abc1c82e0fab4f407454a8,5703.9142792,13.0
66abc1c82e0fab4f407454a8,5703.9142792,130.0
66abc1c82e0fab4f407454a8,5703.9142792,140.0
66abc1c82e0fab4f407454a8,5703.9142792,50.0
66abc1c82e0fab4f407454a8,5703.9142792,13.0
66abc1c82e0fab4f407454a8,5703.9142792,160.0
662d7fba32d6a738b194d893,8742.036505,40.0
662d7fba32d6a738b194d893,8742.036505,22.0
662d7fba32d6a738b194d893,8742.036505,17.0
662d7fba32d6a738b194d893,8742.036505,71.0
662d7fba32d6a738b194d893,8742.036505,188.0
662d7fba32d6a738b194d893,8742.036505,175.0
662d7fba32d6a738b194d893,8742.036505,35.0
662d7fba32d6a738b194d893,8742.036505,13.0
662d7fba32d6a738b194d893,8742.036505,13.0
662d7fba32d6a738b194d893,8742.036505,134.0
662d7fba32d6a738b194d893,8742.036505,163.0
662d7fba32d6a738b194d893,8742.036505,18.0
6726c70622b97e6722fa53d8,8438.953,259.0
6726c70622b97e6722fa53d8,8438.953,457.0
6726c70622b97e6722fa53d8,8438.953,338.0
6726c70622b97e6722fa53d8,8438.953,213.0
6726c70622b97e6722fa53d8,8438.953,336.0
6726c70622b97e6722fa53d8,8438.953,186.0
6726c70622b97e6722fa53d8,8438.953,208.0
6726c70622b97e6722fa53d8,8438.953,247.0
6726c70622b97e6722fa53d8,8438.953,250.0
6726c70622b97e6722fa53d8,8438.953,173.0
6726c70622b97e6722fa53d8,8438.953,425.0
6726c70622b97e6722fa53d8,8438.953,349.0
660462af12d1deceebf52ed3,5506.893,75.0
660462af12d1deceebf52ed3,5506.893,90.0
660462af12d1deceebf52ed3,5506.893,126.0
660462af12d1deceebf52ed3,5506.893,71.0
660462af12d1deceebf52ed3,5506.893,200.0
660462af12d1deceebf52ed3,5506.893,50.0
660462af12d1deceebf52ed3,5506.893,47.0
660462af12d1deceebf52ed3,5506.893,49.0
660462af12d1deceebf52ed3,5506.893,49.0
660462af12d1deceebf52ed3,5506.893,57.0
660462af12d1deceebf52ed3,5506.893,362.0
660462af12d1deceebf52ed3,5506.893,266.0
67b664e600a3dbd58913a9b0,5798.708625,196.0
67b664e600a3dbd58913a9b0,5798.708625,270.0
67b664e600a3dbd58913a9b0,5798.708625,387.0
67b664e600a3dbd58913a9b0,5798.708625,185.0
67b664e600a3dbd58913a9b0,5798.708625,373.0
67b664e600a3dbd58913a9b0,5798.708625,189.0
67b664e600a3dbd58913a9b0,5798.708625,213.0
67b664e600a3dbd58913a9b0,5798.708625,339.0
67b664e600a3dbd58913a9b0,5798.708625,393.0
67b664e600a3dbd58913a9b0,5798.708625,271.0
67b664e600a3dbd58913a9b0,5798.708625,186.0
67b664e600a3dbd58913a9b0,5798.708625,277.0
67ba35b0a2aff76b7c7beae0,2368.236505,322.0
67ba35b0a2aff76b7c7beae0,2368.236505,144.0
67ba35b0a2aff76b7c7beae0,2368.236505,122.0
67ba35b0a2aff76b7c7beae0,2368.236505,373.0
67ba35b0a2aff76b7c7beae0,2368.236505,288.0
67ba35b0a2aff76b7c7beae0,2368.236505,324.0
67ba35b0a2aff76b7c7beae0,2368.236505,147.0
67ba35b0a2aff76b7c7beae0,2368.236505,101.0
67ba35b0a2aff76b7c7beae0,2368.236505,97.0
67ba35b0a2aff76b7c7beae0,2368.236505,335.0
67ba35b0a2aff76b7c7beae0,2368.236505,334.0
67ba35b0a2aff76b7c7beae0,2368.236505,167.0
676ed8014625d5ebd417b5f2,11312.56861845,285.0
676ed8014625d5ebd417b5f2,11312.56861845,350.0
676ed8014625d5ebd417b5f2,11312.56861845,250.0
676ed8014625d5ebd417b5f2,11312.56861845,130.0
676ed8014625d5ebd417b5f2,11312.56861845,400.0
676ed8014625d5ebd417b5f2,11312.56861845,215.0
676ed8014625d5ebd417b5f2,11312.56861845,120.0
676ed8014625d5ebd417b5f2,11312.56861845,525.0
676ed8014625d5ebd417b5f2,11312.56861845,246.0
676ed8014625d5ebd417b5f2,11312.56861845,389.0
676ed8014625d5ebd417b5f2,11312.56861845,274.0
676ed8014625d5ebd417b5f2,11312.56861845,150.0
5ecaf0fa5c1f7f6599d959ff,838.8904999999999,180.0
5ecaf0fa5c1f7f6599d959ff,838.8904999999999,213.0
5ecaf0fa5c1f7f6599d959ff,838.8904999999999,142.0
5ecaf0fa5c1f7f6599d959ff,838.8904999999999,190.0
5ecaf0fa5c1f7f6599d959ff,838.8904999999999,109.0
5ecaf0fa5c1f7f6599d959ff,838.8904999999999,277.0
5ecaf0fa5c1f7f6599d959ff,838.8904999999999,184.0
5ecaf0fa5c1f7f6599d959ff,838.8904999999999,258.0
5ecaf0fa5c1f7f6599d959ff,838.8904999999999,213.0
5ecaf0fa5c1f7f6599d959ff,838.8904999999999,135.0
5ecaf0fa5c1f7f6599d959ff,838.8904999999999,272.0
5ecaf0fa5c1f7f6599d959ff,838.8904999999999,205.0
572d05c688902e00091e4a2c,9970.3806792,215.0
572d05c688902e00091e4a2c,9970.3806792,193.0
572d05c688902e00091e4a2c,9970.3806792,227.0
572d05c688902e00091e4a2c,9970.3806792,236.0
572d05c688902e00091e4a2c,9970.3806792,288.0
572d05c688902e00091e4a2c,9970.3806792,326.0
572d05c688902e00091e4a2c,9970.3806792,172.0
572d05c688902e00091e4a2c,9970.3806792,392.0
572d05c688902e00091e4a2c,9970.3806792,311.0
572d05c688902e00091e4a2c,9970.3806792,425.0
572d05c688902e00091e4a2c,9970.3806792,123.0
572d05c688902e00091e4a2c,9970.3806792,256.0
5d3221b8eb6cfa0001950113,5927.8678792,364.0
5d3221b8eb6cfa0001950113,5927.8678792,200.0
5d3221b8eb6cfa0001950113,5927.8678792,349.0
5d3221b8eb6cfa0001950113,5927.8678792,178.0
5d3221b8eb6cfa0001950113,5927.8678792,168.0
5d3221b8eb6cfa0001950113,5927.8678792,195.0
5d3221b8eb6cfa0001950113,5927.8678792,196.0
5d3221b8eb6cfa0001950113,5927.8678792,418.0
5d3221b8eb6cfa0001950113,5927.8678792,175.0
5d3221b8eb6cfa0001950113,5927.8678792,192.0
5d3221b8eb6cfa0001950113,5927.8678792,73.0
5d3221b8eb6cfa0001950113,5927.8678792,297.0
66439d1d88d5845e4a6b85bf,1577.58301125,164.0
66439d1d88d5845e4a6b85bf,1577.58301125,183.0
66439d1d88d5845e4a6b85bf,1577.58301125,275.0
66439d1d88d5845e4a6b85bf,1577.58301125,215.0
66439d1d88d5845e4a6b85bf,1577.58301125,209.0
66439d1d88d5845e4a6b85bf,1577.58301125,124.0
66439d1d88d5845e4a6b85bf,1577.58301125,124.0
66439d1d88d5845e4a6b85bf,1577.58301125,173.0
66439d1d88d5845e4a6b85bf,1577.58301125,133.0
66439d1d88d5845e4a6b85bf,1577.58301125,175.0
66439d1d88d5845e4a6b85bf,1577.58301125,216.0
66439d1d88d5845e4a6b85bf,1577.58301125,139.0
671a80f4ca33770b00602f07,9610.418446650001,173.0
671a80f4ca33770b00602f07,9610.418446650001,302.0
671a80f4ca33770b00602f07,9610.418446650001,157.0
671a80f4ca33770b00602f07,9610.418446650001,227.0
671a80f4ca33770b00602f07,9610.418446650001,293.0
671a80f4ca33770b00602f07,9610.418446650001,265.0
671a80f4ca33770b00602f07,9610.418446650001,381.0
671a80f4ca33770b00602f07,9610.418446650001,182.0
671a80f4ca33770b00602f07,9610.418446650001,381.0
671a80f4ca33770b00602f07,9610.418446650001,283.0
671a80f4ca33770b00602f07,9610.418446650001,203.0
671a80f4ca33770b00602f07,9610.418446650001,441.0
5edcfe625cd39c9efd5cc2ae,2304.2988965,221.0
5edcfe625cd39c9efd5cc2ae,2304.2988965,278.0
5edcfe625cd39c9efd5cc2ae,2304.2988965,148.0
5edcfe625cd39c9efd5cc2ae,2304.2988965,250.0
5edcfe625cd39c9efd5cc2ae,2304.2988965,198.0
5edcfe625cd39c9efd5cc2ae,2304.2988965,196.0
5edcfe625cd39c9efd5cc2ae,2304.2988965,89.0
5edcfe625cd39c9efd5cc2ae,2304.2988965,175.0
5edcfe625cd39c9efd5cc2ae,2304.2988965,118.0
5edcfe625cd39c9efd5cc2ae,2304.2988965,121.0
5edcfe625cd39c9efd5cc2ae,2304.2988965,258.0
5edcfe625cd39c9efd5cc2ae,2304.2988965,162.0
5d8a29c082fec30001d9c24a,2455.877505,70.0
5d8a29c082fec30001d9c24a,2455.877505,72.0
5d8a29c082fec30001d9c24a,2455.877505,99.0
5d8a29c082fec30001d9c24a,2455.877505,135.0
5d8a29c082fec30001d9c24a,2455.877505,279.0
5d8a29c082fec30001d9c24a,2455.877505,279.0
5d8a29c082fec30001d9c24a,2455.877505,82.0
5d8a29c082fec30001d9c24a,2455.877505,57.0
5d8a29c082fec30001d9c24a,2455.877505,53.0
5d8a29c082fec30001d9c24a,2455.877505,257.0
5d8a29c082fec30001d9c24a,2455.877505,281.0
5d8a29c082fec30001d9c24a,2455.877505,91.0
66db9db4324609f1a7231f49,11913.12412845,265.0
66db9db4324609f1a7231f49,11913.12412845,63.0
66db9db4324609f1a7231f49,11913.12412845,111.0
66db9db4324609f1a7231f49,11913.12412845,219.0
66db9db4324609f1a7231f49,11913.12412845,133.0
66db9db4324609f1a7231f49,11913.12412845,267.0
66db9db4324609f1a7231f49,11913.12412845,103.0
66db9db4324609f1a7231f49,11913.12412845,287.0
66db9db4324609f1a7231f49,11913.12412845,143.0
66db9db4324609f1a7231f49,11913.12412845,230.0
66db9db4324609f1a7231f49,11913.12412845,217.0
66db9db4324609f1a7231f49,11913.12412845,138.0
6681ae9e7fbceb728648c7cb,6143.678279199999,230.0
6681ae9e7fbceb728648c7cb,6143.678279199999,200.0
6681ae9e7fbceb728648c7cb,6143.678279199999,190.0
6681ae9e7fbceb728648c7cb,6143.678279199999,250.0
6681ae9e7fbceb728648c7cb,6143.678279199999,240.0
6681ae9e7fbceb728648c7cb,6143.678279199999,250.0
6681ae9e7fbceb728648c7cb,6143.678279199999,280.0
6681ae9e7fbceb728648c7cb,6143.678279199999,350.0
6681ae9e7fbceb728648c7cb,6143.678279199999,220.0
6681ae9e7fbceb728648c7cb,6143.678279199999,250.0
6681ae9e7fbceb728648c7cb,6143.678279199999,160.0
6681ae9e7fbceb728648c7cb,6143.678279199999,450.0
614e0468bbbac16be38fa13f,5294.968528449999,375.0
614e0468bbbac16be38fa13f,5294.968528449999,121.0
614e0468bbbac16be38fa13f,5294.968528449999,83.0
614e0468bbbac16be38fa13f,5294.968528449999,258.0
614e0468bbbac16be38fa13f,5294.968528449999,421.0
614e0468bbbac16be38fa13f,5294.968528449999,281.0
614e0468bbbac16be38fa13f,5294.968528449999,237.0
614e0468bbbac16be38fa13f,5294.968528449999,241.0
614e0468bbbac16be38fa13f,5294.968528449999,245.0
614e0468bbbac16be38fa13f,5294.968528449999,332.0
614e0468bbbac16be38fa13f,5294.968528449999,391.0
614e0468bbbac16be38fa13f,5294.968528449999,247.0
6296290ec41bde1525dbb77e,2130.0085050000002,192.0
6296290ec41bde1525dbb77e,2130.0085050000002,120.0
6296290ec41bde1525dbb77e,2130.0085050000002,150.0
6296290ec41bde1525dbb77e,2130.0085050000002,250.0
6296290ec41bde1525dbb77e,2130.0085050000002,160.0
6296290ec41bde1525dbb77e,2130.0085050000002,210.0
6296290ec41bde1525dbb77e,2130.0085050000002,135.0
6296290ec41bde1525dbb77e,2130.0085050000002,180.0
6296290ec41bde1525dbb77e,2130.0085050000002,152.0
6296290ec41bde1525dbb77e,2130.0085050000002,270.0
6296290ec41bde1525dbb77e,2130.0085050000002,215.0
6296290ec41bde1525dbb77e,2130.0085050000002,185.0
677d8ca02a50ccdc47145568,2129.508625,91.0
677d8ca02a50ccdc47145568,2129.508625,151.0
677d8ca02a50ccdc47145568,2129.508625,212.0
677d8ca02a50ccdc47145568,2129.508625,162.0
677d8ca02a50ccdc47145568,2129.508625,271.0
677d8ca02a50ccdc47145568,2129.508625,199.0
677d8ca02a50ccdc47145568,2129.508625,243.0
677d8ca02a50ccdc47145568,2129.508625,281.0
677d8ca02a50ccdc47145568,2129.508625,250.0
677d8ca02a50ccdc47145568,2129.508625,295.0
677d8ca02a50ccdc47145568,2129.508625,142.0
677d8ca02a50ccdc47145568,2129.508625,285.0
57334d427d01ed00098e8e69,656.57673945,150.0
57334d427d01ed00098e8e69,656.57673945,90.0
57334d427d01ed00098e8e69,656.57673945,161.0
57334d427d01ed00098e8e69,656.57673945,219.0
57334d427d01ed00098e8e69,656.57673945,116.0
57334d427d01ed00098e8e69,656.57673945,133.0
57334d427d01ed00098e8e69,656.57673945,118.0
57334d427d01ed00098e8e69,656.57673945,132.0
57334d427d01ed00098e8e69,656.57673945,97.0
57334d427d01ed00098e8e69,656.57673945,93.0
57334d427d01ed00098e8e69,656.57673945,106.0
57334d427d01ed00098e8e69,656.57673945,152.0
67ebb56e95630699abe6243d,52863.062505,410.0
67ebb56e95630699abe6243d,52863.062505,518.0
67ebb56e95630699abe6243d,52863.062505,465.0
67ebb56e95630699abe6243d,52863.062505,441.0
67ebb56e95630699abe6243d,52863.062505,464.0
67ebb56e95630699abe6243d,52863.062505,461.0
67ebb56e95630699abe6243d,52863.062505,424.0
67ebb56e95630699abe6243d,52863.062505,469.0
67ebb56e95630699abe6243d,52863.062505,446.0
67ebb56e95630699abe6243d,52863.062505,471.0
67ebb56e95630699abe6243d,52863.062505,479.0
67ebb56e95630699abe6243d,52863.062505,544.0
60c770aa2d2928bfda4c7cd4,28782.518625000004,150.0
60c770aa2d2928bfda4c7cd4,28782.518625000004,433.0
60c770aa2d2928bfda4c7cd4,28782.518625000004,298.0
60c770aa2d2928bfda4c7cd4,28782.518625000004,269.0
60c770aa2d2928bfda4c7cd4,28782.518625000004,625.0
60c770aa2d2928bfda4c7cd4,28782.518625000004,210.0
60c770aa2d2928bfda4c7cd4,28782.518625000004,237.0
60c770aa2d2928bfda4c7cd4,28782.518625000004,233.0
60c770aa2d2928bfda4c7cd4,28782.518625000004,573.0
60c770aa2d2928bfda4c7cd4,28782.518625000004,700.0
60c770aa2d2928bfda4c7cd4,28782.518625000004,105.0
60c770aa2d2928bfda4c7cd4,28782.518625000004,359.0
5e121701dc79bd8a1a22ca99,41330.823718449996,334.0
5e121701dc79bd8a1a22ca99,41330.823718449996,371.0
5e121701dc79bd8a1a22ca99,41330.823718449996,387.0
5e121701dc79bd8a1a22ca99,41330.823718449996,429.0
5e121701dc79bd8a1a22ca99,41330.823718449996,523.0
5e121701dc79bd8a1a22ca99,41330.823718449996,348.0
5e121701dc79bd8a1a22ca99,41330.823718449996,261.0
5e121701dc79bd8a1a22ca99,41330.823718449996,585.0
5e121701dc79bd8a1a22ca99,41330.823718449996,386.0
5e121701dc79bd8a1a22ca99,41330.823718449996,433.0
5e121701dc79bd8a1a22ca99,41330.823718449996,393.0
5e121701dc79bd8a1a22ca99,41330.823718449996,582.0
5cba50bf114fa5001aac5570,1857.25703605,134.0
5cba50bf114fa5001aac5570,1857.25703605,112.0
5cba50bf114fa5001aac5570,1857.25703605,217.0
5cba50bf114fa5001aac5570,1857.25703605,103.0
5cba50bf114fa5001aac5570,1857.25703605,137.0
5cba50bf114fa5001aac5570,1857.25703605,279.0
5cba50bf114fa5001aac5570,1857.25703605,131.0
5cba50bf114fa5001aac5570,1857.25703605,241.0
5cba50bf114fa5001aac5570,1857.25703605,230.0
5cba50bf114fa5001aac5570,1857.25703605,180.0
5cba50bf114fa5001aac5570,1857.25703605,229.0
5cba50bf114fa5001aac5570,1857.25703605,163.0
65c7998283fde07a38b830af,1422.8129965000003,185.0
65c7998283fde07a38b830af,1422.8129965000003,105.0
65c7998283fde07a38b830af,1422.8129965000003,120.0
65c7998283fde07a38b830af,1422.8129965000003,145.0
65c7998283fde07a38b830af,1422.8129965000003,114.0
65c7998283fde07a38b830af,1422.8129965000003,155.0
65c7998283fde07a38b830af,1422.8129965000003,106.0
65c7998283fde07a38b830af,1422.8129965000003,102.0
65c7998283fde07a38b830af,1422.8129965000003,165.0
65c7998283fde07a38b830af,1422.8129965000003,145.0
65c7998283fde07a38b830af,1422.8129965000003,165.0
65c7998283fde07a38b830af,1422.8129965000003,106.0
6757069f8e2b810b4fabd66b,4151.973,130.0
6757069f8e2b810b4fabd66b,4151.973,191.0
6757069f8e2b810b4fabd66b,4151.973,160.0
6757069f8e2b810b4fabd66b,4151.973,161.0
6757069f8e2b810b4fabd66b,4151.973,188.0
6757069f8e2b810b4fabd66b,4151.973,215.0
6757069f8e2b810b4fabd66b,4151.973,155.0
6757069f8e2b810b4fabd66b,4151.973,144.0
6757069f8e2b810b4fabd66b,4151.973,129.0
6757069f8e2b810b4fabd66b,4151.973,194.0
6757069f8e2b810b4fabd66b,4151.973,215.0
6757069f8e2b810b4fabd66b,4151.973,193.0
659daa1ed4e13d6428103c1f,16637.00391845,248.0
659daa1ed4e13d6428103c1f,16637.00391845,252.0
659daa1ed4e13d6428103c1f,16637.00391845,138.0
659daa1ed4e13d6428103c1f,16637.00391845,93.0
659daa1ed4e13d6428103c1f,16637.00391845,369.0
659daa1ed4e13d6428103c1f,16637.00391845,110.0
659daa1ed4e13d6428103c1f,16637.00391845,207.0
659daa1ed4e13d6428103c1f,16637.00391845,472.0
659daa1ed4e13d6428103c1f,16637.00391845,220.0
659daa1ed4e13d6428103c1f,16637.00391845,526.0
659daa1ed4e13d6428103c1f,16637.00391845,244.0
659daa1ed4e13d6428103c1f,16637.00391845,526.0
67e65e8be2484e3ef16e9829,35474.087192499996,430.0
67e65e8be2484e3ef16e9829,35474.087192499996,647.0
67e65e8be2484e3ef16e9829,35474.087192499996,328.0
67e65e8be2484e3ef16e9829,35474.087192499996,222.0
67e65e8be2484e3ef16e9829,35474.087192499996,330.0
67e65e8be2484e3ef16e9829,35474.087192499996,204.0
67e65e8be2484e3ef16e9829,35474.087192499996,127.0
67e65e8be2484e3ef16e9829,35474.087192499996,539.0
67e65e8be2484e3ef16e9829,35474.087192499996,206.0
67e65e8be2484e3ef16e9829,35474.087192499996,202.0
67e65e8be2484e3ef16e9829,35474.087192499996,499.0
67e65e8be2484e3ef16e9829,35474.087192499996,426.0
6735b2a6112cf17b7b8df8d1,4165.497639449999,111.0
6735b2a6112cf17b7b8df8d1,4165.497639449999,177.0
6735b2a6112cf17b7b8df8d1,4165.497639449999,329.0
6735b2a6112cf17b7b8df8d1,4165.497639449999,190.0
6735b2a6112cf17b7b8df8d1,4165.497639449999,116.0
6735b2a6112cf17b7b8df8d1,4165.497639449999,93.0
6735b2a6112cf17b7b8df8d1,4165.497639449999,101.0
6735b2a6112cf17b7b8df8d1,4165.497639449999,200.0
6735b2a6112cf17b7b8df8d1,4165.497639449999,150.0
6735b2a6112cf17b7b8df8d1,4165.497639449999,88.0
6735b2a6112cf17b7b8df8d1,4165.497639449999,225.0
6735b2a6112cf17b7b8df8d1,4165.497639449999,131.0
5e4a1337aabe8747b041692c,596.56951125,200.0
5e4a1337aabe8747b041692c,596.56951125,190.0
5e4a1337aabe8747b041692c,596.56951125,226.0
5e4a1337aabe8747b041692c,596.56951125,181.0
5e4a1337aabe8747b041692c,596.56951125,190.0
5e4a1337aabe8747b041692c,596.56951125,145.0
5e4a1337aabe8747b041692c,596.56951125,141.0
5e4a1337aabe8747b041692c,596.56951125,176.0
5e4a1337aabe8747b041692c,596.56951125,171.0
5e4a1337aabe8747b041692c,596.56951125,116.0
5e4a1337aabe8747b041692c,596.56951125,193.0
5e4a1337aabe8747b041692c,596.56951125,157.0
5db0e17518230d00170d4332,3758.0747184499996,248.0
5db0e17518230d00170d4332,3758.0747184499996,282.0
5db0e17518230d00170d4332,3758.0747184499996,190.0
5db0e17518230d00170d4332,3758.0747184499996,137.0
5db0e17518230d00170d4332,3758.0747184499996,253.0
5db0e17518230d00170d4332,3758.0747184499996,138.0
5db0e17518230d00170d4332,3758.0747184499996,115.0
5db0e17518230d00170d4332,3758.0747184499996,422.0
5db0e17518230d00170d4332,3758.0747184499996,123.0
5db0e17518230d00170d4332,3758.0747184499996,226.0
5db0e17518230d00170d4332,3758.0747184499996,161.0
5db0e17518230d00170d4332,3758.0747184499996,313.0
5c55c45f53fba80001bcf323,2320.1184999999996,200.0
5c55c45f53fba80001bcf323,2320.1184999999996,219.0
5c55c45f53fba80001bcf323,2320.1184999999996,175.0
5c55c45f53fba80001bcf323,2320.1184999999996,170.0
5c55c45f53fba80001bcf323,2320.1184999999996,185.0
5c55c45f53fba80001bcf323,2320.1184999999996,302.0
5c55c45f53fba80001bcf323,2320.1184999999996,235.0
5c55c45f53fba80001bcf323,2320.1184999999996,220.0
5c55c45f53fba80001bcf323,2320.1184999999996,225.0
5c55c45f53fba80001bcf323,2320.1184999999996,159.0
5c55c45f53fba80001bcf323,2320.1184999999996,267.0
5c55c45f53fba80001bcf323,2320.1184999999996,292.0
6111a1893c0daa13e23ab15a,4696.2752562000005,136.0
6111a1893c0daa13e23ab15a,4696.2752562000005,195.0
6111a1893c0daa13e23ab15a,4696.2752562000005,210.0
6111a1893c0daa13e23ab15a,4696.2752562000005,114.0
6111a1893c0daa13e23ab15a,4696.2752562000005,193.0
6111a1893c0daa13e23ab15a,4696.2752562000005,127.0
6111a1893c0daa13e23ab15a,4696.2752562000005,230.0
6111a1893c0daa13e23ab15a,4696.2752562000005,270.0
6111a1893c0daa13e23ab15a,4696.2752562000005,208.0
6111a1893c0daa13e23ab15a,4696.2752562000005,200.0
6111a1893c0daa13e23ab15a,4696.2752562000005,160.0
6111a1893c0daa13e23ab15a,4696.2752562000005,120.0
65c9c7748fe29aae818fc187,1653.060505,237.0
65c9c7748fe29aae818fc187,1653.060505,125.0
65c9c7748fe29aae818fc187,1653.060505,126.0
65c9c7748fe29aae818fc187,1653.060505,303.0
65c9c7748fe29aae818fc187,1653.060505,262.0
65c9c7748fe29aae818fc187,1653.060505,210.0
65c9c7748fe29aae818fc187,1653.060505,138.0
65c9c7748fe29aae818fc187,1653.060505,116.0
65c9c7748fe29aae818fc187,1653.060505,132.0
65c9c7748fe29aae818fc187,1653.060505,322.0
65c9c7748fe29aae818fc187,1653.060505,279.0
65c9c7748fe29aae818fc187,1653.060505,221.0
66b033e4f3498b16894e4c3f,11222.8324965,340.0
66b033e4f3498b16894e4c3f,11222.8324965,280.0
66b033e4f3498b16894e4c3f,11222.8324965,290.0
66b033e4f3498b16894e4c3f,11222.8324965,315.0
66b033e4f3498b16894e4c3f,11222.8324965,300.0
66b033e4f3498b16894e4c3f,11222.8324965,320.0
66b033e4f3498b16894e4c3f,11222.8324965,310.0
66b033e4f3498b16894e4c3f,11222.8324965,290.0
66b033e4f3498b16894e4c3f,11222.8324965,325.0
66b033e4f3498b16894e4c3f,11222.8324965,295.0
66b033e4f3498b16894e4c3f,11222.8324965,290.0
66b033e4f3498b16894e4c3f,11222.8324965,270.0
58a1fe40ea3d11000170d9b9,894.088625,150.0
58a1fe40ea3d11000170d9b9,894.088625,181.0
58a1fe40ea3d11000170d9b9,894.088625,262.0
58a1fe40ea3d11000170d9b9,894.088625,131.0
58a1fe40ea3d11000170d9b9,894.088625,225.0
58a1fe40ea3d11000170d9b9,894.088625,142.0
58a1fe40ea3d11000170d9b9,894.088625,165.0
58a1fe40ea3d11000170d9b9,894.088625,282.0
58a1fe40ea3d11000170d9b9,894.088625,308.0
58a1fe40ea3d11000170d9b9,894.088625,202.0
58a1fe40ea3d11000170d9b9,894.088625,160.0
58a1fe40ea3d11000170d9b9,894.088625,218.0
62b628e4351d179f1ff6cc59,3774.7608799999994,250.0
62b628e4351d179f1ff6cc59,3774.7608799999994,315.0
62b628e4351d179f1ff6cc59,3774.7608799999994,200.0
62b628e4351d179f1ff6cc59,3774.7608799999994,230.0
62b628e4351d179f1ff6cc59,3774.7608799999994,315.0
62b628e4351d179f1ff6cc59,3774.7608799999994,270.0
62b628e4351d179f1ff6cc59,3774.7608799999994,260.0
62b628e4351d179f1ff6cc59,3774.7608799999994,220.0
62b628e4351d179f1ff6cc59,3774.7608799999994,160.0
62b628e4351d179f1ff6cc59,3774.7608799999994,170.0
62b628e4351d179f1ff6cc59,3774.7608799999994,150.0
62b628e4351d179f1ff6cc59,3774.7608799999994,200.0
66717200063fc2eb3987270a,3628.5,199.0
66717200063fc2eb3987270a,3628.5,209.0
66717200063fc2eb3987270a,3628.5,172.0
66717200063fc2eb3987270a,3628.5,96.0
66717200063fc2eb3987270a,3628.5,275.0
66717200063fc2eb3987270a,3628.5,195.0
66717200063fc2eb3987270a,3628.5,126.0
66717200063fc2eb3987270a,3628.5,263.0
66717200063fc2eb3987270a,3628.5,275.0
66717200063fc2eb3987270a,3628.5,212.0
66717200063fc2eb3987270a,3628.5,310.0
66717200063fc2eb3987270a,3628.5,199.0
5f8cbc5c355ea745e6cef2ca,923.5885000000001,120.0
5f8cbc5c355ea745e6cef2ca,923.5885000000001,100.0
5f8cbc5c355ea745e6cef2ca,923.5885000000001,110.0
5f8cbc5c355ea745e6cef2ca,923.5885000000001,90.0
5f8cbc5c355ea745e6cef2ca,923.5885000000001,115.0
5f8cbc5c355ea745e6cef2ca,923.5885000000001,260.0
5f8cbc5c355ea745e6cef2ca,923.5885000000001,150.0
5f8cbc5c355ea745e6cef2ca,923.5885000000001,180.0
5f8cbc5c355ea745e6cef2ca,923.5885000000001,220.0
5f8cbc5c355ea745e6cef2ca,923.5885000000001,110.0
5f8cbc5c355ea745e6cef2ca,923.5885000000001,185.0
5f8cbc5c355ea745e6cef2ca,923.5885000000001,240.0
672ce4b6444bb28ed1573e5a,1991.05,129.0
672ce4b6444bb28ed1573e5a,1991.05,123.0
672ce4b6444bb28ed1573e5a,1991.05,128.0
672ce4b6444bb28ed1573e5a,1991.05,190.0
672ce4b6444bb28ed1573e5a,1991.05,200.0
672ce4b6444bb28ed1573e5a,1991.05,217.0
672ce4b6444bb28ed1573e5a,1991.05,155.0
672ce4b6444bb28ed1573e5a,1991.05,167.0
672ce4b6444bb28ed1573e5a,1991.05,222.0
672ce4b6444bb28ed1573e5a,1991.05,142.0
672ce4b6444bb28ed1573e5a,1991.05,197.0
672ce4b6444bb28ed1573e5a,1991.05,193.0
5d0934c3c8d1490001b1d7c5,1961.3036249999998,167.0
5d0934c3c8d1490001b1d7c5,1961.3036249999998,229.0
5d0934c3c8d1490001b1d7c5,1961.3036249999998,272.0
5d0934c3c8d1490001b1d7c5,1961.3036249999998,191.0
5d0934c3c8d1490001b1d7c5,1961.3036249999998,258.0
5d0934c3c8d1490001b1d7c5,1961.3036249999998,183.0
5d0934c3c8d1490001b1d7c5,1961.3036249999998,206.0
5d0934c3c8d1490001b1d7c5,1961.3036249999998,228.0
5d0934c3c8d1490001b1d7c5,1961.3036249999998,304.0
5d0934c3c8d1490001b1d7c5,1961.3036249999998,139.0
5d0934c3c8d1490001b1d7c5,1961.3036249999998,189.0
5d0934c3c8d1490001b1d7c5,1961.3036249999998,239.0
5e542a0c4b7e8c42fafa7216,4411.168500000001,258.0
5e542a0c4b7e8c42fafa7216,4411.168500000001,120.0
5e542a0c4b7e8c42fafa7216,4411.168500000001,152.0
5e542a0c4b7e8c42fafa7216,4411.168500000001,258.0
5e542a0c4b7e8c42fafa7216,4411.168500000001,245.0
5e542a0c4b7e8c42fafa7216,4411.168500000001,304.0
5e542a0c4b7e8c42fafa7216,4411.168500000001,240.0
5e542a0c4b7e8c42fafa7216,4411.168500000001,245.0
5e542a0c4b7e8c42fafa7216,4411.168500000001,255.0
5e542a0c4b7e8c42fafa7216,4411.168500000001,148.0
5e542a0c4b7e8c42fafa7216,4411.168500000001,223.0
5e542a0c4b7e8c42fafa7216,4411.168500000001,314.0
6740e1e09ca406ab781318cb,6179.9741925,210.0
6740e1e09ca406ab781318cb,6179.9741925,30.0
6740e1e09ca406ab781318cb,6179.9741925,350.0
6740e1e09ca406ab781318cb,6179.9741925,250.0
6740e1e09ca406ab781318cb,6179.9741925,400.0
6740e1e09ca406ab781318cb,6179.9741925,215.0
6740e1e09ca406ab781318cb,6179.9741925,200.0
6740e1e09ca406ab781318cb,6179.9741925,150.0
6740e1e09ca406ab781318cb,6179.9741925,175.0
6740e1e09ca406ab781318cb,6179.9741925,375.0
6740e1e09ca406ab781318cb,6179.9741925,125.0
6740e1e09ca406ab781318cb,6179.9741925,160.0
67e4125b6877c94cbca2c2ee,27536.322239449997,302.0
67e4125b6877c94cbca2c2ee,27536.322239449997,315.0
67e4125b6877c94cbca2c2ee,27536.322239449997,290.0
67e4125b6877c94cbca2c2ee,27536.322239449997,400.0
67e4125b6877c94cbca2c2ee,27536.322239449997,300.0
67e4125b6877c94cbca2c2ee,27536.322239449997,450.0
67e4125b6877c94cbca2c2ee,27536.322239449997,391.0
67e4125b6877c94cbca2c2ee,27536.322239449997,393.0
67e4125b6877c94cbca2c2ee,27536.322239449997,405.0
67e4125b6877c94cbca2c2ee,27536.322239449997,202.0
67e4125b6877c94cbca2c2ee,27536.322239449997,275.0
67e4125b6877c94cbca2c2ee,27536.322239449997,325.0
606f9bca353fc36aba9ccb8b,2118.18103945,190.0
606f9bca353fc36aba9ccb8b,2118.18103945,139.0
606f9bca353fc36aba9ccb8b,2118.18103945,249.0
606f9bca353fc36aba9ccb8b,2118.18103945,282.0
606f9bca353fc36aba9ccb8b,2118.18103945,135.0
606f9bca353fc36aba9ccb8b,2118.18103945,219.0
606f9bca353fc36aba9ccb8b,2118.18103945,149.0
606f9bca353fc36aba9ccb8b,2118.18103945,191.0
606f9bca353fc36aba9ccb8b,2118.18103945,142.0
606f9bca353fc36aba9ccb8b,2118.18103945,127.0
606f9bca353fc36aba9ccb8b,2118.18103945,185.0
606f9bca353fc36aba9ccb8b,2118.18103945,239.0
6555776099f743902858ed4b,2905.3413466499997,199.0
6555776099f743902858ed4b,2905.3413466499997,183.0
6555776099f743902858ed4b,2905.3413466499997,130.0
6555776099f743902858ed4b,2905.3413466499997,220.0
6555776099f743902858ed4b,2905.3413466499997,82.0
6555776099f743902858ed4b,2905.3413466499997,161.0
6555776099f743902858ed4b,2905.3413466499997,212.0
6555776099f743902858ed4b,2905.3413466499997,136.0
6555776099f743902858ed4b,2905.3413466499997,200.0
6555776099f743902858ed4b,2905.3413466499997,301.0
6555776099f743902858ed4b,2905.3413466499997,215.0
6555776099f743902858ed4b,2905.3413466499997,160.0
674b46b00690584bddd6e33b,38702.6893965,630.0
674b46b00690584bddd6e33b,38702.6893965,429.0
674b46b00690584bddd6e33b,38702.6893965,302.0
674b46b00690584bddd6e33b,38702.6893965,532.0
674b46b00690584bddd6e33b,38702.6893965,431.0
674b46b00690584bddd6e33b,38702.6893965,338.0
674b46b00690584bddd6e33b,38702.6893965,299.0
674b46b00690584bddd6e33b,38702.6893965,445.0
674b46b00690584bddd6e33b,38702.6893965,278.0
674b46b00690584bddd6e33b,38702.6893965,328.0
674b46b00690584bddd6e33b,38702.6893965,533.0
674b46b00690584bddd6e33b,38702.6893965,361.0
5e914ee346d11b48197172c2,2737.8959965000004,160.0
5e914ee346d11b48197172c2,2737.8959965000004,205.0
5e914ee346d11b48197172c2,2737.8959965000004,160.0
5e914ee346d11b48197172c2,2737.8959965000004,180.0
5e914ee346d11b48197172c2,2737.8959965000004,300.0
5e914ee346d11b48197172c2,2737.8959965000004,250.0
5e914ee346d11b48197172c2,2737.8959965000004,160.0
5e914ee346d11b48197172c2,2737.8959965000004,191.0
5e914ee346d11b48197172c2,2737.8959965000004,140.0
5e914ee346d11b48197172c2,2737.8959965000004,181.0
5e914ee346d11b48197172c2,2737.8959965000004,350.0
5e914ee346d11b48197172c2,2737.8959965000004,200.0
67774f6cb82700dbe99655a4,865.5887450499998,166.0
67774f6cb82700dbe99655a4,865.5887450499998,149.0
67774f6cb82700dbe99655a4,865.5887450499998,180.0
67774f6cb82700dbe99655a4,865.5887450499998,176.0
67774f6cb82700dbe99655a4,865.5887450499998,110.0
67774f6cb82700dbe99655a4,865.5887450499998,101.0
67774f6cb82700dbe99655a4,865.5887450499998,155.0
67774f6cb82700dbe99655a4,865.5887450499998,208.0
67774f6cb82700dbe99655a4,865.5887450499998,147.0
67774f6cb82700dbe99655a4,865.5887450499998,110.0
67774f6cb82700dbe99655a4,865.5887450499998,182.0
67774f6cb82700dbe99655a4,865.5887450499998,180.0
670fe349d7f527a0b7b8d646,43699.4605,230.0
670fe349d7f527a0b7b8d646,43699.4605,695.0
670fe349d7f527a0b7b8d646,43699.4605,315.0
670fe349d7f527a0b7b8d646,43699.4605,527.0
670fe349d7f527a0b7b8d646,43699.4605,211.0
670fe349d7f527a0b7b8d646,43699.4605,464.0
670fe349d7f527a0b7b8d646,43699.4605,420.0
670fe349d7f527a0b7b8d646,43699.4605,685.0
670fe349d7f527a0b7b8d646,43699.4605,591.0
670fe349d7f527a0b7b8d646,43699.4605,241.0
670fe349d7f527a0b7b8d646,43699.4605,497.0
670fe349d7f527a0b7b8d646,43699.4605,341.0
59dc458f77860e000151240e,26939.096856199998,332.0
59dc458f77860e000151240e,26939.096856199998,147.0
59dc458f77860e000151240e,26939.096856199998,408.0
59dc458f77860e000151240e,26939.096856199998,326.0
59dc458f77860e000151240e,26939.096856199998,646.0
59dc458f77860e000151240e,26939.096856199998,275.0
59dc458f77860e000151240e,26939.096856199998,491.0
59dc458f77860e000151240e,26939.096856199998,532.0
59dc458f77860e000151240e,26939.096856199998,439.0
59dc458f77860e000151240e,26939.096856199998,498.0
59dc458f77860e000151240e,26939.096856199998,240.0
59dc458f77860e000151240e,26939.096856199998,318.0
645906dc264ac9eb66b7f3ec,1828.16634505,207.0
645906dc264ac9eb66b7f3ec,1828.16634505,146.0
645906dc264ac9eb66b7f3ec,1828.16634505,173.0
645906dc264ac9eb66b7f3ec,1828.16634505,142.0
645906dc264ac9eb66b7f3ec,1828.16634505,185.0
645906dc264ac9eb66b7f3ec,1828.16634505,114.0
645906dc264ac9eb66b7f3ec,1828.16634505,160.0
645906dc264ac9eb66b7f3ec,1828.16634505,232.0
645906dc264ac9eb66b7f3ec,1828.16634505,227.0
645906dc264ac9eb66b7f3ec,1828.16634505,172.0
645906dc264ac9eb66b7f3ec,1828.16634505,262.0
645906dc264ac9eb66b7f3ec,1828.16634505,205.0
67c7e250b3d28dd21344b3ce,2493.6096360499996,189.0
67c7e250b3d28dd21344b3ce,2493.6096360499996,158.0
67c7e250b3d28dd21344b3ce,2493.6096360499996,147.0
67c7e250b3d28dd21344b3ce,2493.6096360499996,174.0
67c7e250b3d28dd21344b3ce,2493.6096360499996,179.0
67c7e250b3d28dd21344b3ce,2493.6096360499996,212.0
67c7e250b3d28dd21344b3ce,2493.6096360499996,179.0
67c7e250b3d28dd21344b3ce,2493.6096360499996,175.0
67c7e250b3d28dd21344b3ce,2493.6096360499996,179.0
67c7e250b3d28dd21344b3ce,2493.6096360499996,176.0
67c7e250b3d28dd21344b3ce,2493.6096360499996,153.0
67c7e250b3d28dd21344b3ce,2493.6096360499996,136.0
662fecef2a008847dc4f0d9b,609.603625,169.0
662fecef2a008847dc4f0d9b,609.603625,194.0
662fecef2a008847dc4f0d9b,609.603625,160.0
662fecef2a008847dc4f0d9b,609.603625,118.0
662fecef2a008847dc4f0d9b,609.603625,213.0
662fecef2a008847dc4f0d9b,609.603625,106.0
662fecef2a008847dc4f0d9b,609.603625,136.0
662fecef2a008847dc4f0d9b,609.603625,189.0
662fecef2a008847dc4f0d9b,609.603625,308.0
662fecef2a008847dc4f0d9b,609.603625,260.0
662fecef2a008847dc4f0d9b,609.603625,107.0
662fecef2a008847dc4f0d9b,609.603625,203.0
6781e2745214f6bcc5c6d6c0,6150.71032845,203.0
6781e2745214f6bcc5c6d6c0,6150.71032845,189.0
6781e2745214f6bcc5c6d6c0,6150.71032845,134.0
6781e2745214f6bcc5c6d6c0,6150.71032845,142.0
6781e2745214f6bcc5c6d6c0,6150.71032845,307.0
6781e2745214f6bcc5c6d6c0,6150.71032845,129.0
6781e2745214f6bcc5c6d6c0,6150.71032845,134.0
6781e2745214f6bcc5c6d6c0,6150.71032845,294.0
6781e2745214f6bcc5c6d6c0,6150.71032845,170.0
6781e2745214f6bcc5c6d6c0,6150.71032845,453.0
6781e2745214f6bcc5c6d6c0,6150.71032845,282.0
6781e2745214f6bcc5c6d6c0,6150.71032845,281.0
663d1e842efe0b27087f52cb,1204.4575049999999,160.0
663d1e842efe0b27087f52cb,1204.4575049999999,140.0
663d1e842efe0b27087f52cb,1204.4575049999999,101.0
663d1e842efe0b27087f52cb,1204.4575049999999,163.0
663d1e842efe0b27087f52cb,1204.4575049999999,209.0
663d1e842efe0b27087f52cb,1204.4575049999999,213.0
663d1e842efe0b27087f52cb,1204.4575049999999,141.0
663d1e842efe0b27087f52cb,1204.4575049999999,84.0
663d1e842efe0b27087f52cb,1204.4575049999999,90.0
663d1e842efe0b27087f52cb,1204.4575049999999,237.0
663d1e842efe0b27087f52cb,1204.4575049999999,279.0
663d1e842efe0b27087f52cb,1204.4575049999999,121.0
65ebbbc0a6328372037a40c1,7822.5261184500005,235.0
65ebbbc0a6328372037a40c1,7822.5261184500005,289.0
65ebbbc0a6328372037a40c1,7822.5261184500005,155.0
65ebbbc0a6328372037a40c1,7822.5261184500005,183.0
65ebbbc0a6328372037a40c1,7822.5261184500005,375.0
65ebbbc0a6328372037a40c1,7822.5261184500005,88.0
65ebbbc0a6328372037a40c1,7822.5261184500005,82.0
65ebbbc0a6328372037a40c1,7822.5261184500005,426.0
65ebbbc0a6328372037a40c1,7822.5261184500005,334.0
65ebbbc0a6328372037a40c1,7822.5261184500005,282.0
65ebbbc0a6328372037a40c1,7822.5261184500005,136.0
65ebbbc0a6328372037a40c1,7822.5261184500005,394.0
62926f5a375553f13d68bc92,7037.97462845,297.0
62926f5a375553f13d68bc92,7037.97462845,144.0
62926f5a375553f13d68bc92,7037.97462845,141.0
62926f5a375553f13d68bc92,7037.97462845,203.0
62926f5a375553f13d68bc92,7037.97462845,268.0
62926f5a375553f13d68bc92,7037.97462845,199.0
62926f5a375553f13d68bc92,7037.97462845,221.0
62926f5a375553f13d68bc92,7037.97462845,296.0
62926f5a375553f13d68bc92,7037.97462845,302.0
62926f5a375553f13d68bc92,7037.97462845,326.0
62926f5a375553f13d68bc92,7037.97462845,341.0
62926f5a375553f13d68bc92,7037.97462845,335.0
663140c398e19ff9b77d4663,6834.5878284499995,293.0
663140c398e19ff9b77d4663,6834.5878284499995,211.0
663140c398e19ff9b77d4663,6834.5878284499995,113.0
663140c398e19ff9b77d4663,6834.5878284499995,112.0
663140c398e19ff9b77d4663,6834.5878284499995,232.0
663140c398e19ff9b77d4663,6834.5878284499995,123.0
663140c398e19ff9b77d4663,6834.5878284499995,140.0
663140c398e19ff9b77d4663,6834.5878284499995,196.0
663140c398e19ff9b77d4663,6834.5878284499995,122.0
663140c398e19ff9b77d4663,6834.5878284499995,224.0
663140c398e19ff9b77d4663,6834.5878284499995,176.0
663140c398e19ff9b77d4663,6834.5878284499995,120.0
617617515ce25cbceccac37c,1095.3229999999999,165.0
617617515ce25cbceccac37c,1095.3229999999999,250.0
617617515ce25cbceccac37c,1095.3229999999999,190.0
617617515ce25cbceccac37c,1095.3229999999999,140.0
617617515ce25cbceccac37c,1095.3229999999999,176.0
617617515ce25cbceccac37c,1095.3229999999999,122.0
617617515ce25cbceccac37c,1095.3229999999999,155.0
617617515ce25cbceccac37c,1095.3229999999999,126.0
617617515ce25cbceccac37c,1095.3229999999999,107.0
617617515ce25cbceccac37c,1095.3229999999999,138.0
617617515ce25cbceccac37c,1095.3229999999999,398.0
617617515ce25cbceccac37c,1095.3229999999999,295.0
6673ad6b8abf0e0b25ea3131,36011.060880000005,540.0
6673ad6b8abf0e0b25ea3131,36011.060880000005,213.0
6673ad6b8abf0e0b25ea3131,36011.060880000005,384.0
6673ad6b8abf0e0b25ea3131,36011.060880000005,387.0
6673ad6b8abf0e0b25ea3131,36011.060880000005,636.0
6673ad6b8abf0e0b25ea3131,36011.060880000005,567.0
6673ad6b8abf0e0b25ea3131,36011.060880000005,506.0
6673ad6b8abf0e0b25ea3131,36011.060880000005,449.0
6673ad6b8abf0e0b25ea3131,36011.060880000005,252.0
6673ad6b8abf0e0b25ea3131,36011.060880000005,182.0
6673ad6b8abf0e0b25ea3131,36011.060880000005,160.0
6673ad6b8abf0e0b25ea3131,36011.060880000005,206.0
66e4c4358de330a06b4d33f1,4019.1151925,344.0
66e4c4358de330a06b4d33f1,4019.1151925,255.0
66e4c4358de330a06b4d33f1,4019.1151925,196.0
66e4c4358de330a06b4d33f1,4019.1151925,334.0
66e4c4358de330a06b4d33f1,4019.1151925,401.0
66e4c4358de330a06b4d33f1,4019.1151925,290.0
66e4c4358de330a06b4d33f1,4019.1151925,250.0
66e4c4358de330a06b4d33f1,4019.1151925,188.0
66e4c4358de330a06b4d33f1,4019.1151925,208.0
66e4c4358de330a06b4d33f1,4019.1151925,270.0
66e4c4358de330a06b4d33f1,4019.1151925,187.0
66e4c4358de330a06b4d33f1,4019.1151925,135.0
67104c7deff954cb22438402,1930.21884665,197.0
67104c7deff954cb22438402,1930.21884665,127.0
67104c7deff954cb22438402,1930.21884665,155.0
67104c7deff954cb22438402,1930.21884665,193.0
67104c7deff954cb22438402,1930.21884665,131.0
67104c7deff954cb22438402,1930.21884665,170.0
67104c7deff954cb22438402,1930.21884665,177.0
67104c7deff954cb22438402,1930.21884665,194.0
67104c7deff954cb22438402,1930.21884665,250.0
67104c7deff954cb22438402,1930.21884665,239.0
67104c7deff954cb22438402,1930.21884665,164.0
67104c7deff954cb22438402,1930.21884665,188.0
67ccbff51d19e63fccfe0d60,40262.25522845,400.0
67ccbff51d19e63fccfe0d60,40262.25522845,195.0
67ccbff51d19e63fccfe0d60,40262.25522845,13.0
67ccbff51d19e63fccfe0d60,40262.25522845,100.0
67ccbff51d19e63fccfe0d60,40262.25522845,230.0
67ccbff51d19e63fccfe0d60,40262.25522845,450.0
67ccbff51d19e63fccfe0d60,40262.25522845,400.0
67ccbff51d19e63fccfe0d60,40262.25522845,500.0
67ccbff51d19e63fccfe0d60,40262.25522845,530.0
67ccbff51d19e63fccfe0d60,40262.25522845,680.0
67ccbff51d19e63fccfe0d60,40262.25522845,600.0
67ccbff51d19e63fccfe0d60,40262.25522845,13.0
615586b009f801c3f2d4af8d,2458.1396925,233.0
615586b009f801c3f2d4af8d,2458.1396925,149.0
615586b009f801c3f2d4af8d,2458.1396925,196.0
615586b009f801c3f2d4af8d,2458.1396925,187.0
615586b009f801c3f2d4af8d,2458.1396925,232.0
615586b009f801c3f2d4af8d,2458.1396925,183.0
615586b009f801c3f2d4af8d,2458.1396925,214.0
615586b009f801c3f2d4af8d,2458.1396925,196.0
615586b009f801c3f2d4af8d,2458.1396925,144.0
615586b009f801c3f2d4af8d,2458.1396925,280.0
615586b009f801c3f2d4af8d,2458.1396925,132.0
615586b009f801c3f2d4af8d,2458.1396925,147.0
664c4e829445321c23a8de52,13722.7236925,549.0
664c4e829445321c23a8de52,13722.7236925,134.0
664c4e829445321c23a8de52,13722.7236925,520.0
664c4e829445321c23a8de52,13722.7236925,203.0
664c4e829445321c23a8de52,13722.7236925,508.0
664c4e829445321c23a8de52,13722.7236925,203.0
664c4e829445321c23a8de52,13722.7236925,209.0
664c4e829445321c23a8de52,13722.7236925,152.0
664c4e829445321c23a8de52,13722.7236925,186.0
664c4e829445321c23a8de52,13722.7236925,490.0
664c4e829445321c23a8de52,13722.7236925,134.0
664c4e829445321c23a8de52,13722.7236925,126.0
565bbc1ec121fe0012fc3782,2959.4985,107.0
565bbc1ec121fe0012fc3782,2959.4985,84.0
565bbc1ec121fe0012fc3782,2959.4985,109.0
565bbc1ec121fe0012fc3782,2959.4985,134.0
565bbc1ec121fe0012fc3782,2959.4985,127.0
565bbc1ec121fe0012fc3782,2959.4985,188.0
565bbc1ec121fe0012fc3782,2959.4985,153.0
565bbc1ec121fe0012fc3782,2959.4985,145.0
565bbc1ec121fe0012fc3782,2959.4985,152.0
565bbc1ec121fe0012fc3782,2959.4985,107.0
565bbc1ec121fe0012fc3782,2959.4985,163.0
565bbc1ec121fe0012fc3782,2959.4985,177.0
67ab317d4245c4e2b33e2753,67459.8142792,675.0
67ab317d4245c4e2b33e2753,67459.8142792,401.0
67ab317d4245c4e2b33e2753,67459.8142792,322.0
67ab317d4245c4e2b33e2753,67459.8142792,501.0
67ab317d4245c4e2b33e2753,67459.8142792,565.0
67ab317d4245c4e2b33e2753,67459.8142792,427.0
67ab317d4245c4e2b33e2753,67459.8142792,253.0
67ab317d4245c4e2b33e2753,67459.8142792,605.0
67ab317d4245c4e2b33e2753,67459.8142792,524.0
67ab317d4245c4e2b33e2753,67459.8142792,529.0
67ab317d4245c4e2b33e2753,67459.8142792,405.0
67ab317d4245c4e2b33e2753,67459.8142792,595.0
663ff3e539df6ec6f060f875,41118.39713605,330.0
663ff3e539df6ec6f060f875,41118.39713605,301.0
663ff3e539df6ec6f060f875,41118.39713605,711.0
663ff3e539df6ec6f060f875,41118.39713605,407.0
663ff3e539df6ec6f060f875,41118.39713605,200.0
663ff3e539df6ec6f060f875,41118.39713605,400.0
663ff3e539df6ec6f060f875,41118.39713605,600.0
663ff3e539df6ec6f060f875,41118.39713605,500.0
663ff3e539df6ec6f060f875,41118.39713605,300.0
663ff3e539df6ec6f060f875,41118.39713605,252.0
663ff3e539df6ec6f060f875,41118.39713605,228.0
663ff3e539df6ec6f060f875,41118.39713605,160.0
67e09140d3b97fa530c719c3,33772.5182792,519.0
67e09140d3b97fa530c719c3,33772.5182792,484.0
67e09140d3b97fa530c719c3,33772.5182792,434.0
67e09140d3b97fa530c719c3,33772.5182792,583.0
67e09140d3b97fa530c719c3,33772.5182792,234.0
67e09140d3b97fa530c719c3,33772.5182792,397.0
67e09140d3b97fa530c719c3,33772.5182792,284.0
67e09140d3b97fa530c719c3,33772.5182792,350.0
67e09140d3b97fa530c719c3,33772.5182792,267.0
67e09140d3b97fa530c719c3,33772.5182792,75.0
67e09140d3b97fa530c719c3,33772.5182792,265.0
67e09140d3b97fa530c719c3,33772.5182792,225.0
5c0dbb9b9166290001253342,2078.45004665,180.0
5c0dbb9b9166290001253342,2078.45004665,242.0
5c0dbb9b9166290001253342,2078.45004665,131.0
5c0dbb9b9166290001253342,2078.45004665,119.0
5c0dbb9b9166290001253342,2078.45004665,168.0
5c0dbb9b9166290001253342,2078.45004665,146.0
5c0dbb9b9166290001253342,2078.45004665,301.0
5c0dbb9b9166290001253342,2078.45004665,146.0
5c0dbb9b9166290001253342,2078.45004665,340.0
5c0dbb9b9166290001253342,2078.45004665,269.0
5c0dbb9b9166290001253342,2078.45004665,170.0
5c0dbb9b9166290001253342,2078.45004665,200.0
6712d5b9e3d84e9a520966fd,2422.1225050000003,164.0
6712d5b9e3d84e9a520966fd,2422.1225050000003,164.0
6712d5b9e3d84e9a520966fd,2422.1225050000003,157.0
6712d5b9e3d84e9a520966fd,2422.1225050000003,200.0
6712d5b9e3d84e9a520966fd,2422.1225050000003,174.0
6712d5b9e3d84e9a520966fd,2422.1225050000003,191.0
6712d5b9e3d84e9a520966fd,2422.1225050000003,165.0
6712d5b9e3d84e9a520966fd,2422.1225050000003,153.0
6712d5b9e3d84e9a520966fd,2422.1225050000003,142.0
6712d5b9e3d84e9a520966fd,2422.1225050000003,260.0
6712d5b9e3d84e9a520966fd,2422.1225050000003,180.0
6712d5b9e3d84e9a520966fd,2422.1225050000003,145.0
657dd22938e31904b66ca3b4,2054.3305,190.0
657dd22938e31904b66ca3b4,2054.3305,246.0
657dd22938e31904b66ca3b4,2054.3305,185.0
657dd22938e31904b66ca3b4,2054.3305,203.0
657dd22938e31904b66ca3b4,2054.3305,143.0
657dd22938e31904b66ca3b4,2054.3305,280.0
657dd22938e31904b66ca3b4,2054.3305,225.0
657dd22938e31904b66ca3b4,2054.3305,325.0
657dd22938e31904b66ca3b4,2054.3305,308.0
657dd22938e31904b66ca3b4,2054.3305,125.0
657dd22938e31904b66ca3b4,2054.3305,284.0
657dd22938e31904b66ca3b4,2054.3305,229.0
5be8dab5d153f500019ab320,2785.068625,80.0
5be8dab5d153f500019ab320,2785.068625,165.0
5be8dab5d153f500019ab320,2785.068625,215.0
5be8dab5d153f500019ab320,2785.068625,154.0
5be8dab5d153f500019ab320,2785.068625,305.0
5be8dab5d153f500019ab320,2785.068625,116.0
5be8dab5d153f500019ab320,2785.068625,197.0
5be8dab5d153f500019ab320,2785.068625,205.0
5be8dab5d153f500019ab320,2785.068625,430.0
5be8dab5d153f500019ab320,2785.068625,393.0
5be8dab5d153f500019ab320,2785.068625,101.0
5be8dab5d153f500019ab320,2785.068625,252.0
67e992dd7f3e32ea5b32ffc3,145246.35,620.0
67e992dd7f3e32ea5b32ffc3,145246.35,577.0
67e992dd7f3e32ea5b32ffc3,145246.35,673.0
67e992dd7f3e32ea5b32ffc3,145246.35,227.0
67e992dd7f3e32ea5b32ffc3,145246.35,751.0
67e992dd7f3e32ea5b32ffc3,145246.35,597.0
67e992dd7f3e32ea5b32ffc3,145246.35,703.0
67e992dd7f3e32ea5b32ffc3,145246.35,644.0
67e992dd7f3e32ea5b32ffc3,145246.35,755.0
67e992dd7f3e32ea5b32ffc3,145246.35,739.0
67e992dd7f3e32ea5b32ffc3,145246.35,755.0
67e992dd7f3e32ea5b32ffc3,145246.35,610.0
60dfd72817ea2f37bba6b24a,2994.2741925,330.0
60dfd72817ea2f37bba6b24a,2994.2741925,200.0
60dfd72817ea2f37bba6b24a,2994.2741925,230.0
60dfd72817ea2f37bba6b24a,2994.2741925,210.0
60dfd72817ea2f37bba6b24a,2994.2741925,350.0
60dfd72817ea2f37bba6b24a,2994.2741925,195.0
60dfd72817ea2f37bba6b24a,2994.2741925,200.0
60dfd72817ea2f37bba6b24a,2994.2741925,240.0
60dfd72817ea2f37bba6b24a,2994.2741925,181.0
60dfd72817ea2f37bba6b24a,2994.2741925,390.0
60dfd72817ea2f37bba6b24a,2994.2741925,170.0
60dfd72817ea2f37bba6b24a,2994.2741925,182.0
6526f601bedbae17738408b1,65858.713,438.0
6526f601bedbae17738408b1,65858.713,560.0
6526f601bedbae17738408b1,65858.713,454.0
6526f601bedbae17738408b1,65858.713,433.0
6526f601bedbae17738408b1,65858.713,298.0
6526f601bedbae17738408b1,65858.713,602.0
6526f601bedbae17738408b1,65858.713,624.0
6526f601bedbae17738408b1,65858.713,563.0
6526f601bedbae17738408b1,65858.713,469.0
6526f601bedbae17738408b1,65858.713,474.0
6526f601bedbae17738408b1,65858.713,491.0
6526f601bedbae17738408b1,65858.713,509.0
660c28b0eeb115dac604d8c7,1464.0186250000002,81.0
660c28b0eeb115dac604d8c7,1464.0186250000002,156.0
660c28b0eeb115dac604d8c7,1464.0186250000002,198.0
660c28b0eeb115dac604d8c7,1464.0186250000002,203.0
660c28b0eeb115dac604d8c7,1464.0186250000002,286.0
660c28b0eeb115dac604d8c7,1464.0186250000002,150.0
660c28b0eeb115dac604d8c7,1464.0186250000002,177.0
660c28b0eeb115dac604d8c7,1464.0186250000002,249.0
660c28b0eeb115dac604d8c7,1464.0186250000002,277.0
660c28b0eeb115dac604d8c7,1464.0186250000002,300.0
660c28b0eeb115dac604d8c7,1464.0186250000002,149.0
660c28b0eeb115dac604d8c7,1464.0186250000002,177.0
5ba292385301b80001c71ba2,53766.4161925,535.0
5ba292385301b80001c71ba2,53766.4161925,432.0
5ba292385301b80001c71ba2,53766.4161925,617.0
5ba292385301b80001c71ba2,53766.4161925,383.0
5ba292385301b80001c71ba2,53766.4161925,619.0
5ba292385301b80001c71ba2,53766.4161925,473.0
5ba292385301b80001c71ba2,53766.4161925,539.0
5ba292385301b80001c71ba2,53766.4161925,328.0
5ba292385301b80001c71ba2,53766.4161925,468.0
5ba292385301b80001c71ba2,53766.4161925,623.0
5ba292385301b80001c71ba2,53766.4161925,466.0
5ba292385301b80001c71ba2,53766.4161925,456.0
67ed2106f011777be169710e,1195.5357394499997,197.0
67ed2106f011777be169710e,1195.5357394499997,150.0
67ed2106f011777be169710e,1195.5357394499997,179.0
67ed2106f011777be169710e,1195.5357394499997,290.0
67ed2106f011777be169710e,1195.5357394499997,140.0
67ed2106f011777be169710e,1195.5357394499997,210.0
67ed2106f011777be169710e,1195.5357394499997,145.0
67ed2106f011777be169710e,1195.5357394499997,127.0
67ed2106f011777be169710e,1195.5357394499997,123.0
67ed2106f011777be169710e,1195.5357394499997,120.0
67ed2106f011777be169710e,1195.5357394499997,154.0
67ed2106f011777be169710e,1195.5357394499997,217.0
676d746ed2391d1de669298a,15713.0451428,300.0
676d746ed2391d1de669298a,15713.0451428,400.0
676d746ed2391d1de669298a,15713.0451428,274.0
676d746ed2391d1de669298a,15713.0451428,398.0
676d746ed2391d1de669298a,15713.0451428,125.0
676d746ed2391d1de669298a,15713.0451428,400.0
676d746ed2391d1de669298a,15713.0451428,228.0
676d746ed2391d1de669298a,15713.0451428,600.0
676d746ed2391d1de669298a,15713.0451428,428.0
676d746ed2391d1de669298a,15713.0451428,153.0
676d746ed2391d1de669298a,15713.0451428,160.0
676d746ed2391d1de669298a,15713.0451428,100.0
67855b8dc74917888b600462,3946.8054792000003,85.0
67855b8dc74917888b600462,3946.8054792000003,151.0
67855b8dc74917888b600462,3946.8054792000003,151.0
67855b8dc74917888b600462,3946.8054792000003,139.0
67855b8dc74917888b600462,3946.8054792000003,187.0
67855b8dc74917888b600462,3946.8054792000003,29.0
67855b8dc74917888b600462,3946.8054792000003,47.0
67855b8dc74917888b600462,3946.8054792000003,151.0
67855b8dc74917888b600462,3946.8054792000003,101.0
67855b8dc74917888b600462,3946.8054792000003,84.0
67855b8dc74917888b600462,3946.8054792000003,66.0
67855b8dc74917888b600462,3946.8054792000003,109.0
67c1df48df51185acd620066,41552.573625,235.0
67c1df48df51185acd620066,41552.573625,124.0
67c1df48df51185acd620066,41552.573625,752.0
67c1df48df51185acd620066,41552.573625,135.0
67c1df48df51185acd620066,41552.573625,228.0
67c1df48df51185acd620066,41552.573625,174.0
67c1df48df51185acd620066,41552.573625,224.0
67c1df48df51185acd620066,41552.573625,755.0
67c1df48df51185acd620066,41552.573625,755.0
67c1df48df51185acd620066,41552.573625,233.0
67c1df48df51185acd620066,41552.573625,175.0
67c1df48df51185acd620066,41552.573625,227.0
67e20801187db9c5fe47a563,67009.39942845001,502.0
67e20801187db9c5fe47a563,67009.39942845001,562.0
67e20801187db9c5fe47a563,67009.39942845001,301.0
67e20801187db9c5fe47a563,67009.39942845001,402.0
67e20801187db9c5fe47a563,67009.39942845001,564.0
67e20801187db9c5fe47a563,67009.39942845001,600.0
67e20801187db9c5fe47a563,67009.39942845001,635.0
67e20801187db9c5fe47a563,67009.39942845001,650.0
67e20801187db9c5fe47a563,67009.39942845001,390.0
67e20801187db9c5fe47a563,67009.39942845001,466.0
67e20801187db9c5fe47a563,67009.39942845001,286.0
67e20801187db9c5fe47a563,67009.39942845001,597.0
66905dfde26a6e6e3c685d8d,1553.9371428,200.0
66905dfde26a6e6e3c685d8d,1553.9371428,176.0
66905dfde26a6e6e3c685d8d,1553.9371428,186.0
66905dfde26a6e6e3c685d8d,1553.9371428,195.0
66905dfde26a6e6e3c685d8d,1553.9371428,151.0
66905dfde26a6e6e3c685d8d,1553.9371428,172.0
66905dfde26a6e6e3c685d8d,1553.9371428,147.0
66905dfde26a6e6e3c685d8d,1553.9371428,206.0
66905dfde26a6e6e3c685d8d,1553.9371428,171.0
66905dfde26a6e6e3c685d8d,1553.9371428,204.0
66905dfde26a6e6e3c685d8d,1553.9371428,214.0
66905dfde26a6e6e3c685d8d,1553.9371428,172.0
66ea6bd034571ff4a00f2171,1917.4179428,208.0
66ea6bd034571ff4a00f2171,1917.4179428,140.0
66ea6bd034571ff4a00f2171,1917.4179428,165.0
66ea6bd034571ff4a00f2171,1917.4179428,205.0
66ea6bd034571ff4a00f2171,1917.4179428,165.0
66ea6bd034571ff4a00f2171,1917.4179428,210.0
66ea6bd034571ff4a00f2171,1917.4179428,250.0
66ea6bd034571ff4a00f2171,1917.4179428,225.0
66ea6bd034571ff4a00f2171,1917.4179428,194.0
66ea6bd034571ff4a00f2171,1917.4179428,165.0
66ea6bd034571ff4a00f2171,1917.4179428,190.0
66ea6bd034571ff4a00f2171,1917.4179428,126.0
667dff584b72be8e8cf6b196,14170.38744505,152.0
667dff584b72be8e8cf6b196,14170.38744505,140.0
667dff584b72be8e8cf6b196,14170.38744505,205.0
667dff584b72be8e8cf6b196,14170.38744505,159.0
667dff584b72be8e8cf6b196,14170.38744505,120.0
667dff584b72be8e8cf6b196,14170.38744505,129.0
667dff584b72be8e8cf6b196,14170.38744505,150.0
667dff584b72be8e8cf6b196,14170.38744505,571.0
667dff584b72be8e8cf6b196,14170.38744505,219.0
667dff584b72be8e8cf6b196,14170.38744505,167.0
667dff584b72be8e8cf6b196,14170.38744505,542.0
667dff584b72be8e8cf6b196,14170.38744505,197.0
663abe859bcc3ea8ef9bbdf3,8357.52673945,315.0
663abe859bcc3ea8ef9bbdf3,8357.52673945,130.0
663abe859bcc3ea8ef9bbdf3,8357.52673945,210.0
663abe859bcc3ea8ef9bbdf3,8357.52673945,450.0
663abe859bcc3ea8ef9bbdf3,8357.52673945,100.0
663abe859bcc3ea8ef9bbdf3,8357.52673945,230.0
663abe859bcc3ea8ef9bbdf3,8357.52673945,150.0
663abe859bcc3ea8ef9bbdf3,8357.52673945,179.0
663abe859bcc3ea8ef9bbdf3,8357.52673945,130.0
663abe859bcc3ea8ef9bbdf3,8357.52673945,150.0
663abe859bcc3ea8ef9bbdf3,8357.52673945,229.0
663abe859bcc3ea8ef9bbdf3,8357.52673945,425.0
66491e9882aaa64c5d0911d5,1846.3867784499998,265.0
66491e9882aaa64c5d0911d5,1846.3867784499998,170.0
66491e9882aaa64c5d0911d5,1846.3867784499998,125.0
66491e9882aaa64c5d0911d5,1846.3867784499998,195.0
66491e9882aaa64c5d0911d5,1846.3867784499998,105.0
66491e9882aaa64c5d0911d5,1846.3867784499998,140.0
66491e9882aaa64c5d0911d5,1846.3867784499998,105.0
66491e9882aaa64c5d0911d5,1846.3867784499998,125.0
66491e9882aaa64c5d0911d5,1846.3867784499998,140.0
66491e9882aaa64c5d0911d5,1846.3867784499998,138.0
66491e9882aaa64c5d0911d5,1846.3867784499998,220.0
66491e9882aaa64c5d0911d5,1846.3867784499998,160.0
64da2accd7f18b0adeede7ba,1626.668505,165.0
64da2accd7f18b0adeede7ba,1626.668505,130.0
64da2accd7f18b0adeede7ba,1626.668505,54.0
64da2accd7f18b0adeede7ba,1626.668505,166.0
64da2accd7f18b0adeede7ba,1626.668505,170.0
64da2accd7f18b0adeede7ba,1626.668505,200.0
64da2accd7f18b0adeede7ba,1626.668505,159.0
64da2accd7f18b0adeede7ba,1626.668505,108.0
64da2accd7f18b0adeede7ba,1626.668505,75.0
64da2accd7f18b0adeede7ba,1626.668505,225.0
64da2accd7f18b0adeede7ba,1626.668505,250.0
64da2accd7f18b0adeede7ba,1626.668505,125.0
6501f7c274092e1270832a17,3607.55,126.0
6501f7c274092e1270832a17,3607.55,134.0
6501f7c274092e1270832a17,3607.55,107.0
6501f7c274092e1270832a17,3607.55,77.0
6501f7c274092e1270832a17,3607.55,180.0
6501f7c274092e1270832a17,3607.55,145.0
6501f7c274092e1270832a17,3607.55,88.0
6501f7c274092e1270832a17,3607.55,209.0
6501f7c274092e1270832a17,3607.55,130.0
6501f7c274092e1270832a17,3607.55,154.0
6501f7c274092e1270832a17,3607.55,152.0
6501f7c274092e1270832a17,3607.55,134.0
64135dd9d2ef675b8e1799ef,268.16277845,250.0
64135dd9d2ef675b8e1799ef,268.16277845,214.0
64135dd9d2ef675b8e1799ef,268.16277845,145.0
64135dd9d2ef675b8e1799ef,268.16277845,323.0
64135dd9d2ef675b8e1799ef,268.16277845,129.0
64135dd9d2ef675b8e1799ef,268.16277845,205.0
64135dd9d2ef675b8e1799ef,268.16277845,170.0
64135dd9d2ef675b8e1799ef,268.16277845,145.0
64135dd9d2ef675b8e1799ef,268.16277845,205.0
64135dd9d2ef675b8e1799ef,268.16277845,160.0
64135dd9d2ef675b8e1799ef,268.16277845,177.0
64135dd9d2ef675b8e1799ef,268.16277845,150.0
663831d2597fe70254c66632,15408.1285,365.0
663831d2597fe70254c66632,15408.1285,210.0
663831d2597fe70254c66632,15408.1285,228.0
663831d2597fe70254c66632,15408.1285,226.0
663831d2597fe70254c66632,15408.1285,403.0
663831d2597fe70254c66632,15408.1285,425.0
663831d2597fe70254c66632,15408.1285,244.0
663831d2597fe70254c66632,15408.1285,141.0
663831d2597fe70254c66632,15408.1285,428.0
663831d2597fe70254c66632,15408.1285,179.0
663831d2597fe70254c66632,15408.1285,522.0
663831d2597fe70254c66632,15408.1285,331.0
62029a55ef1cb18a1337c61a,7553.923,250.0
62029a55ef1cb18a1337c61a,7553.923,335.0
62029a55ef1cb18a1337c61a,7553.923,295.0
62029a55ef1cb18a1337c61a,7553.923,230.0
62029a55ef1cb18a1337c61a,7553.923,230.0
62029a55ef1cb18a1337c61a,7553.923,275.0
62029a55ef1cb18a1337c61a,7553.923,295.0
62029a55ef1cb18a1337c61a,7553.923,265.0
62029a55ef1cb18a1337c61a,7553.923,230.0
62029a55ef1cb18a1337c61a,7553.923,250.0
62029a55ef1cb18a1337c61a,7553.923,375.0
62029a55ef1cb18a1337c61a,7553.923,305.0
6276d97e209059496d37bf74,2369.797505,180.0
6276d97e209059496d37bf74,2369.797505,115.0
6276d97e209059496d37bf74,2369.797505,99.0
6276d97e209059496d37bf74,2369.797505,398.0
6276d97e209059496d37bf74,2369.797505,199.0
6276d97e209059496d37bf74,2369.797505,202.0
6276d97e209059496d37bf74,2369.797505,160.0
6276d97e209059496d37bf74,2369.797505,88.0
6276d97e209059496d37bf74,2369.797505,84.0
6276d97e209059496d37bf74,2369.797505,258.0
6276d97e209059496d37bf74,2369.797505,210.0
6276d97e209059496d37bf74,2369.797505,165.0
672ceecd4b982fd2123fa32f,3101.26553605,109.0
672ceecd4b982fd2123fa32f,3101.26553605,119.0
672ceecd4b982fd2123fa32f,3101.26553605,186.0
672ceecd4b982fd2123fa32f,3101.26553605,145.0
672ceecd4b982fd2123fa32f,3101.26553605,195.0
672ceecd4b982fd2123fa32f,3101.26553605,248.0
672ceecd4b982fd2123fa32f,3101.26553605,163.0
672ceecd4b982fd2123fa32f,3101.26553605,256.0
672ceecd4b982fd2123fa32f,3101.26553605,258.0
672ceecd4b982fd2123fa32f,3101.26553605,209.0
672ceecd4b982fd2123fa32f,3101.26553605,274.0
672ceecd4b982fd2123fa32f,3101.26553605,154.0
67d08ad93223692ce66a3310,1058.54627845,240.0
67d08ad93223692ce66a3310,1058.54627845,210.0
67d08ad93223692ce66a3310,1058.54627845,190.0
67d08ad93223692ce66a3310,1058.54627845,270.0
67d08ad93223692ce66a3310,1058.54627845,160.0
67d08ad93223692ce66a3310,1058.54627845,200.0
67d08ad93223692ce66a3310,1058.54627845,175.0
67d08ad93223692ce66a3310,1058.54627845,165.0
67d08ad93223692ce66a3310,1058.54627845,215.0
67d08ad93223692ce66a3310,1058.54627845,180.0
67d08ad93223692ce66a3310,1058.54627845,230.0
67d08ad93223692ce66a3310,1058.54627845,190.0
6272bd000471b3d9ed5d4da5,25865.560879999997,400.0
6272bd000471b3d9ed5d4da5,25865.560879999997,500.0
6272bd000471b3d9ed5d4da5,25865.560879999997,300.0
6272bd000471b3d9ed5d4da5,25865.560879999997,375.0
6272bd000471b3d9ed5d4da5,25865.560879999997,550.0
6272bd000471b3d9ed5d4da5,25865.560879999997,425.0
6272bd000471b3d9ed5d4da5,25865.560879999997,450.0
6272bd000471b3d9ed5d4da5,25865.560879999997,400.0
6272bd000471b3d9ed5d4da5,25865.560879999997,200.0
6272bd000471b3d9ed5d4da5,25865.560879999997,200.0
6272bd000471b3d9ed5d4da5,25865.560879999997,225.0
6272bd000471b3d9ed5d4da5,25865.560879999997,300.0
67a7460f140d97736b4ce063,5744.84743945,300.0
67a7460f140d97736b4ce063,5744.84743945,161.0
67a7460f140d97736b4ce063,5744.84743945,204.0
67a7460f140d97736b4ce063,5744.84743945,309.0
67a7460f140d97736b4ce063,5744.84743945,117.0
67a7460f140d97736b4ce063,5744.84743945,339.0
67a7460f140d97736b4ce063,5744.84743945,208.0
67a7460f140d97736b4ce063,5744.84743945,93.0
67a7460f140d97736b4ce063,5744.84743945,88.0
67a7460f140d97736b4ce063,5744.84743945,74.0
67a7460f140d97736b4ce063,5744.84743945,49.0
67a7460f140d97736b4ce063,5744.84743945,35.0
5cbe04b4f429ff00159de30e,14348.773000000001,27.0
5cbe04b4f429ff00159de30e,14348.773000000001,36.0
5cbe04b4f429ff00159de30e,14348.773000000001,89.0
5cbe04b4f429ff00159de30e,14348.773000000001,68.0
5cbe04b4f429ff00159de30e,14348.773000000001,67.0
5cbe04b4f429ff00159de30e,14348.773000000001,75.0
5cbe04b4f429ff00159de30e,14348.773000000001,75.0
5cbe04b4f429ff00159de30e,14348.773000000001,85.0
5cbe04b4f429ff00159de30e,14348.773000000001,83.0
5cbe04b4f429ff00159de30e,14348.773000000001,86.0
5cbe04b4f429ff00159de30e,14348.773000000001,53.0
5cbe04b4f429ff00159de30e,14348.773000000001,90.0
66c90ef0be010a9a6eb28b4f,7412.5609428,138.0
66c90ef0be010a9a6eb28b4f,7412.5609428,13.0
66c90ef0be010a9a6eb28b4f,7412.5609428,22.0
66c90ef0be010a9a6eb28b4f,7412.5609428,110.0
66c90ef0be010a9a6eb28b4f,7412.5609428,79.0
66c90ef0be010a9a6eb28b4f,7412.5609428,147.0
66c90ef0be010a9a6eb28b4f,7412.5609428,13.0
66c90ef0be010a9a6eb28b4f,7412.5609428,148.0
66c90ef0be010a9a6eb28b4f,7412.5609428,46.0
66c90ef0be010a9a6eb28b4f,7412.5609428,93.0
66c90ef0be010a9a6eb28b4f,7412.5609428,175.0
66c90ef0be010a9a6eb28b4f,7412.5609428,53.0
5c69f9dd4b5bb30001b3d31c,2898.203,160.0
5c69f9dd4b5bb30001b3d31c,2898.203,322.0
5c69f9dd4b5bb30001b3d31c,2898.203,203.0
5c69f9dd4b5bb30001b3d31c,2898.203,149.0
5c69f9dd4b5bb30001b3d31c,2898.203,160.0
5c69f9dd4b5bb30001b3d31c,2898.203,176.0
5c69f9dd4b5bb30001b3d31c,2898.203,278.0
5c69f9dd4b5bb30001b3d31c,2898.203,139.0
5c69f9dd4b5bb30001b3d31c,2898.203,209.0
5c69f9dd4b5bb30001b3d31c,2898.203,194.0
5c69f9dd4b5bb30001b3d31c,2898.203,290.0
5c69f9dd4b5bb30001b3d31c,2898.203,252.0
6584554a4c4be5883082f67b,5558.66901125,160.0
6584554a4c4be5883082f67b,5558.66901125,261.0
6584554a4c4be5883082f67b,5558.66901125,239.0
6584554a4c4be5883082f67b,5558.66901125,299.0
6584554a4c4be5883082f67b,5558.66901125,240.0
6584554a4c4be5883082f67b,5558.66901125,271.0
6584554a4c4be5883082f67b,5558.66901125,267.0
6584554a4c4be5883082f67b,5558.66901125,263.0
6584554a4c4be5883082f67b,5558.66901125,232.0
6584554a4c4be5883082f67b,5558.66901125,335.0
6584554a4c4be5883082f67b,5558.66901125,213.0
6584554a4c4be5883082f67b,5558.66901125,242.0
67a60aab3179b5e743db2a2b,1072.9,100.0
67a60aab3179b5e743db2a2b,1072.9,95.0
67a60aab3179b5e743db2a2b,1072.9,75.0
67a60aab3179b5e743db2a2b,1072.9,85.0
67a60aab3179b5e743db2a2b,1072.9,250.0
67a60aab3179b5e743db2a2b,1072.9,109.0
67a60aab3179b5e743db2a2b,1072.9,95.0
67a60aab3179b5e743db2a2b,1072.9,90.0
67a60aab3179b5e743db2a2b,1072.9,160.0
67a60aab3179b5e743db2a2b,1072.9,85.0
67a60aab3179b5e743db2a2b,1072.9,249.0
67a60aab3179b5e743db2a2b,1072.9,155.0
67dd005e21e271181cde8e33,112676.75362499998,534.0
67dd005e21e271181cde8e33,112676.75362499998,423.0
67dd005e21e271181cde8e33,112676.75362499998,679.0
67dd005e21e271181cde8e33,112676.75362499998,688.0
67dd005e21e271181cde8e33,112676.75362499998,669.0
67dd005e21e271181cde8e33,112676.75362499998,658.0
67dd005e21e271181cde8e33,112676.75362499998,586.0
67dd005e21e271181cde8e33,112676.75362499998,694.0
67dd005e21e271181cde8e33,112676.75362499998,697.0
67dd005e21e271181cde8e33,112676.75362499998,496.0
67dd005e21e271181cde8e33,112676.75362499998,589.0
67dd005e21e271181cde8e33,112676.75362499998,551.0
660b2346862ff2a3da9cfe3e,4691.6340562,300.0
660b2346862ff2a3da9cfe3e,4691.6340562,209.0
660b2346862ff2a3da9cfe3e,4691.6340562,216.0
660b2346862ff2a3da9cfe3e,4691.6340562,180.0
660b2346862ff2a3da9cfe3e,4691.6340562,386.0
660b2346862ff2a3da9cfe3e,4691.6340562,190.0
660b2346862ff2a3da9cfe3e,4691.6340562,330.0
660b2346862ff2a3da9cfe3e,4691.6340562,411.0
660b2346862ff2a3da9cfe3e,4691.6340562,283.0
660b2346862ff2a3da9cfe3e,4691.6340562,170.0
660b2346862ff2a3da9cfe3e,4691.6340562,307.0
660b2346862ff2a3da9cfe3e,4691.6340562,176.0
62a0b34cbcc5987a8fa73c39,9931.774428449999,564.0
62a0b34cbcc5987a8fa73c39,9931.774428449999,214.0
62a0b34cbcc5987a8fa73c39,9931.774428449999,62.0
62a0b34cbcc5987a8fa73c39,9931.774428449999,134.0
62a0b34cbcc5987a8fa73c39,9931.774428449999,314.0
62a0b34cbcc5987a8fa73c39,9931.774428449999,107.0
62a0b34cbcc5987a8fa73c39,9931.774428449999,149.0
62a0b34cbcc5987a8fa73c39,9931.774428449999,299.0
62a0b34cbcc5987a8fa73c39,9931.774428449999,186.0
62a0b34cbcc5987a8fa73c39,9931.774428449999,351.0
62a0b34cbcc5987a8fa73c39,9931.774428449999,279.0
62a0b34cbcc5987a8fa73c39,9931.774428449999,226.0
67f1c7bd6f1c4a3d8deae02f,2318.69134665,180.0
67f1c7bd6f1c4a3d8deae02f,2318.69134665,155.0
67f1c7bd6f1c4a3d8deae02f,2318.69134665,170.0
67f1c7bd6f1c4a3d8deae02f,2318.69134665,180.0
67f1c7bd6f1c4a3d8deae02f,2318.69134665,150.0
67f1c7bd6f1c4a3d8deae02f,2318.69134665,170.0
67f1c7bd6f1c4a3d8deae02f,2318.69134665,180.0
67f1c7bd6f1c4a3d8deae02f,2318.69134665,140.0
67f1c7bd6f1c4a3d8deae02f,2318.69134665,210.0
67f1c7bd6f1c4a3d8deae02f,2318.69134665,230.0
67f1c7bd6f1c4a3d8deae02f,2318.69134665,200.0
67f1c7bd6f1c4a3d8deae02f,2318.69134665,175.0
67c4ac03f24437c0857e9390,8703.75113605,74.0
67c4ac03f24437c0857e9390,8703.75113605,39.0
67c4ac03f24437c0857e9390,8703.75113605,37.0
67c4ac03f24437c0857e9390,8703.75113605,75.0
67c4ac03f24437c0857e9390,8703.75113605,57.0
67c4ac03f24437c0857e9390,8703.75113605,64.0
67c4ac03f24437c0857e9390,8703.75113605,31.0
67c4ac03f24437c0857e9390,8703.75113605,160.0
67c4ac03f24437c0857e9390,8703.75113605,246.0
67c4ac03f24437c0857e9390,8703.75113605,108.0
67c4ac03f24437c0857e9390,8703.75113605,117.0
67c4ac03f24437c0857e9390,8703.75113605,60.0
6694251bbfc3e4a246f8125a,1147.8974965000002,202.0
6694251bbfc3e4a246f8125a,1147.8974965000002,160.0
6694251bbfc3e4a246f8125a,1147.8974965000002,180.0
6694251bbfc3e4a246f8125a,1147.8974965000002,211.0
6694251bbfc3e4a246f8125a,1147.8974965000002,160.0
6694251bbfc3e4a246f8125a,1147.8974965000002,264.0
6694251bbfc3e4a246f8125a,1147.8974965000002,173.0
6694251bbfc3e4a246f8125a,1147.8974965000002,160.0
6694251bbfc3e4a246f8125a,1147.8974965000002,184.0
6694251bbfc3e4a246f8125a,1147.8974965000002,152.0
6694251bbfc3e4a246f8125a,1147.8974965000002,302.0
6694251bbfc3e4a246f8125a,1147.8974965000002,119.0
5f46cd85e858dd0a24269315,3928.75,161.0
5f46cd85e858dd0a24269315,3928.75,236.0
5f46cd85e858dd0a24269315,3928.75,213.0
5f46cd85e858dd0a24269315,3928.75,129.0
5f46cd85e858dd0a24269315,3928.75,384.0
5f46cd85e858dd0a24269315,3928.75,160.0
5f46cd85e858dd0a24269315,3928.75,129.0
5f46cd85e858dd0a24269315,3928.75,213.0
5f46cd85e858dd0a24269315,3928.75,236.0
5f46cd85e858dd0a24269315,3928.75,237.0
5f46cd85e858dd0a24269315,3928.75,384.0
5f46cd85e858dd0a24269315,3928.75,236.0
67e184da2196b4f9027adc2b,11982.9629428,248.0
67e184da2196b4f9027adc2b,11982.9629428,228.0
67e184da2196b4f9027adc2b,11982.9629428,201.0
67e184da2196b4f9027adc2b,11982.9629428,156.0
67e184da2196b4f9027adc2b,11982.9629428,229.0
67e184da2196b4f9027adc2b,11982.9629428,229.0
67e184da2196b4f9027adc2b,11982.9629428,162.0
67e184da2196b4f9027adc2b,11982.9629428,208.0
67e184da2196b4f9027adc2b,11982.9629428,185.0
67e184da2196b4f9027adc2b,11982.9629428,620.0
67e184da2196b4f9027adc2b,11982.9629428,227.0
67e184da2196b4f9027adc2b,11982.9629428,127.0
67dd5e5f7a961e34ff8b116c,30655.4790562,240.0
67dd5e5f7a961e34ff8b116c,30655.4790562,450.0
67dd5e5f7a961e34ff8b116c,30655.4790562,450.0
67dd5e5f7a961e34ff8b116c,30655.4790562,371.0
67dd5e5f7a961e34ff8b116c,30655.4790562,288.0
67dd5e5f7a961e34ff8b116c,30655.4790562,518.0
67dd5e5f7a961e34ff8b116c,30655.4790562,381.0
67dd5e5f7a961e34ff8b116c,30655.4790562,386.0
67dd5e5f7a961e34ff8b116c,30655.4790562,370.0
67dd5e5f7a961e34ff8b116c,30655.4790562,397.0
67dd5e5f7a961e34ff8b116c,30655.4790562,315.0
67dd5e5f7a961e34ff8b116c,30655.4790562,316.0
66757cddd8d92a5cbfda353f,7324.92861845,195.0
66757cddd8d92a5cbfda353f,7324.92861845,131.0
66757cddd8d92a5cbfda353f,7324.92861845,124.0
66757cddd8d92a5cbfda353f,7324.92861845,125.0
66757cddd8d92a5cbfda353f,7324.92861845,200.0
66757cddd8d92a5cbfda353f,7324.92861845,49.0
66757cddd8d92a5cbfda353f,7324.92861845,53.0
66757cddd8d92a5cbfda353f,7324.92861845,405.0
66757cddd8d92a5cbfda353f,7324.92861845,157.0
66757cddd8d92a5cbfda353f,7324.92861845,202.0
66757cddd8d92a5cbfda353f,7324.92861845,110.0
66757cddd8d92a5cbfda353f,7324.92861845,509.0
67f481d5a06919a9e559d003,13003.428228449999,193.0
67f481d5a06919a9e559d003,13003.428228449999,187.0
67f481d5a06919a9e559d003,13003.428228449999,77.0
67f481d5a06919a9e559d003,13003.428228449999,195.0
67f481d5a06919a9e559d003,13003.428228449999,440.0
67f481d5a06919a9e559d003,13003.428228449999,159.0
67f481d5a06919a9e559d003,13003.428228449999,139.0
67f481d5a06919a9e559d003,13003.428228449999,410.0
67f481d5a06919a9e559d003,13003.428228449999,164.0
67f481d5a06919a9e559d003,13003.428228449999,600.0
67f481d5a06919a9e559d003,13003.428228449999,551.0
67f481d5a06919a9e559d003,13003.428228449999,179.0
67d95b52be97905a048845c7,15710.430046649999,220.0
67d95b52be97905a048845c7,15710.430046649999,165.0
67d95b52be97905a048845c7,15710.430046649999,311.0
67d95b52be97905a048845c7,15710.430046649999,460.0
67d95b52be97905a048845c7,15710.430046649999,165.0
67d95b52be97905a048845c7,15710.430046649999,324.0
67d95b52be97905a048845c7,15710.430046649999,253.0
67d95b52be97905a048845c7,15710.430046649999,244.0
67d95b52be97905a048845c7,15710.430046649999,410.0
67d95b52be97905a048845c7,15710.430046649999,472.0
67d95b52be97905a048845c7,15710.430046649999,342.0
67d95b52be97905a048845c7,15710.430046649999,214.0
644f162cac2c2b8aa0583b89,13556.038996499998,340.0
644f162cac2c2b8aa0583b89,13556.038996499998,230.0
644f162cac2c2b8aa0583b89,13556.038996499998,280.0
644f162cac2c2b8aa0583b89,13556.038996499998,310.0
644f162cac2c2b8aa0583b89,13556.038996499998,299.0
644f162cac2c2b8aa0583b89,13556.038996499998,300.0
644f162cac2c2b8aa0583b89,13556.038996499998,280.0
644f162cac2c2b8aa0583b89,13556.038996499998,270.0
644f162cac2c2b8aa0583b89,13556.038996499998,301.0
644f162cac2c2b8aa0583b89,13556.038996499998,345.0
644f162cac2c2b8aa0583b89,13556.038996499998,485.0
644f162cac2c2b8aa0583b89,13556.038996499998,310.0
6643b96e963b9b0cf7d216f3,5083.93234665,119.0
6643b96e963b9b0cf7d216f3,5083.93234665,158.0
6643b96e963b9b0cf7d216f3,5083.93234665,148.0
6643b96e963b9b0cf7d216f3,5083.93234665,170.0
6643b96e963b9b0cf7d216f3,5083.93234665,110.0
6643b96e963b9b0cf7d216f3,5083.93234665,178.0
6643b96e963b9b0cf7d216f3,5083.93234665,249.0
6643b96e963b9b0cf7d216f3,5083.93234665,98.0
6643b96e963b9b0cf7d216f3,5083.93234665,272.0
6643b96e963b9b0cf7d216f3,5083.93234665,477.0
6643b96e963b9b0cf7d216f3,5083.93234665,190.0
6643b96e963b9b0cf7d216f3,5083.93234665,205.0
661b3299bf19db77d7412b86,7669.164928449999,400.0
661b3299bf19db77d7412b86,7669.164928449999,151.0
661b3299bf19db77d7412b86,7669.164928449999,70.0
661b3299bf19db77d7412b86,7669.164928449999,101.0
661b3299bf19db77d7412b86,7669.164928449999,249.0
661b3299bf19db77d7412b86,7669.164928449999,115.0
661b3299bf19db77d7412b86,7669.164928449999,105.0
661b3299bf19db77d7412b86,7669.164928449999,160.0
661b3299bf19db77d7412b86,7669.164928449999,104.0
661b3299bf19db77d7412b86,7669.164928449999,175.0
661b3299bf19db77d7412b86,7669.164928449999,195.0
661b3299bf19db77d7412b86,7669.164928449999,105.0
65cead31ddb7be095dddd3ee,1506.463,200.0
65cead31ddb7be095dddd3ee,1506.463,207.0
65cead31ddb7be095dddd3ee,1506.463,193.0
65cead31ddb7be095dddd3ee,1506.463,107.0
65cead31ddb7be095dddd3ee,1506.463,189.0
65cead31ddb7be095dddd3ee,1506.463,159.0
65cead31ddb7be095dddd3ee,1506.463,169.0
65cead31ddb7be095dddd3ee,1506.463,129.0
65cead31ddb7be095dddd3ee,1506.463,127.0
65cead31ddb7be095dddd3ee,1506.463,148.0
65cead31ddb7be095dddd3ee,1506.463,370.0
65cead31ddb7be095dddd3ee,1506.463,235.0
65da0c93826bdadcf98372a9,4415.24001125,377.0
65da0c93826bdadcf98372a9,4415.24001125,310.0
65da0c93826bdadcf98372a9,4415.24001125,273.0
65da0c93826bdadcf98372a9,4415.24001125,201.0
65da0c93826bdadcf98372a9,4415.24001125,213.0
65da0c93826bdadcf98372a9,4415.24001125,192.0
65da0c93826bdadcf98372a9,4415.24001125,195.0
65da0c93826bdadcf98372a9,4415.24001125,234.0
65da0c93826bdadcf98372a9,4415.24001125,249.0
65da0c93826bdadcf98372a9,4415.24001125,215.0
65da0c93826bdadcf98372a9,4415.24001125,209.0
65da0c93826bdadcf98372a9,4415.24001125,191.0
6782941e57f81cd1ab7841b2,2705.7721428,230.0
6782941e57f81cd1ab7841b2,2705.7721428,240.0
6782941e57f81cd1ab7841b2,2705.7721428,299.0
6782941e57f81cd1ab7841b2,2705.7721428,279.0
6782941e57f81cd1ab7841b2,2705.7721428,112.0
6782941e57f81cd1ab7841b2,2705.7721428,315.0
6782941e57f81cd1ab7841b2,2705.7721428,90.0
6782941e57f81cd1ab7841b2,2705.7721428,370.0
6782941e57f81cd1ab7841b2,2705.7721428,70.0
6782941e57f81cd1ab7841b2,2705.7721428,105.0
6782941e57f81cd1ab7841b2,2705.7721428,213.0
6782941e57f81cd1ab7841b2,2705.7721428,83.0
6657b0d02e5dfa6c2663a647,926.8376965,221.0
6657b0d02e5dfa6c2663a647,926.8376965,187.0
6657b0d02e5dfa6c2663a647,926.8376965,168.0
6657b0d02e5dfa6c2663a647,926.8376965,214.0
6657b0d02e5dfa6c2663a647,926.8376965,209.0
6657b0d02e5dfa6c2663a647,926.8376965,200.0
6657b0d02e5dfa6c2663a647,926.8376965,166.0
6657b0d02e5dfa6c2663a647,926.8376965,167.0
6657b0d02e5dfa6c2663a647,926.8376965,136.0
6657b0d02e5dfa6c2663a647,926.8376965,150.0
6657b0d02e5dfa6c2663a647,926.8376965,261.0
6657b0d02e5dfa6c2663a647,926.8376965,171.0
670aae8ee861252b0528662d,10075.06421845,39.0
670aae8ee861252b0528662d,10075.06421845,40.0
670aae8ee861252b0528662d,10075.06421845,35.0
670aae8ee861252b0528662d,10075.06421845,37.0
670aae8ee861252b0528662d,10075.06421845,88.0
670aae8ee861252b0528662d,10075.06421845,17.0
670aae8ee861252b0528662d,10075.06421845,22.0
670aae8ee861252b0528662d,10075.06421845,59.0
670aae8ee861252b0528662d,10075.06421845,30.0
670aae8ee861252b0528662d,10075.06421845,76.0
670aae8ee861252b0528662d,10075.06421845,49.0
670aae8ee861252b0528662d,10075.06421845,50.0
612962f44f151ddfd0298c52,1059.6483965000002,170.0
612962f44f151ddfd0298c52,1059.6483965000002,140.0
612962f44f151ddfd0298c52,1059.6483965000002,173.0
612962f44f151ddfd0298c52,1059.6483965000002,202.0
612962f44f151ddfd0298c52,1059.6483965000002,172.0
612962f44f151ddfd0298c52,1059.6483965000002,191.0
612962f44f151ddfd0298c52,1059.6483965000002,125.0
612962f44f151ddfd0298c52,1059.6483965000002,175.0
612962f44f151ddfd0298c52,1059.6483965000002,206.0
612962f44f151ddfd0298c52,1059.6483965000002,178.0
612962f44f151ddfd0298c52,1059.6483965000002,216.0
612962f44f151ddfd0298c52,1059.6483965000002,159.0
66e5fd5c6bb126e1e93a9d77,3242.64623605,139.0
66e5fd5c6bb126e1e93a9d77,3242.64623605,149.0
66e5fd5c6bb126e1e93a9d77,3242.64623605,211.0
66e5fd5c6bb126e1e93a9d77,3242.64623605,147.0
66e5fd5c6bb126e1e93a9d77,3242.64623605,198.0
66e5fd5c6bb126e1e93a9d77,3242.64623605,239.0
66e5fd5c6bb126e1e93a9d77,3242.64623605,196.0
66e5fd5c6bb126e1e93a9d77,3242.64623605,269.0
66e5fd5c6bb126e1e93a9d77,3242.64623605,276.0
66e5fd5c6bb126e1e93a9d77,3242.64623605,226.0
66e5fd5c6bb126e1e93a9d77,3242.64623605,242.0
66e5fd5c6bb126e1e93a9d77,3242.64623605,142.0
6624a0a1b705816dc19c68cd,4830.6,242.0
6624a0a1b705816dc19c68cd,4830.6,213.0
6624a0a1b705816dc19c68cd,4830.6,188.0
6624a0a1b705816dc19c68cd,4830.6,171.0
6624a0a1b705816dc19c68cd,4830.6,195.0
6624a0a1b705816dc19c68cd,4830.6,180.0
6624a0a1b705816dc19c68cd,4830.6,208.0
6624a0a1b705816dc19c68cd,4830.6,209.0
6624a0a1b705816dc19c68cd,4830.6,195.0
6624a0a1b705816dc19c68cd,4830.6,220.0
6624a0a1b705816dc19c68cd,4830.6,376.0
6624a0a1b705816dc19c68cd,4830.6,329.0
67dddeb604cb0bf3883e7d99,17336.685739450004,392.0
67dddeb604cb0bf3883e7d99,17336.685739450004,460.0
67dddeb604cb0bf3883e7d99,17336.685739450004,304.0
67dddeb604cb0bf3883e7d99,17336.685739450004,416.0
67dddeb604cb0bf3883e7d99,17336.685739450004,266.0
67dddeb604cb0bf3883e7d99,17336.685739450004,267.0
67dddeb604cb0bf3883e7d99,17336.685739450004,218.0
67dddeb604cb0bf3883e7d99,17336.685739450004,138.0
67dddeb604cb0bf3883e7d99,17336.685739450004,201.0
67dddeb604cb0bf3883e7d99,17336.685739450004,220.0
67dddeb604cb0bf3883e7d99,17336.685739450004,139.0
67dddeb604cb0bf3883e7d99,17336.685739450004,211.0
6562421abbbe0dc4b89ad4ff,11663.4005,120.0
6562421abbbe0dc4b89ad4ff,11663.4005,380.0
6562421abbbe0dc4b89ad4ff,11663.4005,150.0
6562421abbbe0dc4b89ad4ff,11663.4005,270.0
6562421abbbe0dc4b89ad4ff,11663.4005,85.0
6562421abbbe0dc4b89ad4ff,11663.4005,450.0
6562421abbbe0dc4b89ad4ff,11663.4005,325.0
6562421abbbe0dc4b89ad4ff,11663.4005,480.0
6562421abbbe0dc4b89ad4ff,11663.4005,399.0
6562421abbbe0dc4b89ad4ff,11663.4005,99.0
6562421abbbe0dc4b89ad4ff,11663.4005,524.0
6562421abbbe0dc4b89ad4ff,11663.4005,149.0
650b03136ab3d4c832d98b71,2329.058505,236.0
650b03136ab3d4c832d98b71,2329.058505,87.0
650b03136ab3d4c832d98b71,2329.058505,87.0
650b03136ab3d4c832d98b71,2329.058505,310.0
650b03136ab3d4c832d98b71,2329.058505,310.0
650b03136ab3d4c832d98b71,2329.058505,384.0
650b03136ab3d4c832d98b71,2329.058505,161.0
650b03136ab3d4c832d98b71,2329.058505,87.0
650b03136ab3d4c832d98b71,2329.058505,87.0
650b03136ab3d4c832d98b71,2329.058505,458.0
650b03136ab3d4c832d98b71,2329.058505,310.0
650b03136ab3d4c832d98b71,2329.058505,161.0
62c5cdfe50000fce3e390be0,3941.18927845,270.0
62c5cdfe50000fce3e390be0,3941.18927845,163.0
62c5cdfe50000fce3e390be0,3941.18927845,300.0
62c5cdfe50000fce3e390be0,3941.18927845,456.0
62c5cdfe50000fce3e390be0,3941.18927845,81.0
62c5cdfe50000fce3e390be0,3941.18927845,134.0
62c5cdfe50000fce3e390be0,3941.18927845,74.0
62c5cdfe50000fce3e390be0,3941.18927845,116.0
62c5cdfe50000fce3e390be0,3941.18927845,169.0
62c5cdfe50000fce3e390be0,3941.18927845,138.0
62c5cdfe50000fce3e390be0,3941.18927845,235.0
62c5cdfe50000fce3e390be0,3941.18927845,315.0
5db4f0b63e33f2000dd54016,19968.17301125,310.0
5db4f0b63e33f2000dd54016,19968.17301125,241.0
5db4f0b63e33f2000dd54016,19968.17301125,395.0
5db4f0b63e33f2000dd54016,19968.17301125,396.0
5db4f0b63e33f2000dd54016,19968.17301125,392.0
5db4f0b63e33f2000dd54016,19968.17301125,331.0
5db4f0b63e33f2000dd54016,19968.17301125,376.0
5db4f0b63e33f2000dd54016,19968.17301125,395.0
5db4f0b63e33f2000dd54016,19968.17301125,382.0
5db4f0b63e33f2000dd54016,19968.17301125,351.0
5db4f0b63e33f2000dd54016,19968.17301125,362.0
5db4f0b63e33f2000dd54016,19968.17301125,314.0
6789eb762a533726ccd17f6a,972.8133450499997,195.0
6789eb762a533726ccd17f6a,972.8133450499997,180.0
6789eb762a533726ccd17f6a,972.8133450499997,181.0
6789eb762a533726ccd17f6a,972.8133450499997,173.0
6789eb762a533726ccd17f6a,972.8133450499997,123.0
6789eb762a533726ccd17f6a,972.8133450499997,133.0
6789eb762a533726ccd17f6a,972.8133450499997,132.0
6789eb762a533726ccd17f6a,972.8133450499997,212.0
6789eb762a533726ccd17f6a,972.8133450499997,200.0
6789eb762a533726ccd17f6a,972.8133450499997,159.0
6789eb762a533726ccd17f6a,972.8133450499997,217.0
6789eb762a533726ccd17f6a,972.8133450499997,212.0
66ae97d65ed4e738b5b136d5,1839.5704965,225.0
66ae97d65ed4e738b5b136d5,1839.5704965,210.0
66ae97d65ed4e738b5b136d5,1839.5704965,200.0
66ae97d65ed4e738b5b136d5,1839.5704965,210.0
66ae97d65ed4e738b5b136d5,1839.5704965,195.0
66ae97d65ed4e738b5b136d5,1839.5704965,241.0
66ae97d65ed4e738b5b136d5,1839.5704965,180.0
66ae97d65ed4e738b5b136d5,1839.5704965,219.0
66ae97d65ed4e738b5b136d5,1839.5704965,193.0
66ae97d65ed4e738b5b136d5,1839.5704965,240.0
66ae97d65ed4e738b5b136d5,1839.5704965,175.0
66ae97d65ed4e738b5b136d5,1839.5704965,195.0
5b60fca8f5bc590001183cd7,5199.973,110.0
5b60fca8f5bc590001183cd7,5199.973,150.0
5b60fca8f5bc590001183cd7,5199.973,155.0
5b60fca8f5bc590001183cd7,5199.973,130.0
5b60fca8f5bc590001183cd7,5199.973,140.0
5b60fca8f5bc590001183cd7,5199.973,180.0
5b60fca8f5bc590001183cd7,5199.973,200.0
5b60fca8f5bc590001183cd7,5199.973,120.0
5b60fca8f5bc590001183cd7,5199.973,95.0
5b60fca8f5bc590001183cd7,5199.973,170.0
5b60fca8f5bc590001183cd7,5199.973,180.0
5b60fca8f5bc590001183cd7,5199.973,180.0
66094df25d9e0e035e535a71,4395.9242562,176.0
66094df25d9e0e035e535a71,4395.9242562,208.0
66094df25d9e0e035e535a71,4395.9242562,209.0
66094df25d9e0e035e535a71,4395.9242562,175.0
66094df25d9e0e035e535a71,4395.9242562,233.0
66094df25d9e0e035e535a71,4395.9242562,252.0
66094df25d9e0e035e535a71,4395.9242562,249.0
66094df25d9e0e035e535a71,4395.9242562,275.0
66094df25d9e0e035e535a71,4395.9242562,163.0
66094df25d9e0e035e535a71,4395.9242562,204.0
66094df25d9e0e035e535a71,4395.9242562,172.0
66094df25d9e0e035e535a71,4395.9242562,143.0
67eae4ce34403db149dc2dd4,6158.866546650001,285.0
67eae4ce34403db149dc2dd4,6158.866546650001,356.0
67eae4ce34403db149dc2dd4,6158.866546650001,120.0
67eae4ce34403db149dc2dd4,6158.866546650001,150.0
67eae4ce34403db149dc2dd4,6158.866546650001,175.0
67eae4ce34403db149dc2dd4,6158.866546650001,106.0
67eae4ce34403db149dc2dd4,6158.866546650001,301.0
67eae4ce34403db149dc2dd4,6158.866546650001,180.0
67eae4ce34403db149dc2dd4,6158.866546650001,301.0
67eae4ce34403db149dc2dd4,6158.866546650001,261.0
67eae4ce34403db149dc2dd4,6158.866546650001,171.0
67eae4ce34403db149dc2dd4,6158.866546650001,352.0
67433b6e21271e2da703ee36,9063.7,215.0
67433b6e21271e2da703ee36,9063.7,240.0
67433b6e21271e2da703ee36,9063.7,260.0
67433b6e21271e2da703ee36,9063.7,175.0
67433b6e21271e2da703ee36,9063.7,435.0
67433b6e21271e2da703ee36,9063.7,300.0
67433b6e21271e2da703ee36,9063.7,185.0
67433b6e21271e2da703ee36,9063.7,260.0
67433b6e21271e2da703ee36,9063.7,325.0
67433b6e21271e2da703ee36,9063.7,230.0
67433b6e21271e2da703ee36,9063.7,400.0
67433b6e21271e2da703ee36,9063.7,310.0
63483c4522d65d46028da7a7,29639.554679200002,350.0
63483c4522d65d46028da7a7,29639.554679200002,250.0
63483c4522d65d46028da7a7,29639.554679200002,450.0
63483c4522d65d46028da7a7,29639.554679200002,289.0
63483c4522d65d46028da7a7,29639.554679200002,303.0
63483c4522d65d46028da7a7,29639.554679200002,340.0
63483c4522d65d46028da7a7,29639.554679200002,410.0
63483c4522d65d46028da7a7,29639.554679200002,537.0
63483c4522d65d46028da7a7,29639.554679200002,223.0
63483c4522d65d46028da7a7,29639.554679200002,346.0
63483c4522d65d46028da7a7,29639.554679200002,398.0
63483c4522d65d46028da7a7,29639.554679200002,544.0
55b3120cfdf99b6ef6263a71,4328.28787845,129.0
55b3120cfdf99b6ef6263a71,4328.28787845,108.0
55b3120cfdf99b6ef6263a71,4328.28787845,122.0
55b3120cfdf99b6ef6263a71,4328.28787845,138.0
55b3120cfdf99b6ef6263a71,4328.28787845,99.0
55b3120cfdf99b6ef6263a71,4328.28787845,135.0
55b3120cfdf99b6ef6263a71,4328.28787845,124.0
55b3120cfdf99b6ef6263a71,4328.28787845,117.0
55b3120cfdf99b6ef6263a71,4328.28787845,150.0
55b3120cfdf99b6ef6263a71,4328.28787845,85.0
55b3120cfdf99b6ef6263a71,4328.28787845,129.0
55b3120cfdf99b6ef6263a71,4328.28787845,100.0
63614ad9841a7d16ad04512a,739.3590792000001,153.0
63614ad9841a7d16ad04512a,739.3590792000001,120.0
63614ad9841a7d16ad04512a,739.3590792000001,180.0
63614ad9841a7d16ad04512a,739.3590792000001,125.0
63614ad9841a7d16ad04512a,739.3590792000001,110.0
63614ad9841a7d16ad04512a,739.3590792000001,120.0
63614ad9841a7d16ad04512a,739.3590792000001,166.0
63614ad9841a7d16ad04512a,739.3590792000001,189.0
63614ad9841a7d16ad04512a,739.3590792000001,130.0
63614ad9841a7d16ad04512a,739.3590792000001,110.0
63614ad9841a7d16ad04512a,739.3590792000001,77.0
63614ad9841a7d16ad04512a,739.3590792000001,231.0
639dd20ab47fd76a4fd9c2c0,2486.8968800000002,111.0
639dd20ab47fd76a4fd9c2c0,2486.8968800000002,158.0
639dd20ab47fd76a4fd9c2c0,2486.8968800000002,123.0
639dd20ab47fd76a4fd9c2c0,2486.8968800000002,166.0
639dd20ab47fd76a4fd9c2c0,2486.8968800000002,210.0
639dd20ab47fd76a4fd9c2c0,2486.8968800000002,235.0
639dd20ab47fd76a4fd9c2c0,2486.8968800000002,232.0
639dd20ab47fd76a4fd9c2c0,2486.8968800000002,183.0
639dd20ab47fd76a4fd9c2c0,2486.8968800000002,115.0
639dd20ab47fd76a4fd9c2c0,2486.8968800000002,149.0
639dd20ab47fd76a4fd9c2c0,2486.8968800000002,104.0
639dd20ab47fd76a4fd9c2c0,2486.8968800000002,123.0
631c8e97db06f601f81bd82f,1275.0404999999998,148.0
631c8e97db06f601f81bd82f,1275.0404999999998,267.0
631c8e97db06f601f81bd82f,1275.0404999999998,152.0
631c8e97db06f601f81bd82f,1275.0404999999998,184.0
631c8e97db06f601f81bd82f,1275.0404999999998,179.0
631c8e97db06f601f81bd82f,1275.0404999999998,210.0
631c8e97db06f601f81bd82f,1275.0404999999998,215.0
631c8e97db06f601f81bd82f,1275.0404999999998,213.0
631c8e97db06f601f81bd82f,1275.0404999999998,231.0
631c8e97db06f601f81bd82f,1275.0404999999998,138.0
631c8e97db06f601f81bd82f,1275.0404999999998,256.0
631c8e97db06f601f81bd82f,1275.0404999999998,214.0
600e13b23c75bc67ab184745,1674.1985,189.0
600e13b23c75bc67ab184745,1674.1985,140.0
600e13b23c75bc67ab184745,1674.1985,146.0
600e13b23c75bc67ab184745,1674.1985,174.0
600e13b23c75bc67ab184745,1674.1985,168.0
600e13b23c75bc67ab184745,1674.1985,276.0
600e13b23c75bc67ab184745,1674.1985,179.0
600e13b23c75bc67ab184745,1674.1985,191.0
600e13b23c75bc67ab184745,1674.1985,194.0
600e13b23c75bc67ab184745,1674.1985,116.0
600e13b23c75bc67ab184745,1674.1985,180.0
600e13b23c75bc67ab184745,1674.1985,240.0
5d22526f851927001e3a515a,57660.26213605001,510.0
5d22526f851927001e3a515a,57660.26213605001,392.0
5d22526f851927001e3a515a,57660.26213605001,385.0
5d22526f851927001e3a515a,57660.26213605001,320.0
5d22526f851927001e3a515a,57660.26213605001,502.0
5d22526f851927001e3a515a,57660.26213605001,650.0
5d22526f851927001e3a515a,57660.26213605001,425.0
5d22526f851927001e3a515a,57660.26213605001,550.0
5d22526f851927001e3a515a,57660.26213605001,581.0
5d22526f851927001e3a515a,57660.26213605001,460.0
5d22526f851927001e3a515a,57660.26213605001,570.0
5d22526f851927001e3a515a,57660.26213605001,390.0
67e436873d103045f4098a1a,32232.9271428,370.0
67e436873d103045f4098a1a,32232.9271428,450.0
67e436873d103045f4098a1a,32232.9271428,500.0
67e436873d103045f4098a1a,32232.9271428,470.0
67e436873d103045f4098a1a,32232.9271428,250.0
67e436873d103045f4098a1a,32232.9271428,550.0
67e436873d103045f4098a1a,32232.9271428,450.0
67e436873d103045f4098a1a,32232.9271428,600.0
67e436873d103045f4098a1a,32232.9271428,300.0
67e436873d103045f4098a1a,32232.9271428,310.0
67e436873d103045f4098a1a,32232.9271428,350.0
67e436873d103045f4098a1a,32232.9271428,220.0
672adb2909ca72744f212a7d,3314.5487466499994,109.0
672adb2909ca72744f212a7d,3314.5487466499994,143.0
672adb2909ca72744f212a7d,3314.5487466499994,106.0
672adb2909ca72744f212a7d,3314.5487466499994,118.0
672adb2909ca72744f212a7d,3314.5487466499994,106.0
672adb2909ca72744f212a7d,3314.5487466499994,112.0
672adb2909ca72744f212a7d,3314.5487466499994,150.0
672adb2909ca72744f212a7d,3314.5487466499994,106.0
672adb2909ca72744f212a7d,3314.5487466499994,161.0
672adb2909ca72744f212a7d,3314.5487466499994,125.0
672adb2909ca72744f212a7d,3314.5487466499994,118.0
672adb2909ca72744f212a7d,3314.5487466499994,130.0
66d4ec992f559095b16e43d3,5718.18472845,200.0
66d4ec992f559095b16e43d3,5718.18472845,191.0
66d4ec992f559095b16e43d3,5718.18472845,150.0
66d4ec992f559095b16e43d3,5718.18472845,140.0
66d4ec992f559095b16e43d3,5718.18472845,195.0
66d4ec992f559095b16e43d3,5718.18472845,136.0
66d4ec992f559095b16e43d3,5718.18472845,170.0
66d4ec992f559095b16e43d3,5718.18472845,135.0
66d4ec992f559095b16e43d3,5718.18472845,174.0
66d4ec992f559095b16e43d3,5718.18472845,340.0
66d4ec992f559095b16e43d3,5718.18472845,305.0
66d4ec992f559095b16e43d3,5718.18472845,221.0
5a9c8551f053610001720820,12200.823625,139.0
5a9c8551f053610001720820,12200.823625,270.0
5a9c8551f053610001720820,12200.823625,156.0
5a9c8551f053610001720820,12200.823625,157.0
5a9c8551f053610001720820,12200.823625,560.0
5a9c8551f053610001720820,12200.823625,129.0
5a9c8551f053610001720820,12200.823625,154.0
5a9c8551f053610001720820,12200.823625,159.0
5a9c8551f053610001720820,12200.823625,496.0
5a9c8551f053610001720820,12200.823625,509.0
5a9c8551f053610001720820,12200.823625,97.0
5a9c8551f053610001720820,12200.823625,206.0
67e1b5d6ac40666483762edd,2112.2,151.0
67e1b5d6ac40666483762edd,2112.2,153.0
67e1b5d6ac40666483762edd,2112.2,37.0
67e1b5d6ac40666483762edd,2112.2,176.0
67e1b5d6ac40666483762edd,2112.2,180.0
67e1b5d6ac40666483762edd,2112.2,182.0
67e1b5d6ac40666483762edd,2112.2,166.0
67e1b5d6ac40666483762edd,2112.2,88.0
67e1b5d6ac40666483762edd,2112.2,200.0
67e1b5d6ac40666483762edd,2112.2,77.0
67e1b5d6ac40666483762edd,2112.2,206.0
67e1b5d6ac40666483762edd,2112.2,190.0
62162ab583fc823e78c025e2,497.08507919999994,181.0
62162ab583fc823e78c025e2,497.08507919999994,116.0
62162ab583fc823e78c025e2,497.08507919999994,123.0
62162ab583fc823e78c025e2,497.08507919999994,141.0
62162ab583fc823e78c025e2,497.08507919999994,144.0
62162ab583fc823e78c025e2,497.08507919999994,149.0
62162ab583fc823e78c025e2,497.08507919999994,212.0
62162ab583fc823e78c025e2,497.08507919999994,269.0
62162ab583fc823e78c025e2,497.08507919999994,181.0
62162ab583fc823e78c025e2,497.08507919999994,189.0
62162ab583fc823e78c025e2,497.08507919999994,93.0
62162ab583fc823e78c025e2,497.08507919999994,292.0
63474e67a5fd298c6103c409,2073.1,140.0
63474e67a5fd298c6103c409,2073.1,180.0
63474e67a5fd298c6103c409,2073.1,135.0
63474e67a5fd298c6103c409,2073.1,150.0
63474e67a5fd298c6103c409,2073.1,294.0
63474e67a5fd298c6103c409,2073.1,166.0
63474e67a5fd298c6103c409,2073.1,121.0
63474e67a5fd298c6103c409,2073.1,178.0
63474e67a5fd298c6103c409,2073.1,231.0
63474e67a5fd298c6103c409,2073.1,179.0
63474e67a5fd298c6103c409,2073.1,440.0
63474e67a5fd298c6103c409,2073.1,216.0
67e5969d6dc49d614db50593,1205.563625,122.0
67e5969d6dc49d614db50593,1205.563625,170.0
67e5969d6dc49d614db50593,1205.563625,180.0
67e5969d6dc49d614db50593,1205.563625,190.0
67e5969d6dc49d614db50593,1205.563625,290.0
67e5969d6dc49d614db50593,1205.563625,150.0
67e5969d6dc49d614db50593,1205.563625,200.0
67e5969d6dc49d614db50593,1205.563625,185.0
67e5969d6dc49d614db50593,1205.563625,250.0
67e5969d6dc49d614db50593,1205.563625,230.0
67e5969d6dc49d614db50593,1205.563625,170.0
67e5969d6dc49d614db50593,1205.563625,200.0
67d6ffe7dad4354b208e186d,6391.46734505,270.0
67d6ffe7dad4354b208e186d,6391.46734505,228.0
67d6ffe7dad4354b208e186d,6391.46734505,291.0
67d6ffe7dad4354b208e186d,6391.46734505,223.0
67d6ffe7dad4354b208e186d,6391.46734505,191.0
67d6ffe7dad4354b208e186d,6391.46734505,160.0
67d6ffe7dad4354b208e186d,6391.46734505,203.0
67d6ffe7dad4354b208e186d,6391.46734505,372.0
67d6ffe7dad4354b208e186d,6391.46734505,259.0
67d6ffe7dad4354b208e186d,6391.46734505,183.0
67d6ffe7dad4354b208e186d,6391.46734505,403.0
67d6ffe7dad4354b208e186d,6391.46734505,247.0
67db5618164a0fc0678e84d6,82814.8174792,553.0
67db5618164a0fc0678e84d6,82814.8174792,538.0
67db5618164a0fc0678e84d6,82814.8174792,612.0
67db5618164a0fc0678e84d6,82814.8174792,549.0
67db5618164a0fc0678e84d6,82814.8174792,517.0
67db5618164a0fc0678e84d6,82814.8174792,518.0
67db5618164a0fc0678e84d6,82814.8174792,392.0
67db5618164a0fc0678e84d6,82814.8174792,461.0
67db5618164a0fc0678e84d6,82814.8174792,488.0
67db5618164a0fc0678e84d6,82814.8174792,370.0
67db5618164a0fc0678e84d6,82814.8174792,675.0
67db5618164a0fc0678e84d6,82814.8174792,540.0
66f578343a3ef5afed111fb9,4364.39751125,185.0
66f578343a3ef5afed111fb9,4364.39751125,82.0
66f578343a3ef5afed111fb9,4364.39751125,138.0
66f578343a3ef5afed111fb9,4364.39751125,92.0
66f578343a3ef5afed111fb9,4364.39751125,115.0
66f578343a3ef5afed111fb9,4364.39751125,69.0
66f578343a3ef5afed111fb9,4364.39751125,104.0
66f578343a3ef5afed111fb9,4364.39751125,86.0
66f578343a3ef5afed111fb9,4364.39751125,108.0
66f578343a3ef5afed111fb9,4364.39751125,38.0
66f578343a3ef5afed111fb9,4364.39751125,94.0
66f578343a3ef5afed111fb9,4364.39751125,61.0
67d981d96654700291d406af,882.9385,184.0
67d981d96654700291d406af,882.9385,145.0
67d981d96654700291d406af,882.9385,135.0
67d981d96654700291d406af,882.9385,130.0
67d981d96654700291d406af,882.9385,131.0
67d981d96654700291d406af,882.9385,285.0
67d981d96654700291d406af,882.9385,175.0
67d981d96654700291d406af,882.9385,220.0
67d981d96654700291d406af,882.9385,235.0
67d981d96654700291d406af,882.9385,150.0
67d981d96654700291d406af,882.9385,240.0
67d981d96654700291d406af,882.9385,266.0
66003d4027f04e51b0dc377f,2979.17684665,200.0
66003d4027f04e51b0dc377f,2979.17684665,161.0
66003d4027f04e51b0dc377f,2979.17684665,175.0
66003d4027f04e51b0dc377f,2979.17684665,102.0
66003d4027f04e51b0dc377f,2979.17684665,125.0
66003d4027f04e51b0dc377f,2979.17684665,107.0
66003d4027f04e51b0dc377f,2979.17684665,200.0
66003d4027f04e51b0dc377f,2979.17684665,176.0
66003d4027f04e51b0dc377f,2979.17684665,270.0
66003d4027f04e51b0dc377f,2979.17684665,301.0
66003d4027f04e51b0dc377f,2979.17684665,230.0
66003d4027f04e51b0dc377f,2979.17684665,265.0
67cb6aa625a475b2518906c5,33120.758499999996,251.0
67cb6aa625a475b2518906c5,33120.758499999996,400.0
67cb6aa625a475b2518906c5,33120.758499999996,220.0
67cb6aa625a475b2518906c5,33120.758499999996,191.0
67cb6aa625a475b2518906c5,33120.758499999996,353.0
67cb6aa625a475b2518906c5,33120.758499999996,501.0
67cb6aa625a475b2518906c5,33120.758499999996,465.0
67cb6aa625a475b2518906c5,33120.758499999996,455.0
67cb6aa625a475b2518906c5,33120.758499999996,604.0
67cb6aa625a475b2518906c5,33120.758499999996,232.0
67cb6aa625a475b2518906c5,33120.758499999996,625.0
67cb6aa625a475b2518906c5,33120.758499999996,400.0
64a2be5c2053c3002cf8bbfc,7886.5,245.0
64a2be5c2053c3002cf8bbfc,7886.5,266.0
64a2be5c2053c3002cf8bbfc,7886.5,475.0
64a2be5c2053c3002cf8bbfc,7886.5,140.0
64a2be5c2053c3002cf8bbfc,7886.5,217.0
64a2be5c2053c3002cf8bbfc,7886.5,157.0
64a2be5c2053c3002cf8bbfc,7886.5,141.0
64a2be5c2053c3002cf8bbfc,7886.5,185.0
64a2be5c2053c3002cf8bbfc,7886.5,261.0
64a2be5c2053c3002cf8bbfc,7886.5,140.0
64a2be5c2053c3002cf8bbfc,7886.5,285.0
64a2be5c2053c3002cf8bbfc,7886.5,202.0
67f049317779f9393f8b4dda,2562.818505,140.0
67f049317779f9393f8b4dda,2562.818505,110.0
67f049317779f9393f8b4dda,2562.818505,115.0
67f049317779f9393f8b4dda,2562.818505,120.0
67f049317779f9393f8b4dda,2562.818505,220.0
67f049317779f9393f8b4dda,2562.818505,215.0
67f049317779f9393f8b4dda,2562.818505,135.0
67f049317779f9393f8b4dda,2562.818505,20.0
67f049317779f9393f8b4dda,2562.818505,18.0
67f049317779f9393f8b4dda,2562.818505,220.0
67f049317779f9393f8b4dda,2562.818505,240.0
67f049317779f9393f8b4dda,2562.818505,180.0
6676fab6295042ff191ead64,792.04627845,245.0
6676fab6295042ff191ead64,792.04627845,230.0
6676fab6295042ff191ead64,792.04627845,190.0
6676fab6295042ff191ead64,792.04627845,260.0
6676fab6295042ff191ead64,792.04627845,140.0
6676fab6295042ff191ead64,792.04627845,195.0
6676fab6295042ff191ead64,792.04627845,170.0
6676fab6295042ff191ead64,792.04627845,150.0
6676fab6295042ff191ead64,792.04627845,170.0
6676fab6295042ff191ead64,792.04627845,175.0
6676fab6295042ff191ead64,792.04627845,160.0
6676fab6295042ff191ead64,792.04627845,160.0
63e7f2a754618d35c2b61ba5,13452.618625,276.0
63e7f2a754618d35c2b61ba5,13452.618625,244.0
63e7f2a754618d35c2b61ba5,13452.618625,299.0
63e7f2a754618d35c2b61ba5,13452.618625,354.0
63e7f2a754618d35c2b61ba5,13452.618625,385.0
63e7f2a754618d35c2b61ba5,13452.618625,202.0
63e7f2a754618d35c2b61ba5,13452.618625,337.0
63e7f2a754618d35c2b61ba5,13452.618625,294.0
63e7f2a754618d35c2b61ba5,13452.618625,402.0
63e7f2a754618d35c2b61ba5,13452.618625,483.0
63e7f2a754618d35c2b61ba5,13452.618625,182.0
63e7f2a754618d35c2b61ba5,13452.618625,386.0
67faf61829e07433820ec62d,3969.73377845,225.0
67faf61829e07433820ec62d,3969.73377845,202.0
67faf61829e07433820ec62d,3969.73377845,315.0
67faf61829e07433820ec62d,3969.73377845,275.0
67faf61829e07433820ec62d,3969.73377845,230.0
67faf61829e07433820ec62d,3969.73377845,199.0
67faf61829e07433820ec62d,3969.73377845,260.0
67faf61829e07433820ec62d,3969.73377845,150.0
67faf61829e07433820ec62d,3969.73377845,230.0
67faf61829e07433820ec62d,3969.73377845,248.0
67faf61829e07433820ec62d,3969.73377845,243.0
67faf61829e07433820ec62d,3969.73377845,215.0
67d1a4ff5d3cfa8ec4ff38fb,27900.3916925,390.0
67d1a4ff5d3cfa8ec4ff38fb,27900.3916925,600.0
67d1a4ff5d3cfa8ec4ff38fb,27900.3916925,236.0
67d1a4ff5d3cfa8ec4ff38fb,27900.3916925,335.0
67d1a4ff5d3cfa8ec4ff38fb,27900.3916925,610.0
67d1a4ff5d3cfa8ec4ff38fb,27900.3916925,384.0
67d1a4ff5d3cfa8ec4ff38fb,27900.3916925,236.0
67d1a4ff5d3cfa8ec4ff38fb,27900.3916925,236.0
67d1a4ff5d3cfa8ec4ff38fb,27900.3916925,310.0
67d1a4ff5d3cfa8ec4ff38fb,27900.3916925,700.0
67d1a4ff5d3cfa8ec4ff38fb,27900.3916925,161.0
67d1a4ff5d3cfa8ec4ff38fb,27900.3916925,150.0
671860c903af514aabbacdc0,4831.200396499999,290.0
671860c903af514aabbacdc0,4831.200396499999,220.0
671860c903af514aabbacdc0,4831.200396499999,230.0
671860c903af514aabbacdc0,4831.200396499999,322.0
671860c903af514aabbacdc0,4831.200396499999,250.0
671860c903af514aabbacdc0,4831.200396499999,290.0
671860c903af514aabbacdc0,4831.200396499999,180.0
671860c903af514aabbacdc0,4831.200396499999,270.0
671860c903af514aabbacdc0,4831.200396499999,200.0
671860c903af514aabbacdc0,4831.200396499999,216.0
671860c903af514aabbacdc0,4831.200396499999,350.0
671860c903af514aabbacdc0,4831.200396499999,198.0
67dbbdb452081ea930c8ab17,2855.24684665,177.0
67dbbdb452081ea930c8ab17,2855.24684665,158.0
67dbbdb452081ea930c8ab17,2855.24684665,171.0
67dbbdb452081ea930c8ab17,2855.24684665,197.0
67dbbdb452081ea930c8ab17,2855.24684665,153.0
67dbbdb452081ea930c8ab17,2855.24684665,185.0
67dbbdb452081ea930c8ab17,2855.24684665,173.0
67dbbdb452081ea930c8ab17,2855.24684665,188.0
67dbbdb452081ea930c8ab17,2855.24684665,194.0
67dbbdb452081ea930c8ab17,2855.24684665,222.0
67dbbdb452081ea930c8ab17,2855.24684665,187.0
67dbbdb452081ea930c8ab17,2855.24684665,181.0
6646d66dff946ef256719adf,10565.953625,219.0
6646d66dff946ef256719adf,10565.953625,250.0
6646d66dff946ef256719adf,10565.953625,349.0
6646d66dff946ef256719adf,10565.953625,239.0
6646d66dff946ef256719adf,10565.953625,399.0
6646d66dff946ef256719adf,10565.953625,219.0
6646d66dff946ef256719adf,10565.953625,236.0
6646d66dff946ef256719adf,10565.953625,396.0
6646d66dff946ef256719adf,10565.953625,429.0
6646d66dff946ef256719adf,10565.953625,448.0
6646d66dff946ef256719adf,10565.953625,206.0
6646d66dff946ef256719adf,10565.953625,295.0
62d43cee3d60ac98c1dcacc8,22574.723,130.0
62d43cee3d60ac98c1dcacc8,22574.723,170.0
62d43cee3d60ac98c1dcacc8,22574.723,200.0
62d43cee3d60ac98c1dcacc8,22574.723,225.0
62d43cee3d60ac98c1dcacc8,22574.723,140.0
62d43cee3d60ac98c1dcacc8,22574.723,150.0
62d43cee3d60ac98c1dcacc8,22574.723,700.0
62d43cee3d60ac98c1dcacc8,22574.723,145.0
62d43cee3d60ac98c1dcacc8,22574.723,250.0
62d43cee3d60ac98c1dcacc8,22574.723,200.0
62d43cee3d60ac98c1dcacc8,22574.723,150.0
62d43cee3d60ac98c1dcacc8,22574.723,160.0
67ba6db5e3ccb0154022d04f,1658.6312784499999,400.0
67ba6db5e3ccb0154022d04f,1658.6312784499999,220.0
67ba6db5e3ccb0154022d04f,1658.6312784499999,140.0
67ba6db5e3ccb0154022d04f,1658.6312784499999,315.0
67ba6db5e3ccb0154022d04f,1658.6312784499999,125.0
67ba6db5e3ccb0154022d04f,1658.6312784499999,161.0
67ba6db5e3ccb0154022d04f,1658.6312784499999,116.0
67ba6db5e3ccb0154022d04f,1658.6312784499999,122.0
67ba6db5e3ccb0154022d04f,1658.6312784499999,216.0
67ba6db5e3ccb0154022d04f,1658.6312784499999,174.0
67ba6db5e3ccb0154022d04f,1658.6312784499999,240.0
67ba6db5e3ccb0154022d04f,1658.6312784499999,144.0
67e8f6f711c66d4bdacf0470,3660.44592845,403.0
67e8f6f711c66d4bdacf0470,3660.44592845,144.0
67e8f6f711c66d4bdacf0470,3660.44592845,129.0
67e8f6f711c66d4bdacf0470,3660.44592845,175.0
67e8f6f711c66d4bdacf0470,3660.44592845,619.0
67e8f6f711c66d4bdacf0470,3660.44592845,169.0
67e8f6f711c66d4bdacf0470,3660.44592845,154.0
67e8f6f711c66d4bdacf0470,3660.44592845,131.0
67e8f6f711c66d4bdacf0470,3660.44592845,187.0
67e8f6f711c66d4bdacf0470,3660.44592845,228.0
67e8f6f711c66d4bdacf0470,3660.44592845,225.0
67e8f6f711c66d4bdacf0470,3660.44592845,167.0
67ccf7fbbe84c977587b8b53,2224.7965394499997,170.0
67ccf7fbbe84c977587b8b53,2224.7965394499997,164.0
67ccf7fbbe84c977587b8b53,2224.7965394499997,229.0
67ccf7fbbe84c977587b8b53,2224.7965394499997,185.0
67ccf7fbbe84c977587b8b53,2224.7965394499997,164.0
67ccf7fbbe84c977587b8b53,2224.7965394499997,217.0
67ccf7fbbe84c977587b8b53,2224.7965394499997,172.0
67ccf7fbbe84c977587b8b53,2224.7965394499997,176.0
67ccf7fbbe84c977587b8b53,2224.7965394499997,136.0
67ccf7fbbe84c977587b8b53,2224.7965394499997,170.0
67ccf7fbbe84c977587b8b53,2224.7965394499997,119.0
67ccf7fbbe84c977587b8b53,2224.7965394499997,234.0
67ad0f30d4440be202f6124e,5268.79701845,186.0
67ad0f30d4440be202f6124e,5268.79701845,149.0
67ad0f30d4440be202f6124e,5268.79701845,146.0
67ad0f30d4440be202f6124e,5268.79701845,193.0
67ad0f30d4440be202f6124e,5268.79701845,232.0
67ad0f30d4440be202f6124e,5268.79701845,213.0
67ad0f30d4440be202f6124e,5268.79701845,278.0
67ad0f30d4440be202f6124e,5268.79701845,298.0
67ad0f30d4440be202f6124e,5268.79701845,150.0
67ad0f30d4440be202f6124e,5268.79701845,220.0
67ad0f30d4440be202f6124e,5268.79701845,165.0
67ad0f30d4440be202f6124e,5268.79701845,383.0
67d3695629e35e34aff57336,1722.638625,171.0
67d3695629e35e34aff57336,1722.638625,250.0
67d3695629e35e34aff57336,1722.638625,233.0
67d3695629e35e34aff57336,1722.638625,212.0
67d3695629e35e34aff57336,1722.638625,271.0
67d3695629e35e34aff57336,1722.638625,191.0
67d3695629e35e34aff57336,1722.638625,215.0
67d3695629e35e34aff57336,1722.638625,225.0
67d3695629e35e34aff57336,1722.638625,290.0
67d3695629e35e34aff57336,1722.638625,280.0
67d3695629e35e34aff57336,1722.638625,160.0
67d3695629e35e34aff57336,1722.638625,241.0
628f83dc5398c04bac86f9e6,3729.6665049999997,76.0
628f83dc5398c04bac86f9e6,3729.6665049999997,61.0
628f83dc5398c04bac86f9e6,3729.6665049999997,45.0
628f83dc5398c04bac86f9e6,3729.6665049999997,113.0
628f83dc5398c04bac86f9e6,3729.6665049999997,218.0
628f83dc5398c04bac86f9e6,3729.6665049999997,193.0
628f83dc5398c04bac86f9e6,3729.6665049999997,47.0
628f83dc5398c04bac86f9e6,3729.6665049999997,18.0
628f83dc5398c04bac86f9e6,3729.6665049999997,26.0
628f83dc5398c04bac86f9e6,3729.6665049999997,324.0
628f83dc5398c04bac86f9e6,3729.6665049999997,239.0
628f83dc5398c04bac86f9e6,3729.6665049999997,79.0
643bd22e67aeded15060e447,65146.3498965,541.0
643bd22e67aeded15060e447,65146.3498965,522.0
643bd22e67aeded15060e447,65146.3498965,486.0
643bd22e67aeded15060e447,65146.3498965,640.0
643bd22e67aeded15060e447,65146.3498965,421.0
643bd22e67aeded15060e447,65146.3498965,512.0
643bd22e67aeded15060e447,65146.3498965,394.0
643bd22e67aeded15060e447,65146.3498965,496.0
643bd22e67aeded15060e447,65146.3498965,461.0
643bd22e67aeded15060e447,65146.3498965,442.0
643bd22e67aeded15060e447,65146.3498965,603.0
643bd22e67aeded15060e447,65146.3498965,395.0
67ece80349d97aa43c0f3e09,718.6046965,213.0
67ece80349d97aa43c0f3e09,718.6046965,162.0
67ece80349d97aa43c0f3e09,718.6046965,173.0
67ece80349d97aa43c0f3e09,718.6046965,220.0
67ece80349d97aa43c0f3e09,718.6046965,195.0
67ece80349d97aa43c0f3e09,718.6046965,208.0
67ece80349d97aa43c0f3e09,718.6046965,161.0
67ece80349d97aa43c0f3e09,718.6046965,171.0
67ece80349d97aa43c0f3e09,718.6046965,161.0
67ece80349d97aa43c0f3e09,718.6046965,180.0
67ece80349d97aa43c0f3e09,718.6046965,235.0
67ece80349d97aa43c0f3e09,718.6046965,160.0
67a9fb88ef329322c230663a,10896.548439449998,313.0
67a9fb88ef329322c230663a,10896.548439449998,301.0
67a9fb88ef329322c230663a,10896.548439449998,180.0
67a9fb88ef329322c230663a,10896.548439449998,296.0
67a9fb88ef329322c230663a,10896.548439449998,291.0
67a9fb88ef329322c230663a,10896.548439449998,285.0
67a9fb88ef329322c230663a,10896.548439449998,251.0
67a9fb88ef329322c230663a,10896.548439449998,235.0
67a9fb88ef329322c230663a,10896.548439449998,222.0
67a9fb88ef329322c230663a,10896.548439449998,189.0
67a9fb88ef329322c230663a,10896.548439449998,266.0
67a9fb88ef329322c230663a,10896.548439449998,243.0
67e7078d3984a98d4358f330,2748.5854466499995,154.0
67e7078d3984a98d4358f330,2748.5854466499995,175.0
67e7078d3984a98d4358f330,2748.5854466499995,139.0
67e7078d3984a98d4358f330,2748.5854466499995,165.0
67e7078d3984a98d4358f330,2748.5854466499995,193.0
67e7078d3984a98d4358f330,2748.5854466499995,177.0
67e7078d3984a98d4358f330,2748.5854466499995,193.0
67e7078d3984a98d4358f330,2748.5854466499995,197.0
67e7078d3984a98d4358f330,2748.5854466499995,199.0
67e7078d3984a98d4358f330,2748.5854466499995,231.0
67e7078d3984a98d4358f330,2748.5854466499995,212.0
67e7078d3984a98d4358f330,2748.5854466499995,196.0
664287debe4750708ea0ecf7,11780.38551125,457.0
664287debe4750708ea0ecf7,11780.38551125,384.0
664287debe4750708ea0ecf7,11780.38551125,310.0
664287debe4750708ea0ecf7,11780.38551125,245.0
664287debe4750708ea0ecf7,11780.38551125,204.0
664287debe4750708ea0ecf7,11780.38551125,310.0
664287debe4750708ea0ecf7,11780.38551125,310.0
664287debe4750708ea0ecf7,11780.38551125,281.0
664287debe4750708ea0ecf7,11780.38551125,301.0
664287debe4750708ea0ecf7,11780.38551125,154.0
664287debe4750708ea0ecf7,11780.38551125,345.0
664287debe4750708ea0ecf7,11780.38551125,239.0
67793d951b246964638c7acf,1933.1349965000002,152.0
67793d951b246964638c7acf,1933.1349965000002,184.0
67793d951b246964638c7acf,1933.1349965000002,177.0
67793d951b246964638c7acf,1933.1349965000002,166.0
67793d951b246964638c7acf,1933.1349965000002,187.0
67793d951b246964638c7acf,1933.1349965000002,202.0
67793d951b246964638c7acf,1933.1349965000002,209.0
67793d951b246964638c7acf,1933.1349965000002,198.0
67793d951b246964638c7acf,1933.1349965000002,220.0
67793d951b246964638c7acf,1933.1349965000002,234.0
67793d951b246964638c7acf,1933.1349965000002,213.0
67793d951b246964638c7acf,1933.1349965000002,189.0
671724d63bb81e6f00449783,83797.0105428,529.0
671724d63bb81e6f00449783,83797.0105428,694.0
671724d63bb81e6f00449783,83797.0105428,545.0
671724d63bb81e6f00449783,83797.0105428,645.0
671724d63bb81e6f00449783,83797.0105428,477.0
671724d63bb81e6f00449783,83797.0105428,673.0
671724d63bb81e6f00449783,83797.0105428,684.0
671724d63bb81e6f00449783,83797.0105428,487.0
671724d63bb81e6f00449783,83797.0105428,570.0
671724d63bb81e6f00449783,83797.0105428,237.0
671724d63bb81e6f00449783,83797.0105428,228.0
671724d63bb81e6f00449783,83797.0105428,459.0
59f226a9d6380600018b2923,1509.4211428,165.0
59f226a9d6380600018b2923,1509.4211428,205.0
59f226a9d6380600018b2923,1509.4211428,225.0
59f226a9d6380600018b2923,1509.4211428,175.0
59f226a9d6380600018b2923,1509.4211428,135.0
59f226a9d6380600018b2923,1509.4211428,265.0
59f226a9d6380600018b2923,1509.4211428,182.0
59f226a9d6380600018b2923,1509.4211428,325.0
59f226a9d6380600018b2923,1509.4211428,267.0
59f226a9d6380600018b2923,1509.4211428,149.0
59f226a9d6380600018b2923,1509.4211428,219.0
59f226a9d6380600018b2923,1509.4211428,118.0
6578d3429b81c0b73ac4e719,25904.5953428,312.0
6578d3429b81c0b73ac4e719,25904.5953428,484.0
6578d3429b81c0b73ac4e719,25904.5953428,379.0
6578d3429b81c0b73ac4e719,25904.5953428,338.0
6578d3429b81c0b73ac4e719,25904.5953428,319.0
6578d3429b81c0b73ac4e719,25904.5953428,422.0
6578d3429b81c0b73ac4e719,25904.5953428,292.0
6578d3429b81c0b73ac4e719,25904.5953428,463.0
6578d3429b81c0b73ac4e719,25904.5953428,499.0
6578d3429b81c0b73ac4e719,25904.5953428,375.0
6578d3429b81c0b73ac4e719,25904.5953428,307.0
6578d3429b81c0b73ac4e719,25904.5953428,351.0
5a5daf4f8e6259000176209b,2445.338625,200.0
5a5daf4f8e6259000176209b,2445.338625,220.0
5a5daf4f8e6259000176209b,2445.338625,190.0
5a5daf4f8e6259000176209b,2445.338625,195.0
5a5daf4f8e6259000176209b,2445.338625,200.0
5a5daf4f8e6259000176209b,2445.338625,190.0
5a5daf4f8e6259000176209b,2445.338625,175.0
5a5daf4f8e6259000176209b,2445.338625,140.0
5a5daf4f8e6259000176209b,2445.338625,180.0
5a5daf4f8e6259000176209b,2445.338625,195.0
5a5daf4f8e6259000176209b,2445.338625,165.0
5a5daf4f8e6259000176209b,2445.338625,210.0
66e7853b4e311a12f93b5411,1327.4110792,192.0
66e7853b4e311a12f93b5411,1327.4110792,183.0
66e7853b4e311a12f93b5411,1327.4110792,241.0
66e7853b4e311a12f93b5411,1327.4110792,191.0
66e7853b4e311a12f93b5411,1327.4110792,150.0
66e7853b4e311a12f93b5411,1327.4110792,170.0
66e7853b4e311a12f93b5411,1327.4110792,217.0
66e7853b4e311a12f93b5411,1327.4110792,249.0
66e7853b4e311a12f93b5411,1327.4110792,138.0
66e7853b4e311a12f93b5411,1327.4110792,174.0
66e7853b4e311a12f93b5411,1327.4110792,112.0
66e7853b4e311a12f93b5411,1327.4110792,249.0
67ef3243f1e3a6b457d0d988,7495.4039965,200.0
67ef3243f1e3a6b457d0d988,7495.4039965,150.0
67ef3243f1e3a6b457d0d988,7495.4039965,185.0
67ef3243f1e3a6b457d0d988,7495.4039965,260.0
67ef3243f1e3a6b457d0d988,7495.4039965,204.0
67ef3243f1e3a6b457d0d988,7495.4039965,472.0
67ef3243f1e3a6b457d0d988,7495.4039965,279.0
67ef3243f1e3a6b457d0d988,7495.4039965,233.0
67ef3243f1e3a6b457d0d988,7495.4039965,336.0
67ef3243f1e3a6b457d0d988,7495.4039965,196.0
67ef3243f1e3a6b457d0d988,7495.4039965,237.0
67ef3243f1e3a6b457d0d988,7495.4039965,187.0
67b72792877d99ec2bab783a,696.7,150.0
67b72792877d99ec2bab783a,696.7,130.0
67b72792877d99ec2bab783a,696.7,140.0
67b72792877d99ec2bab783a,696.7,120.0
67b72792877d99ec2bab783a,696.7,230.0
67b72792877d99ec2bab783a,696.7,160.0
67b72792877d99ec2bab783a,696.7,110.0
67b72792877d99ec2bab783a,696.7,125.0
67b72792877d99ec2bab783a,696.7,190.0
67b72792877d99ec2bab783a,696.7,120.0
67b72792877d99ec2bab783a,696.7,241.0
67b72792877d99ec2bab783a,696.7,180.0
670e5e609d33ddb280fab011,2843.193,135.0
670e5e609d33ddb280fab011,2843.193,214.0
670e5e609d33ddb280fab011,2843.193,180.0
670e5e609d33ddb280fab011,2843.193,133.0
670e5e609d33ddb280fab011,2843.193,202.0
670e5e609d33ddb280fab011,2843.193,79.0
670e5e609d33ddb280fab011,2843.193,57.0
670e5e609d33ddb280fab011,2843.193,54.0
670e5e609d33ddb280fab011,2843.193,57.0
670e5e609d33ddb280fab011,2843.193,39.0
670e5e609d33ddb280fab011,2843.193,335.0
670e5e609d33ddb280fab011,2843.193,222.0
6691809035e52ca9b2b0f39a,4096.302142800001,95.0
6691809035e52ca9b2b0f39a,4096.302142800001,65.0
6691809035e52ca9b2b0f39a,4096.302142800001,90.0
6691809035e52ca9b2b0f39a,4096.302142800001,95.0
6691809035e52ca9b2b0f39a,4096.302142800001,75.0
6691809035e52ca9b2b0f39a,4096.302142800001,154.0
6691809035e52ca9b2b0f39a,4096.302142800001,131.0
6691809035e52ca9b2b0f39a,4096.302142800001,201.0
6691809035e52ca9b2b0f39a,4096.302142800001,130.0
6691809035e52ca9b2b0f39a,4096.302142800001,145.0
6691809035e52ca9b2b0f39a,4096.302142800001,130.0
6691809035e52ca9b2b0f39a,4096.302142800001,75.0
66a51549b5f9a9fdb5175121,16325.058625,231.0
66a51549b5f9a9fdb5175121,16325.058625,293.0
66a51549b5f9a9fdb5175121,16325.058625,308.0
66a51549b5f9a9fdb5175121,16325.058625,238.0
66a51549b5f9a9fdb5175121,16325.058625,403.0
66a51549b5f9a9fdb5175121,16325.058625,336.0
66a51549b5f9a9fdb5175121,16325.058625,293.0
66a51549b5f9a9fdb5175121,16325.058625,445.0
66a51549b5f9a9fdb5175121,16325.058625,541.0
66a51549b5f9a9fdb5175121,16325.058625,346.0
66a51549b5f9a9fdb5175121,16325.058625,237.0
66a51549b5f9a9fdb5175121,16325.058625,387.0
67c8d8517a18038170f399a6,43693.10501845,506.0
67c8d8517a18038170f399a6,43693.10501845,442.0
67c8d8517a18038170f399a6,43693.10501845,282.0
67c8d8517a18038170f399a6,43693.10501845,462.0
67c8d8517a18038170f399a6,43693.10501845,572.0
67c8d8517a18038170f399a6,43693.10501845,320.0
67c8d8517a18038170f399a6,43693.10501845,291.0
67c8d8517a18038170f399a6,43693.10501845,544.0
67c8d8517a18038170f399a6,43693.10501845,463.0
67c8d8517a18038170f399a6,43693.10501845,564.0
67c8d8517a18038170f399a6,43693.10501845,366.0
67c8d8517a18038170f399a6,43693.10501845,237.0
67deca008894a3f6e1736c52,122941.77284665001,593.0
67deca008894a3f6e1736c52,122941.77284665001,579.0
67deca008894a3f6e1736c52,122941.77284665001,673.0
67deca008894a3f6e1736c52,122941.77284665001,631.0
67deca008894a3f6e1736c52,122941.77284665001,631.0
67deca008894a3f6e1736c52,122941.77284665001,630.0
67deca008894a3f6e1736c52,122941.77284665001,562.0
67deca008894a3f6e1736c52,122941.77284665001,693.0
67deca008894a3f6e1736c52,122941.77284665001,487.0
67deca008894a3f6e1736c52,122941.77284665001,578.0
67deca008894a3f6e1736c52,122941.77284665001,597.0
67deca008894a3f6e1736c52,122941.77284665001,600.0
5fd0dc0d8dae67016ed65a54,14374.5685,244.0
5fd0dc0d8dae67016ed65a54,14374.5685,104.0
5fd0dc0d8dae67016ed65a54,14374.5685,328.0
5fd0dc0d8dae67016ed65a54,14374.5685,233.0
5fd0dc0d8dae67016ed65a54,14374.5685,334.0
5fd0dc0d8dae67016ed65a54,14374.5685,227.0
5fd0dc0d8dae67016ed65a54,14374.5685,384.0
5fd0dc0d8dae67016ed65a54,14374.5685,393.0
5fd0dc0d8dae67016ed65a54,14374.5685,242.0
5fd0dc0d8dae67016ed65a54,14374.5685,309.0
5fd0dc0d8dae67016ed65a54,14374.5685,234.0
5fd0dc0d8dae67016ed65a54,14374.5685,242.0
626976d0dfd20d6832fc92aa,10365.57187845,618.0
626976d0dfd20d6832fc92aa,10365.57187845,229.0
626976d0dfd20d6832fc92aa,10365.57187845,302.0
626976d0dfd20d6832fc92aa,10365.57187845,464.0
626976d0dfd20d6832fc92aa,10365.57187845,100.0
626976d0dfd20d6832fc92aa,10365.57187845,355.0
626976d0dfd20d6832fc92aa,10365.57187845,151.0
626976d0dfd20d6832fc92aa,10365.57187845,125.0
626976d0dfd20d6832fc92aa,10365.57187845,251.0
626976d0dfd20d6832fc92aa,10365.57187845,150.0
626976d0dfd20d6832fc92aa,10365.57187845,218.0
626976d0dfd20d6832fc92aa,10365.57187845,174.0
66a3abea74c055f942b59cd7,5167.432578450001,269.0
66a3abea74c055f942b59cd7,5167.432578450001,123.0
66a3abea74c055f942b59cd7,5167.432578450001,91.0
66a3abea74c055f942b59cd7,5167.432578450001,160.0
66a3abea74c055f942b59cd7,5167.432578450001,51.0
66a3abea74c055f942b59cd7,5167.432578450001,121.0
66a3abea74c055f942b59cd7,5167.432578450001,88.0
66a3abea74c055f942b59cd7,5167.432578450001,85.0
66a3abea74c055f942b59cd7,5167.432578450001,101.0
66a3abea74c055f942b59cd7,5167.432578450001,50.0
66a3abea74c055f942b59cd7,5167.432578450001,60.0
66a3abea74c055f942b59cd7,5167.432578450001,44.0
67f139e0a8c12321ab2d0b02,25635.8692562,500.0
67f139e0a8c12321ab2d0b02,25635.8692562,350.0
67f139e0a8c12321ab2d0b02,25635.8692562,450.0
67f139e0a8c12321ab2d0b02,25635.8692562,250.0
67f139e0a8c12321ab2d0b02,25635.8692562,600.0
67f139e0a8c12321ab2d0b02,25635.8692562,150.0
67f139e0a8c12321ab2d0b02,25635.8692562,600.0
67f139e0a8c12321ab2d0b02,25635.8692562,550.0
67f139e0a8c12321ab2d0b02,25635.8692562,200.0
67f139e0a8c12321ab2d0b02,25635.8692562,220.0
67f139e0a8c12321ab2d0b02,25635.8692562,337.0
67f139e0a8c12321ab2d0b02,25635.8692562,300.0
67d06b134e532d565d0ae78b,30499.92662845,455.0
67d06b134e532d565d0ae78b,30499.92662845,508.0
67d06b134e532d565d0ae78b,30499.92662845,503.0
67d06b134e532d565d0ae78b,30499.92662845,314.0
67d06b134e532d565d0ae78b,30499.92662845,308.0
67d06b134e532d565d0ae78b,30499.92662845,405.0
67d06b134e532d565d0ae78b,30499.92662845,307.0
67d06b134e532d565d0ae78b,30499.92662845,90.0
67d06b134e532d565d0ae78b,30499.92662845,30.0
67d06b134e532d565d0ae78b,30499.92662845,269.0
67d06b134e532d565d0ae78b,30499.92662845,136.0
67d06b134e532d565d0ae78b,30499.92662845,95.0
5dac4dad5e53cc001499f1f6,1469.38688,221.0
5dac4dad5e53cc001499f1f6,1469.38688,210.0
5dac4dad5e53cc001499f1f6,1469.38688,150.0
5dac4dad5e53cc001499f1f6,1469.38688,198.0
5dac4dad5e53cc001499f1f6,1469.38688,385.0
5dac4dad5e53cc001499f1f6,1469.38688,192.0
5dac4dad5e53cc001499f1f6,1469.38688,227.0
5dac4dad5e53cc001499f1f6,1469.38688,174.0
5dac4dad5e53cc001499f1f6,1469.38688,110.0
5dac4dad5e53cc001499f1f6,1469.38688,151.0
5dac4dad5e53cc001499f1f6,1469.38688,123.0
5dac4dad5e53cc001499f1f6,1469.38688,187.0
67eda7cef014b05ef5504c28,2160.39802845,285.0
67eda7cef014b05ef5504c28,2160.39802845,135.0
67eda7cef014b05ef5504c28,2160.39802845,49.0
67eda7cef014b05ef5504c28,2160.39802845,168.0
67eda7cef014b05ef5504c28,2160.39802845,386.0
67eda7cef014b05ef5504c28,2160.39802845,124.0
67eda7cef014b05ef5504c28,2160.39802845,98.0
67eda7cef014b05ef5504c28,2160.39802845,74.0
67eda7cef014b05ef5504c28,2160.39802845,122.0
67eda7cef014b05ef5504c28,2160.39802845,324.0
67eda7cef014b05ef5504c28,2160.39802845,289.0
67eda7cef014b05ef5504c28,2160.39802845,165.0
67c19e51ea82fd2624c0e545,2841.65834665,180.0
67c19e51ea82fd2624c0e545,2841.65834665,300.0
67c19e51ea82fd2624c0e545,2841.65834665,140.0
67c19e51ea82fd2624c0e545,2841.65834665,120.0
67c19e51ea82fd2624c0e545,2841.65834665,130.0
67c19e51ea82fd2624c0e545,2841.65834665,120.0
67c19e51ea82fd2624c0e545,2841.65834665,190.0
67c19e51ea82fd2624c0e545,2841.65834665,175.0
67c19e51ea82fd2624c0e545,2841.65834665,250.0
67c19e51ea82fd2624c0e545,2841.65834665,160.0
67c19e51ea82fd2624c0e545,2841.65834665,130.0
67c19e51ea82fd2624c0e545,2841.65834665,190.0
67e2fc25c0abdbccc12b9faa,32922.90513605,310.0
67e2fc25c0abdbccc12b9faa,32922.90513605,186.0
67e2fc25c0abdbccc12b9faa,32922.90513605,130.0
67e2fc25c0abdbccc12b9faa,32922.90513605,195.0
67e2fc25c0abdbccc12b9faa,32922.90513605,305.0
67e2fc25c0abdbccc12b9faa,32922.90513605,738.0
67e2fc25c0abdbccc12b9faa,32922.90513605,195.0
67e2fc25c0abdbccc12b9faa,32922.90513605,720.0
67e2fc25c0abdbccc12b9faa,32922.90513605,201.0
67e2fc25c0abdbccc12b9faa,32922.90513605,704.0
67e2fc25c0abdbccc12b9faa,32922.90513605,125.0
67e2fc25c0abdbccc12b9faa,32922.90513605,95.0
67fdea304e70cbd7904a0c98,17378.8351428,325.0
67fdea304e70cbd7904a0c98,17378.8351428,410.0
67fdea304e70cbd7904a0c98,17378.8351428,395.0
67fdea304e70cbd7904a0c98,17378.8351428,360.0
67fdea304e70cbd7904a0c98,17378.8351428,295.0
67fdea304e70cbd7904a0c98,17378.8351428,405.0
67fdea304e70cbd7904a0c98,17378.8351428,340.0
67fdea304e70cbd7904a0c98,17378.8351428,340.0
67fdea304e70cbd7904a0c98,17378.8351428,355.0
67fdea304e70cbd7904a0c98,17378.8351428,310.0
67fdea304e70cbd7904a0c98,17378.8351428,335.0
67fdea304e70cbd7904a0c98,17378.8351428,240.0
6527f153bea7b2d7c0d556e4,10985.734505,376.0
6527f153bea7b2d7c0d556e4,10985.734505,89.0
6527f153bea7b2d7c0d556e4,10985.734505,162.0
6527f153bea7b2d7c0d556e4,10985.734505,290.0
6527f153bea7b2d7c0d556e4,10985.734505,236.0
6527f153bea7b2d7c0d556e4,10985.734505,250.0
6527f153bea7b2d7c0d556e4,10985.734505,86.0
6527f153bea7b2d7c0d556e4,10985.734505,363.0
6527f153bea7b2d7c0d556e4,10985.734505,271.0
6527f153bea7b2d7c0d556e4,10985.734505,263.0
6527f153bea7b2d7c0d556e4,10985.734505,117.0
6527f153bea7b2d7c0d556e4,10985.734505,251.0
6772a5c5190112e5dcbf6394,135266.713,696.0
6772a5c5190112e5dcbf6394,135266.713,532.0
6772a5c5190112e5dcbf6394,135266.713,618.0
6772a5c5190112e5dcbf6394,135266.713,661.0
6772a5c5190112e5dcbf6394,135266.713,578.0
6772a5c5190112e5dcbf6394,135266.713,667.0
6772a5c5190112e5dcbf6394,135266.713,699.0
6772a5c5190112e5dcbf6394,135266.713,745.0
6772a5c5190112e5dcbf6394,135266.713,669.0
6772a5c5190112e5dcbf6394,135266.713,720.0
6772a5c5190112e5dcbf6394,135266.713,411.0
6772a5c5190112e5dcbf6394,135266.713,324.0
67b90bd2378d1b5a40b1ad60,2853.3981925000003,247.0
67b90bd2378d1b5a40b1ad60,2853.3981925000003,160.0
67b90bd2378d1b5a40b1ad60,2853.3981925000003,177.0
67b90bd2378d1b5a40b1ad60,2853.3981925000003,191.0
67b90bd2378d1b5a40b1ad60,2853.3981925000003,230.0
67b90bd2378d1b5a40b1ad60,2853.3981925000003,180.0
67b90bd2378d1b5a40b1ad60,2853.3981925000003,183.0
67b90bd2378d1b5a40b1ad60,2853.3981925000003,166.0
67b90bd2378d1b5a40b1ad60,2853.3981925000003,164.0
67b90bd2378d1b5a40b1ad60,2853.3981925000003,220.0
67b90bd2378d1b5a40b1ad60,2853.3981925000003,170.0
67b90bd2378d1b5a40b1ad60,2853.3981925000003,124.0
6630ec1ebe18d48a3cecb54e,2263.7824965,234.0
6630ec1ebe18d48a3cecb54e,2263.7824965,137.0
6630ec1ebe18d48a3cecb54e,2263.7824965,140.0
6630ec1ebe18d48a3cecb54e,2263.7824965,197.0
6630ec1ebe18d48a3cecb54e,2263.7824965,103.0
6630ec1ebe18d48a3cecb54e,2263.7824965,310.0
6630ec1ebe18d48a3cecb54e,2263.7824965,182.0
6630ec1ebe18d48a3cecb54e,2263.7824965,136.0
6630ec1ebe18d48a3cecb54e,2263.7824965,284.0
6630ec1ebe18d48a3cecb54e,2263.7824965,227.0
6630ec1ebe18d48a3cecb54e,2263.7824965,204.0
6630ec1ebe18d48a3cecb54e,2263.7824965,92.0
681cf5faedbc18818401a95b,28320.229192500003,199.0
681cf5faedbc18818401a95b,28320.229192500003,391.0
681cf5faedbc18818401a95b,28320.229192500003,270.0
681cf5faedbc18818401a95b,28320.229192500003,380.0
681cf5faedbc18818401a95b,28320.229192500003,500.0
681cf5faedbc18818401a95b,28320.229192500003,342.0
681cf5faedbc18818401a95b,28320.229192500003,250.0
681cf5faedbc18818401a95b,28320.229192500003,425.0
681cf5faedbc18818401a95b,28320.229192500003,511.0
681cf5faedbc18818401a95b,28320.229192500003,280.0
681cf5faedbc18818401a95b,28320.229192500003,428.0
681cf5faedbc18818401a95b,28320.229192500003,337.0
67d9ef972bfc2e77450362b5,1936.52088,150.0
67d9ef972bfc2e77450362b5,1936.52088,210.0
67d9ef972bfc2e77450362b5,1936.52088,165.0
67d9ef972bfc2e77450362b5,1936.52088,164.0
67d9ef972bfc2e77450362b5,1936.52088,214.0
67d9ef972bfc2e77450362b5,1936.52088,221.0
67d9ef972bfc2e77450362b5,1936.52088,231.0
67d9ef972bfc2e77450362b5,1936.52088,149.0
67d9ef972bfc2e77450362b5,1936.52088,49.0
67d9ef972bfc2e77450362b5,1936.52088,92.0
67d9ef972bfc2e77450362b5,1936.52088,110.0
67d9ef972bfc2e77450362b5,1936.52088,119.0
67722f8e3a4f08a288a1f640,5822.89957845,397.0
67722f8e3a4f08a288a1f640,5822.89957845,266.0
67722f8e3a4f08a288a1f640,5822.89957845,181.0
67722f8e3a4f08a288a1f640,5822.89957845,529.0
67722f8e3a4f08a288a1f640,5822.89957845,185.0
67722f8e3a4f08a288a1f640,5822.89957845,263.0
67722f8e3a4f08a288a1f640,5822.89957845,191.0
67722f8e3a4f08a288a1f640,5822.89957845,197.0
67722f8e3a4f08a288a1f640,5822.89957845,258.0
67722f8e3a4f08a288a1f640,5822.89957845,187.0
67722f8e3a4f08a288a1f640,5822.89957845,344.0
67722f8e3a4f08a288a1f640,5822.89957845,244.0
67b816f474ae7757b2ae4f4f,4012.11361845,165.0
67b816f474ae7757b2ae4f4f,4012.11361845,170.0
67b816f474ae7757b2ae4f4f,4012.11361845,130.0
67b816f474ae7757b2ae4f4f,4012.11361845,125.0
67b816f474ae7757b2ae4f4f,4012.11361845,250.0
67b816f474ae7757b2ae4f4f,4012.11361845,140.0
67b816f474ae7757b2ae4f4f,4012.11361845,120.0
67b816f474ae7757b2ae4f4f,4012.11361845,300.0
67b816f474ae7757b2ae4f4f,4012.11361845,175.0
67b816f474ae7757b2ae4f4f,4012.11361845,200.0
67b816f474ae7757b2ae4f4f,4012.11361845,240.0
67b816f474ae7757b2ae4f4f,4012.11361845,400.0
643466ccb8e9bb0350af3cbb,1880.5535049999999,190.0
643466ccb8e9bb0350af3cbb,1880.5535049999999,95.0
643466ccb8e9bb0350af3cbb,1880.5535049999999,93.0
643466ccb8e9bb0350af3cbb,1880.5535049999999,260.0
643466ccb8e9bb0350af3cbb,1880.5535049999999,205.0
643466ccb8e9bb0350af3cbb,1880.5535049999999,175.0
643466ccb8e9bb0350af3cbb,1880.5535049999999,85.0
643466ccb8e9bb0350af3cbb,1880.5535049999999,70.0
643466ccb8e9bb0350af3cbb,1880.5535049999999,77.0
643466ccb8e9bb0350af3cbb,1880.5535049999999,300.0
643466ccb8e9bb0350af3cbb,1880.5535049999999,186.0
643466ccb8e9bb0350af3cbb,1880.5535049999999,90.0
67d8af55d7ecd9e850a93ca8,104177.65849999999,580.0
67d8af55d7ecd9e850a93ca8,104177.65849999999,611.0
67d8af55d7ecd9e850a93ca8,104177.65849999999,604.0
67d8af55d7ecd9e850a93ca8,104177.65849999999,636.0
67d8af55d7ecd9e850a93ca8,104177.65849999999,585.0
67d8af55d7ecd9e850a93ca8,104177.65849999999,662.0
67d8af55d7ecd9e850a93ca8,104177.65849999999,562.0
67d8af55d7ecd9e850a93ca8,104177.65849999999,588.0
67d8af55d7ecd9e850a93ca8,104177.65849999999,272.0
67d8af55d7ecd9e850a93ca8,104177.65849999999,581.0
67d8af55d7ecd9e850a93ca8,104177.65849999999,605.0
67d8af55d7ecd9e850a93ca8,104177.65849999999,577.0
67cf70ec9741a100ffc7f570,2532.12043945,236.0
67cf70ec9741a100ffc7f570,2532.12043945,161.0
67cf70ec9741a100ffc7f570,2532.12043945,161.0
67cf70ec9741a100ffc7f570,2532.12043945,236.0
67cf70ec9741a100ffc7f570,2532.12043945,163.0
67cf70ec9741a100ffc7f570,2532.12043945,262.0
67cf70ec9741a100ffc7f570,2532.12043945,181.0
67cf70ec9741a100ffc7f570,2532.12043945,173.0
67cf70ec9741a100ffc7f570,2532.12043945,131.0
67cf70ec9741a100ffc7f570,2532.12043945,98.0
67cf70ec9741a100ffc7f570,2532.12043945,216.0
67cf70ec9741a100ffc7f570,2532.12043945,175.0
6133a95623ae6ddc6ee4d53f,5513.4,171.0
6133a95623ae6ddc6ee4d53f,5513.4,175.0
6133a95623ae6ddc6ee4d53f,5513.4,315.0
6133a95623ae6ddc6ee4d53f,5513.4,103.0
6133a95623ae6ddc6ee4d53f,5513.4,443.0
6133a95623ae6ddc6ee4d53f,5513.4,231.0
6133a95623ae6ddc6ee4d53f,5513.4,138.0
6133a95623ae6ddc6ee4d53f,5513.4,196.0
6133a95623ae6ddc6ee4d53f,5513.4,263.0
6133a95623ae6ddc6ee4d53f,5513.4,141.0
6133a95623ae6ddc6ee4d53f,5513.4,411.0
6133a95623ae6ddc6ee4d53f,5513.4,286.0
5ed9c3054268815691ed0e2c,11540.614505,316.0
5ed9c3054268815691ed0e2c,11540.614505,254.0
5ed9c3054268815691ed0e2c,11540.614505,330.0
5ed9c3054268815691ed0e2c,11540.614505,402.0
5ed9c3054268815691ed0e2c,11540.614505,366.0
5ed9c3054268815691ed0e2c,11540.614505,316.0
5ed9c3054268815691ed0e2c,11540.614505,258.0
5ed9c3054268815691ed0e2c,11540.614505,192.0
5ed9c3054268815691ed0e2c,11540.614505,206.0
5ed9c3054268815691ed0e2c,11540.614505,414.0
5ed9c3054268815691ed0e2c,11540.614505,463.0
5ed9c3054268815691ed0e2c,11540.614505,246.0
67352ce06354a65a2a47a063,4086.2990562000005,120.0
67352ce06354a65a2a47a063,4086.2990562000005,181.0
67352ce06354a65a2a47a063,4086.2990562000005,204.0
67352ce06354a65a2a47a063,4086.2990562000005,115.0
67352ce06354a65a2a47a063,4086.2990562000005,236.0
67352ce06354a65a2a47a063,4086.2990562000005,134.0
67352ce06354a65a2a47a063,4086.2990562000005,284.0
67352ce06354a65a2a47a063,4086.2990562000005,236.0
67352ce06354a65a2a47a063,4086.2990562000005,127.0
67352ce06354a65a2a47a063,4086.2990562000005,155.0
67352ce06354a65a2a47a063,4086.2990562000005,103.0
67352ce06354a65a2a47a063,4086.2990562000005,106.0
681c94161f7c9b814e954108,40101.0485,461.0
681c94161f7c9b814e954108,40101.0485,311.0
681c94161f7c9b814e954108,40101.0485,336.0
681c94161f7c9b814e954108,40101.0485,279.0
681c94161f7c9b814e954108,40101.0485,336.0
681c94161f7c9b814e954108,40101.0485,615.0
681c94161f7c9b814e954108,40101.0485,458.0
681c94161f7c9b814e954108,40101.0485,495.0
681c94161f7c9b814e954108,40101.0485,470.0
681c94161f7c9b814e954108,40101.0485,310.0
681c94161f7c9b814e954108,40101.0485,458.0
681c94161f7c9b814e954108,40101.0485,607.0
5c6a36214fbf270001311702,9423.920880000001,310.0
5c6a36214fbf270001311702,9423.920880000001,290.0
5c6a36214fbf270001311702,9423.920880000001,225.0
5c6a36214fbf270001311702,9423.920880000001,195.0
5c6a36214fbf270001311702,9423.920880000001,315.0
5c6a36214fbf270001311702,9423.920880000001,240.0
5c6a36214fbf270001311702,9423.920880000001,245.0
5c6a36214fbf270001311702,9423.920880000001,240.0
5c6a36214fbf270001311702,9423.920880000001,280.0
5c6a36214fbf270001311702,9423.920880000001,295.0
5c6a36214fbf270001311702,9423.920880000001,275.0
5c6a36214fbf270001311702,9423.920880000001,255.0
67e18df3adc77c0702ba396b,8233.5005,185.0
67e18df3adc77c0702ba396b,8233.5005,200.0
67e18df3adc77c0702ba396b,8233.5005,200.0
67e18df3adc77c0702ba396b,8233.5005,196.0
67e18df3adc77c0702ba396b,8233.5005,185.0
67e18df3adc77c0702ba396b,8233.5005,244.0
67e18df3adc77c0702ba396b,8233.5005,225.0
67e18df3adc77c0702ba396b,8233.5005,260.0
67e18df3adc77c0702ba396b,8233.5005,249.0
67e18df3adc77c0702ba396b,8233.5005,170.0
67e18df3adc77c0702ba396b,8233.5005,500.0
67e18df3adc77c0702ba396b,8233.5005,399.0
67d1d3ffb1662a82e5e93fb4,26576.683496499998,725.0
67d1d3ffb1662a82e5e93fb4,26576.683496499998,121.0
67d1d3ffb1662a82e5e93fb4,26576.683496499998,126.0
67d1d3ffb1662a82e5e93fb4,26576.683496499998,160.0
67d1d3ffb1662a82e5e93fb4,26576.683496499998,25.0
67d1d3ffb1662a82e5e93fb4,26576.683496499998,745.0
67d1d3ffb1662a82e5e93fb4,26576.683496499998,167.0
67d1d3ffb1662a82e5e93fb4,26576.683496499998,131.0
67d1d3ffb1662a82e5e93fb4,26576.683496499998,213.0
67d1d3ffb1662a82e5e93fb4,26576.683496499998,213.0
67d1d3ffb1662a82e5e93fb4,26576.683496499998,166.0
67d1d3ffb1662a82e5e93fb4,26576.683496499998,40.0
67a39443b17344848a861c0f,4076.0105284499996,250.0
67a39443b17344848a861c0f,4076.0105284499996,161.0
67a39443b17344848a861c0f,4076.0105284499996,145.0
67a39443b17344848a861c0f,4076.0105284499996,135.0
67a39443b17344848a861c0f,4076.0105284499996,261.0
67a39443b17344848a861c0f,4076.0105284499996,160.0
67a39443b17344848a861c0f,4076.0105284499996,134.0
67a39443b17344848a861c0f,4076.0105284499996,123.0
67a39443b17344848a861c0f,4076.0105284499996,212.0
67a39443b17344848a861c0f,4076.0105284499996,228.0
67a39443b17344848a861c0f,4076.0105284499996,281.0
67a39443b17344848a861c0f,4076.0105284499996,319.0
66d9869a4e9051cdf5d16fa3,1898.2305000000001,145.0
66d9869a4e9051cdf5d16fa3,1898.2305000000001,230.0
66d9869a4e9051cdf5d16fa3,1898.2305000000001,170.0
66d9869a4e9051cdf5d16fa3,1898.2305000000001,185.0
66d9869a4e9051cdf5d16fa3,1898.2305000000001,143.0
66d9869a4e9051cdf5d16fa3,1898.2305000000001,290.0
66d9869a4e9051cdf5d16fa3,1898.2305000000001,183.0
66d9869a4e9051cdf5d16fa3,1898.2305000000001,172.0
66d9869a4e9051cdf5d16fa3,1898.2305000000001,154.0
66d9869a4e9051cdf5d16fa3,1898.2305000000001,90.0
66d9869a4e9051cdf5d16fa3,1898.2305000000001,131.0
66d9869a4e9051cdf5d16fa3,1898.2305000000001,75.0
67e1c57f5b850fc2a71fe062,714.5905,148.0
67e1c57f5b850fc2a71fe062,714.5905,236.0
67e1c57f5b850fc2a71fe062,714.5905,129.0
67e1c57f5b850fc2a71fe062,714.5905,161.0
67e1c57f5b850fc2a71fe062,714.5905,129.0
67e1c57f5b850fc2a71fe062,714.5905,236.0
67e1c57f5b850fc2a71fe062,714.5905,161.0
67e1c57f5b850fc2a71fe062,714.5905,236.0
67e1c57f5b850fc2a71fe062,714.5905,213.0
67e1c57f5b850fc2a71fe062,714.5905,87.0
67e1c57f5b850fc2a71fe062,714.5905,236.0
67e1c57f5b850fc2a71fe062,714.5905,161.0
67ddb06bc7175d8f155fe2bf,15924.146692500002,501.0
67ddb06bc7175d8f155fe2bf,15924.146692500002,257.0
67ddb06bc7175d8f155fe2bf,15924.146692500002,311.0
67ddb06bc7175d8f155fe2bf,15924.146692500002,310.0
67ddb06bc7175d8f155fe2bf,15924.146692500002,384.0
67ddb06bc7175d8f155fe2bf,15924.146692500002,310.0
67ddb06bc7175d8f155fe2bf,15924.146692500002,237.0
67ddb06bc7175d8f155fe2bf,15924.146692500002,339.0
67ddb06bc7175d8f155fe2bf,15924.146692500002,236.0
67ddb06bc7175d8f155fe2bf,15924.146692500002,458.0
67ddb06bc7175d8f155fe2bf,15924.146692500002,384.0
67ddb06bc7175d8f155fe2bf,15924.146692500002,458.0
558d8d71fdf99b534f79b352,2712.7861184500002,267.0
558d8d71fdf99b534f79b352,2712.7861184500002,200.0
558d8d71fdf99b534f79b352,2712.7861184500002,145.0
558d8d71fdf99b534f79b352,2712.7861184500002,138.0
558d8d71fdf99b534f79b352,2712.7861184500002,175.0
558d8d71fdf99b534f79b352,2712.7861184500002,188.0
558d8d71fdf99b534f79b352,2712.7861184500002,105.0
558d8d71fdf99b534f79b352,2712.7861184500002,225.0
558d8d71fdf99b534f79b352,2712.7861184500002,124.0
558d8d71fdf99b534f79b352,2712.7861184500002,195.0
558d8d71fdf99b534f79b352,2712.7861184500002,170.0
558d8d71fdf99b534f79b352,2712.7861184500002,206.0
663a8a591f436a85bb4d90c2,7198.9342562,250.0
663a8a591f436a85bb4d90c2,7198.9342562,45.0
663a8a591f436a85bb4d90c2,7198.9342562,375.0
663a8a591f436a85bb4d90c2,7198.9342562,65.0
663a8a591f436a85bb4d90c2,7198.9342562,425.0
663a8a591f436a85bb4d90c2,7198.9342562,35.0
663a8a591f436a85bb4d90c2,7198.9342562,425.0
663a8a591f436a85bb4d90c2,7198.9342562,475.0
663a8a591f436a85bb4d90c2,7198.9342562,78.0
663a8a591f436a85bb4d90c2,7198.9342562,48.0
663a8a591f436a85bb4d90c2,7198.9342562,56.0
663a8a591f436a85bb4d90c2,7198.9342562,20.0
66d4ec6fe6d7a979e98b5ff3,11157.488500000001,254.0
66d4ec6fe6d7a979e98b5ff3,11157.488500000001,152.0
66d4ec6fe6d7a979e98b5ff3,11157.488500000001,211.0
66d4ec6fe6d7a979e98b5ff3,11157.488500000001,160.0
66d4ec6fe6d7a979e98b5ff3,11157.488500000001,149.0
66d4ec6fe6d7a979e98b5ff3,11157.488500000001,545.0
66d4ec6fe6d7a979e98b5ff3,11157.488500000001,198.0
66d4ec6fe6d7a979e98b5ff3,11157.488500000001,281.0
66d4ec6fe6d7a979e98b5ff3,11157.488500000001,413.0
66d4ec6fe6d7a979e98b5ff3,11157.488500000001,103.0
66d4ec6fe6d7a979e98b5ff3,11157.488500000001,398.0
66d4ec6fe6d7a979e98b5ff3,11157.488500000001,543.0
66b8d74a8ce8e0d943a6b205,1431.2385,189.0
66b8d74a8ce8e0d943a6b205,1431.2385,135.0
66b8d74a8ce8e0d943a6b205,1431.2385,136.0
66b8d74a8ce8e0d943a6b205,1431.2385,143.0
66b8d74a8ce8e0d943a6b205,1431.2385,150.0
66b8d74a8ce8e0d943a6b205,1431.2385,234.0
66b8d74a8ce8e0d943a6b205,1431.2385,168.0
66b8d74a8ce8e0d943a6b205,1431.2385,188.0
66b8d74a8ce8e0d943a6b205,1431.2385,200.0
66b8d74a8ce8e0d943a6b205,1431.2385,125.0
66b8d74a8ce8e0d943a6b205,1431.2385,216.0
66b8d74a8ce8e0d943a6b205,1431.2385,245.0
5aa806e7777df200016088c5,15509.189978450002,403.0
5aa806e7777df200016088c5,15509.189978450002,375.0
5aa806e7777df200016088c5,15509.189978450002,389.0
5aa806e7777df200016088c5,15509.189978450002,411.0
5aa806e7777df200016088c5,15509.189978450002,300.0
5aa806e7777df200016088c5,15509.189978450002,390.0
5aa806e7777df200016088c5,15509.189978450002,291.0
5aa806e7777df200016088c5,15509.189978450002,325.0
5aa806e7777df200016088c5,15509.189978450002,385.0
5aa806e7777df200016088c5,15509.189978450002,265.0
5aa806e7777df200016088c5,15509.189978450002,276.0
5aa806e7777df200016088c5,15509.189978450002,186.0
680e67f9d4d42c1a45b04c57,12743.40822845,384.0
680e67f9d4d42c1a45b04c57,12743.40822845,160.0
680e67f9d4d42c1a45b04c57,12743.40822845,160.0
680e67f9d4d42c1a45b04c57,12743.40822845,236.0
680e67f9d4d42c1a45b04c57,12743.40822845,540.0
680e67f9d4d42c1a45b04c57,12743.40822845,235.0
680e67f9d4d42c1a45b04c57,12743.40822845,270.0
680e67f9d4d42c1a45b04c57,12743.40822845,310.0
680e67f9d4d42c1a45b04c57,12743.40822845,240.0
680e67f9d4d42c1a45b04c57,12743.40822845,532.0
680e67f9d4d42c1a45b04c57,12743.40822845,544.0
680e67f9d4d42c1a45b04c57,12743.40822845,384.0
67c2c6d0ac2544574cdd78b0,861.6,145.0
67c2c6d0ac2544574cdd78b0,861.6,158.0
67c2c6d0ac2544574cdd78b0,861.6,153.0
67c2c6d0ac2544574cdd78b0,861.6,132.0
67c2c6d0ac2544574cdd78b0,861.6,254.0
67c2c6d0ac2544574cdd78b0,861.6,150.0
67c2c6d0ac2544574cdd78b0,861.6,127.0
67c2c6d0ac2544574cdd78b0,861.6,164.0
67c2c6d0ac2544574cdd78b0,861.6,223.0
67c2c6d0ac2544574cdd78b0,861.6,139.0
67c2c6d0ac2544574cdd78b0,861.6,243.0
67c2c6d0ac2544574cdd78b0,861.6,190.0
67db09c719a34f37f3f38e0a,97856.36991844999,581.0
67db09c719a34f37f3f38e0a,97856.36991844999,582.0
67db09c719a34f37f3f38e0a,97856.36991844999,519.0
67db09c719a34f37f3f38e0a,97856.36991844999,558.0
67db09c719a34f37f3f38e0a,97856.36991844999,549.0
67db09c719a34f37f3f38e0a,97856.36991844999,577.0
67db09c719a34f37f3f38e0a,97856.36991844999,568.0
67db09c719a34f37f3f38e0a,97856.36991844999,587.0
67db09c719a34f37f3f38e0a,97856.36991844999,591.0
67db09c719a34f37f3f38e0a,97856.36991844999,438.0
67db09c719a34f37f3f38e0a,97856.36991844999,572.0
67db09c719a34f37f3f38e0a,97856.36991844999,590.0
67a72a2a346c08cd36e7860a,18410.370499999997,490.0
67a72a2a346c08cd36e7860a,18410.370499999997,353.0
67a72a2a346c08cd36e7860a,18410.370499999997,323.0
67a72a2a346c08cd36e7860a,18410.370499999997,400.0
67a72a2a346c08cd36e7860a,18410.370499999997,342.0
67a72a2a346c08cd36e7860a,18410.370499999997,409.0
67a72a2a346c08cd36e7860a,18410.370499999997,423.0
67a72a2a346c08cd36e7860a,18410.370499999997,278.0
67a72a2a346c08cd36e7860a,18410.370499999997,225.0
67a72a2a346c08cd36e7860a,18410.370499999997,246.0
67a72a2a346c08cd36e7860a,18410.370499999997,231.0
67a72a2a346c08cd36e7860a,18410.370499999997,198.0
5e4b793f03c92a08a6d28e3f,24189.480499999998,305.0
5e4b793f03c92a08a6d28e3f,24189.480499999998,397.0
5e4b793f03c92a08a6d28e3f,24189.480499999998,413.0
5e4b793f03c92a08a6d28e3f,24189.480499999998,323.0
5e4b793f03c92a08a6d28e3f,24189.480499999998,453.0
5e4b793f03c92a08a6d28e3f,24189.480499999998,319.0
5e4b793f03c92a08a6d28e3f,24189.480499999998,424.0
5e4b793f03c92a08a6d28e3f,24189.480499999998,322.0
5e4b793f03c92a08a6d28e3f,24189.480499999998,364.0
5e4b793f03c92a08a6d28e3f,24189.480499999998,376.0
5e4b793f03c92a08a6d28e3f,24189.480499999998,402.0
5e4b793f03c92a08a6d28e3f,24189.480499999998,340.0
67f00b145cf2440ca37929d4,6870.22651125,119.0
67f00b145cf2440ca37929d4,6870.22651125,84.0
67f00b145cf2440ca37929d4,6870.22651125,224.0
67f00b145cf2440ca37929d4,6870.22651125,302.0
67f00b145cf2440ca37929d4,6870.22651125,340.0
67f00b145cf2440ca37929d4,6870.22651125,310.0
67f00b145cf2440ca37929d4,6870.22651125,297.0
67f00b145cf2440ca37929d4,6870.22651125,245.0
67f00b145cf2440ca37929d4,6870.22651125,347.0
67f00b145cf2440ca37929d4,6870.22651125,221.0
67f00b145cf2440ca37929d4,6870.22651125,290.0
67f00b145cf2440ca37929d4,6870.22651125,272.0
67a507f52decb8dbaacc29e3,5592.2485,125.0
67a507f52decb8dbaacc29e3,5592.2485,137.0
67a507f52decb8dbaacc29e3,5592.2485,157.0
67a507f52decb8dbaacc29e3,5592.2485,142.0
67a507f52decb8dbaacc29e3,5592.2485,130.0
67a507f52decb8dbaacc29e3,5592.2485,212.0
67a507f52decb8dbaacc29e3,5592.2485,194.0
67a507f52decb8dbaacc29e3,5592.2485,215.0
67a507f52decb8dbaacc29e3,5592.2485,214.0
67a507f52decb8dbaacc29e3,5592.2485,139.0
67a507f52decb8dbaacc29e3,5592.2485,215.0
67a507f52decb8dbaacc29e3,5592.2485,527.0
6817d4859a9918d9b58057f2,1066.4285000000002,190.0
6817d4859a9918d9b58057f2,1066.4285000000002,140.0
6817d4859a9918d9b58057f2,1066.4285000000002,145.0
6817d4859a9918d9b58057f2,1066.4285000000002,110.0
6817d4859a9918d9b58057f2,1066.4285000000002,135.0
6817d4859a9918d9b58057f2,1066.4285000000002,250.0
6817d4859a9918d9b58057f2,1066.4285000000002,175.0
6817d4859a9918d9b58057f2,1066.4285000000002,210.0
6817d4859a9918d9b58057f2,1066.4285000000002,224.0
6817d4859a9918d9b58057f2,1066.4285000000002,109.0
6817d4859a9918d9b58057f2,1066.4285000000002,220.0
6817d4859a9918d9b58057f2,1066.4285000000002,270.0
6572144253ae69f2c700c9a9,7285.63088,145.0
6572144253ae69f2c700c9a9,7285.63088,145.0
6572144253ae69f2c700c9a9,7285.63088,316.0
6572144253ae69f2c700c9a9,7285.63088,360.0
6572144253ae69f2c700c9a9,7285.63088,205.0
6572144253ae69f2c700c9a9,7285.63088,185.0
6572144253ae69f2c700c9a9,7285.63088,175.0
6572144253ae69f2c700c9a9,7285.63088,135.0
6572144253ae69f2c700c9a9,7285.63088,115.0
6572144253ae69f2c700c9a9,7285.63088,145.0
6572144253ae69f2c700c9a9,7285.63088,110.0
6572144253ae69f2c700c9a9,7285.63088,145.0
67c9aee3e124597db0168dde,216.59601125,240.0
67c9aee3e124597db0168dde,216.59601125,140.0
67c9aee3e124597db0168dde,216.59601125,177.0
67c9aee3e124597db0168dde,216.59601125,181.0
67c9aee3e124597db0168dde,216.59601125,188.0
67c9aee3e124597db0168dde,216.59601125,135.0
67c9aee3e124597db0168dde,216.59601125,220.0
67c9aee3e124597db0168dde,216.59601125,180.0
67c9aee3e124597db0168dde,216.59601125,178.0
67c9aee3e124597db0168dde,216.59601125,165.0
67c9aee3e124597db0168dde,216.59601125,184.0
67c9aee3e124597db0168dde,216.59601125,185.0
67ed8e7a8a601fc20f85f35e,1043.0005,190.0
67ed8e7a8a601fc20f85f35e,1043.0005,241.0
67ed8e7a8a601fc20f85f35e,1043.0005,135.0
67ed8e7a8a601fc20f85f35e,1043.0005,190.0
67ed8e7a8a601fc20f85f35e,1043.0005,145.0
67ed8e7a8a601fc20f85f35e,1043.0005,235.0
67ed8e7a8a601fc20f85f35e,1043.0005,209.0
67ed8e7a8a601fc20f85f35e,1043.0005,230.0
67ed8e7a8a601fc20f85f35e,1043.0005,210.0
67ed8e7a8a601fc20f85f35e,1043.0005,130.0
67ed8e7a8a601fc20f85f35e,1043.0005,230.0
67ed8e7a8a601fc20f85f35e,1043.0005,220.0
677f2450439ced98417d88db,4898.20522845,225.0
677f2450439ced98417d88db,4898.20522845,140.0
677f2450439ced98417d88db,4898.20522845,86.0
677f2450439ced98417d88db,4898.20522845,186.0
677f2450439ced98417d88db,4898.20522845,230.0
677f2450439ced98417d88db,4898.20522845,168.0
677f2450439ced98417d88db,4898.20522845,138.0
677f2450439ced98417d88db,4898.20522845,78.0
677f2450439ced98417d88db,4898.20522845,170.0
677f2450439ced98417d88db,4898.20522845,230.0
677f2450439ced98417d88db,4898.20522845,261.0
677f2450439ced98417d88db,4898.20522845,145.0
66632c96e56c2cc87923bf78,4531.21234665,240.0
66632c96e56c2cc87923bf78,4531.21234665,220.0
66632c96e56c2cc87923bf78,4531.21234665,200.0
66632c96e56c2cc87923bf78,4531.21234665,279.0
66632c96e56c2cc87923bf78,4531.21234665,179.0
66632c96e56c2cc87923bf78,4531.21234665,190.0
66632c96e56c2cc87923bf78,4531.21234665,186.0
66632c96e56c2cc87923bf78,4531.21234665,190.0
66632c96e56c2cc87923bf78,4531.21234665,210.0
66632c96e56c2cc87923bf78,4531.21234665,232.0
66632c96e56c2cc87923bf78,4531.21234665,236.0
66632c96e56c2cc87923bf78,4531.21234665,226.0
67ece9196415f83b88c87e3d,3006.1082791999997,250.0
67ece9196415f83b88c87e3d,3006.1082791999997,210.0
67ece9196415f83b88c87e3d,3006.1082791999997,291.0
67ece9196415f83b88c87e3d,3006.1082791999997,202.0
67ece9196415f83b88c87e3d,3006.1082791999997,205.0
67ece9196415f83b88c87e3d,3006.1082791999997,186.0
67ece9196415f83b88c87e3d,3006.1082791999997,225.0
67ece9196415f83b88c87e3d,3006.1082791999997,250.0
67ece9196415f83b88c87e3d,3006.1082791999997,175.0
67ece9196415f83b88c87e3d,3006.1082791999997,210.0
67ece9196415f83b88c87e3d,3006.1082791999997,151.0
67ece9196415f83b88c87e3d,3006.1082791999997,310.0
681ad36cc1be8123b80a1bdf,6997.70312845,36.0
681ad36cc1be8123b80a1bdf,6997.70312845,155.0
681ad36cc1be8123b80a1bdf,6997.70312845,127.0
681ad36cc1be8123b80a1bdf,6997.70312845,187.0
681ad36cc1be8123b80a1bdf,6997.70312845,463.0
681ad36cc1be8123b80a1bdf,6997.70312845,199.0
681ad36cc1be8123b80a1bdf,6997.70312845,203.0
681ad36cc1be8123b80a1bdf,6997.70312845,152.0
681ad36cc1be8123b80a1bdf,6997.70312845,184.0
681ad36cc1be8123b80a1bdf,6997.70312845,197.0
681ad36cc1be8123b80a1bdf,6997.70312845,624.0
681ad36cc1be8123b80a1bdf,6997.70312845,192.0
6643be675817fd2a43298a04,15521.12001125,17.0
6643be675817fd2a43298a04,15521.12001125,16.0
6643be675817fd2a43298a04,15521.12001125,13.0
6643be675817fd2a43298a04,15521.12001125,13.0
6643be675817fd2a43298a04,15521.12001125,13.0
6643be675817fd2a43298a04,15521.12001125,18.0
6643be675817fd2a43298a04,15521.12001125,32.0
6643be675817fd2a43298a04,15521.12001125,13.0
6643be675817fd2a43298a04,15521.12001125,16.0
6643be675817fd2a43298a04,15521.12001125,20.0
6643be675817fd2a43298a04,15521.12001125,20.0
6643be675817fd2a43298a04,15521.12001125,26.0
67d9d158b3db2c7d641840b0,5146.37887845,355.0
67d9d158b3db2c7d641840b0,5146.37887845,282.0
67d9d158b3db2c7d641840b0,5146.37887845,192.0
67d9d158b3db2c7d641840b0,5146.37887845,375.0
67d9d158b3db2c7d641840b0,5146.37887845,185.0
67d9d158b3db2c7d641840b0,5146.37887845,270.0
67d9d158b3db2c7d641840b0,5146.37887845,225.0
67d9d158b3db2c7d641840b0,5146.37887845,208.0
67d9d158b3db2c7d641840b0,5146.37887845,270.0
67d9d158b3db2c7d641840b0,5146.37887845,240.0
67d9d158b3db2c7d641840b0,5146.37887845,325.0
67d9d158b3db2c7d641840b0,5146.37887845,288.0
675218192512cf36966b9068,23573.99688,201.0
675218192512cf36966b9068,23573.99688,211.0
675218192512cf36966b9068,23573.99688,171.0
675218192512cf36966b9068,23573.99688,138.0
675218192512cf36966b9068,23573.99688,212.0
675218192512cf36966b9068,23573.99688,203.0
675218192512cf36966b9068,23573.99688,194.0
675218192512cf36966b9068,23573.99688,192.0
675218192512cf36966b9068,23573.99688,118.0
675218192512cf36966b9068,23573.99688,755.0
675218192512cf36966b9068,23573.99688,141.0
675218192512cf36966b9068,23573.99688,135.0
67e5cefeefd6e23bf7fef2ff,11022.304739449999,120.0
67e5cefeefd6e23bf7fef2ff,11022.304739449999,220.0
67e5cefeefd6e23bf7fef2ff,11022.304739449999,401.0
67e5cefeefd6e23bf7fef2ff,11022.304739449999,171.0
67e5cefeefd6e23bf7fef2ff,11022.304739449999,277.0
67e5cefeefd6e23bf7fef2ff,11022.304739449999,290.0
67e5cefeefd6e23bf7fef2ff,11022.304739449999,265.0
67e5cefeefd6e23bf7fef2ff,11022.304739449999,185.0
67e5cefeefd6e23bf7fef2ff,11022.304739449999,114.0
67e5cefeefd6e23bf7fef2ff,11022.304739449999,179.0
67e5cefeefd6e23bf7fef2ff,11022.304739449999,44.0
67e5cefeefd6e23bf7fef2ff,11022.304739449999,370.0
67f17dd190608f5685509b92,1221.35513605,185.0
67f17dd190608f5685509b92,1221.35513605,125.0
67f17dd190608f5685509b92,1221.35513605,160.0
67f17dd190608f5685509b92,1221.35513605,115.0
67f17dd190608f5685509b92,1221.35513605,155.0
67f17dd190608f5685509b92,1221.35513605,240.0
67f17dd190608f5685509b92,1221.35513605,125.0
67f17dd190608f5685509b92,1221.35513605,220.0
67f17dd190608f5685509b92,1221.35513605,205.0
67f17dd190608f5685509b92,1221.35513605,178.0
67f17dd190608f5685509b92,1221.35513605,155.0
67f17dd190608f5685509b92,1221.35513605,116.0
6679e88eb948e8a4b08a39fb,4988.5540965,215.0
6679e88eb948e8a4b08a39fb,4988.5540965,257.0
6679e88eb948e8a4b08a39fb,4988.5540965,285.0
6679e88eb948e8a4b08a39fb,4988.5540965,368.0
6679e88eb948e8a4b08a39fb,4988.5540965,183.0
6679e88eb948e8a4b08a39fb,4988.5540965,253.0
6679e88eb948e8a4b08a39fb,4988.5540965,100.0
6679e88eb948e8a4b08a39fb,4988.5540965,144.0
6679e88eb948e8a4b08a39fb,4988.5540965,174.0
6679e88eb948e8a4b08a39fb,4988.5540965,170.0
6679e88eb948e8a4b08a39fb,4988.5540965,222.0
6679e88eb948e8a4b08a39fb,4988.5540965,174.0
678bd9e18b42a93aa738894d,24222.02301845,235.0
678bd9e18b42a93aa738894d,24222.02301845,182.0
678bd9e18b42a93aa738894d,24222.02301845,102.0
678bd9e18b42a93aa738894d,24222.02301845,200.0
678bd9e18b42a93aa738894d,24222.02301845,212.0
678bd9e18b42a93aa738894d,24222.02301845,755.0
678bd9e18b42a93aa738894d,24222.02301845,101.0
678bd9e18b42a93aa738894d,24222.02301845,262.0
678bd9e18b42a93aa738894d,24222.02301845,208.0
678bd9e18b42a93aa738894d,24222.02301845,181.0
678bd9e18b42a93aa738894d,24222.02301845,95.0
678bd9e18b42a93aa738894d,24222.02301845,190.0
65654bb65a81489784483bf0,3534.0931924999995,236.0
65654bb65a81489784483bf0,3534.0931924999995,177.0
65654bb65a81489784483bf0,3534.0931924999995,200.0
65654bb65a81489784483bf0,3534.0931924999995,186.0
65654bb65a81489784483bf0,3534.0931924999995,205.0
65654bb65a81489784483bf0,3534.0931924999995,188.0
65654bb65a81489784483bf0,3534.0931924999995,174.0
65654bb65a81489784483bf0,3534.0931924999995,172.0
65654bb65a81489784483bf0,3534.0931924999995,185.0
65654bb65a81489784483bf0,3534.0931924999995,210.0
65654bb65a81489784483bf0,3534.0931924999995,188.0
65654bb65a81489784483bf0,3534.0931924999995,185.0
67eb91c75bdf0be76c9a7f7c,1551.2551360499997,190.0
67eb91c75bdf0be76c9a7f7c,1551.2551360499997,145.0
67eb91c75bdf0be76c9a7f7c,1551.2551360499997,160.0
67eb91c75bdf0be76c9a7f7c,1551.2551360499997,160.0
67eb91c75bdf0be76c9a7f7c,1551.2551360499997,170.0
67eb91c75bdf0be76c9a7f7c,1551.2551360499997,280.0
67eb91c75bdf0be76c9a7f7c,1551.2551360499997,150.0
67eb91c75bdf0be76c9a7f7c,1551.2551360499997,220.0
67eb91c75bdf0be76c9a7f7c,1551.2551360499997,215.0
67eb91c75bdf0be76c9a7f7c,1551.2551360499997,200.0
67eb91c75bdf0be76c9a7f7c,1551.2551360499997,230.0
67eb91c75bdf0be76c9a7f7c,1551.2551360499997,130.0
67f306bc60aeb0e5b30ba70e,1619.988505,190.0
67f306bc60aeb0e5b30ba70e,1619.988505,130.0
67f306bc60aeb0e5b30ba70e,1619.988505,160.0
67f306bc60aeb0e5b30ba70e,1619.988505,240.0
67f306bc60aeb0e5b30ba70e,1619.988505,190.0
67f306bc60aeb0e5b30ba70e,1619.988505,200.0
67f306bc60aeb0e5b30ba70e,1619.988505,140.0
67f306bc60aeb0e5b30ba70e,1619.988505,110.0
67f306bc60aeb0e5b30ba70e,1619.988505,150.0
67f306bc60aeb0e5b30ba70e,1619.988505,280.0
67f306bc60aeb0e5b30ba70e,1619.988505,210.0
67f306bc60aeb0e5b30ba70e,1619.988505,170.0
680e8bb23e711754c3e41b81,98395.43688,516.0
680e8bb23e711754c3e41b81,98395.43688,545.0
680e8bb23e711754c3e41b81,98395.43688,483.0
680e8bb23e711754c3e41b81,98395.43688,413.0
680e8bb23e711754c3e41b81,98395.43688,654.0
680e8bb23e711754c3e41b81,98395.43688,507.0
680e8bb23e711754c3e41b81,98395.43688,622.0
680e8bb23e711754c3e41b81,98395.43688,538.0
680e8bb23e711754c3e41b81,98395.43688,571.0
680e8bb23e711754c3e41b81,98395.43688,612.0
680e8bb23e711754c3e41b81,98395.43688,607.0
680e8bb23e711754c3e41b81,98395.43688,618.0
676a674d7c3901f79b2a9d85,13610.084192500002,48.0
676a674d7c3901f79b2a9d85,13610.084192500002,40.0
676a674d7c3901f79b2a9d85,13610.084192500002,70.0
676a674d7c3901f79b2a9d85,13610.084192500002,90.0
676a674d7c3901f79b2a9d85,13610.084192500002,100.0
676a674d7c3901f79b2a9d85,13610.084192500002,95.0
676a674d7c3901f79b2a9d85,13610.084192500002,150.0
676a674d7c3901f79b2a9d85,13610.084192500002,85.0
676a674d7c3901f79b2a9d85,13610.084192500002,90.0
676a674d7c3901f79b2a9d85,13610.084192500002,120.0
676a674d7c3901f79b2a9d85,13610.084192500002,95.0
676a674d7c3901f79b2a9d85,13610.084192500002,95.0
66e260c1772d67a93b460a82,54757.83301125,461.0
66e260c1772d67a93b460a82,54757.83301125,527.0
66e260c1772d67a93b460a82,54757.83301125,515.0
66e260c1772d67a93b460a82,54757.83301125,584.0
66e260c1772d67a93b460a82,54757.83301125,415.0
66e260c1772d67a93b460a82,54757.83301125,535.0
66e260c1772d67a93b460a82,54757.83301125,461.0
66e260c1772d67a93b460a82,54757.83301125,528.0
66e260c1772d67a93b460a82,54757.83301125,420.0
66e260c1772d67a93b460a82,54757.83301125,223.0
66e260c1772d67a93b460a82,54757.83301125,483.0
66e260c1772d67a93b460a82,54757.83301125,450.0
67eed6daac7c1271496cd429,75730.62305620001,710.0
67eed6daac7c1271496cd429,75730.62305620001,740.0
67eed6daac7c1271496cd429,75730.62305620001,715.0
67eed6daac7c1271496cd429,75730.62305620001,305.0
67eed6daac7c1271496cd429,75730.62305620001,414.0
67eed6daac7c1271496cd429,75730.62305620001,266.0
67eed6daac7c1271496cd429,75730.62305620001,614.0
67eed6daac7c1271496cd429,75730.62305620001,591.0
67eed6daac7c1271496cd429,75730.62305620001,411.0
67eed6daac7c1271496cd429,75730.62305620001,472.0
67eed6daac7c1271496cd429,75730.62305620001,391.0
67eed6daac7c1271496cd429,75730.62305620001,432.0
67edb3dbc2b6765fa734761c,17737.48321845,384.0
67edb3dbc2b6765fa734761c,17737.48321845,310.0
67edb3dbc2b6765fa734761c,17737.48321845,236.0
67edb3dbc2b6765fa734761c,17737.48321845,230.0
67edb3dbc2b6765fa734761c,17737.48321845,458.0
67edb3dbc2b6765fa734761c,17737.48321845,161.0
67edb3dbc2b6765fa734761c,17737.48321845,130.0
67edb3dbc2b6765fa734761c,17737.48321845,458.0
67edb3dbc2b6765fa734761c,17737.48321845,350.0
67edb3dbc2b6765fa734761c,17737.48321845,362.0
67edb3dbc2b6765fa734761c,17737.48321845,175.0
67edb3dbc2b6765fa734761c,17737.48321845,500.0
67df1829b7244ebd44f6eecc,4171.5048799999995,184.0
67df1829b7244ebd44f6eecc,4171.5048799999995,236.0
67df1829b7244ebd44f6eecc,4171.5048799999995,236.0
67df1829b7244ebd44f6eecc,4171.5048799999995,236.0
67df1829b7244ebd44f6eecc,4171.5048799999995,310.0
67df1829b7244ebd44f6eecc,4171.5048799999995,310.0
67df1829b7244ebd44f6eecc,4171.5048799999995,310.0
67df1829b7244ebd44f6eecc,4171.5048799999995,236.0
67df1829b7244ebd44f6eecc,4171.5048799999995,161.0
67df1829b7244ebd44f6eecc,4171.5048799999995,161.0
67df1829b7244ebd44f6eecc,4171.5048799999995,148.0
67df1829b7244ebd44f6eecc,4171.5048799999995,153.0
5cfb5233df7d70001619ca90,762.6742791999999,180.0
5cfb5233df7d70001619ca90,762.6742791999999,150.0
5cfb5233df7d70001619ca90,762.6742791999999,170.0
5cfb5233df7d70001619ca90,762.6742791999999,150.0
5cfb5233df7d70001619ca90,762.6742791999999,135.0
5cfb5233df7d70001619ca90,762.6742791999999,95.0
5cfb5233df7d70001619ca90,762.6742791999999,70.0
5cfb5233df7d70001619ca90,762.6742791999999,280.0
5cfb5233df7d70001619ca90,762.6742791999999,100.0
5cfb5233df7d70001619ca90,762.6742791999999,120.0
5cfb5233df7d70001619ca90,762.6742791999999,50.0
5cfb5233df7d70001619ca90,762.6742791999999,270.0
67df28dda304d6e7be52b893,3927.6495450499997,253.0
67df28dda304d6e7be52b893,3927.6495450499997,242.0
67df28dda304d6e7be52b893,3927.6495450499997,310.0
67df28dda304d6e7be52b893,3927.6495450499997,290.0
67df28dda304d6e7be52b893,3927.6495450499997,210.0
67df28dda304d6e7be52b893,3927.6495450499997,190.0
67df28dda304d6e7be52b893,3927.6495450499997,240.0
67df28dda304d6e7be52b893,3927.6495450499997,300.0
67df28dda304d6e7be52b893,3927.6495450499997,205.0
67df28dda304d6e7be52b893,3927.6495450499997,210.0
67df28dda304d6e7be52b893,3927.6495450499997,260.0
67df28dda304d6e7be52b893,3927.6495450499997,300.0
680d54968e828f2eb1ea2482,11917.434505000001,236.0
680d54968e828f2eb1ea2482,11917.434505000001,87.0
680d54968e828f2eb1ea2482,11917.434505000001,161.0
680d54968e828f2eb1ea2482,11917.434505000001,236.0
680d54968e828f2eb1ea2482,11917.434505000001,236.0
680d54968e828f2eb1ea2482,11917.434505000001,310.0
680d54968e828f2eb1ea2482,11917.434505000001,236.0
680d54968e828f2eb1ea2482,11917.434505000001,161.0
680d54968e828f2eb1ea2482,11917.434505000001,161.0
680d54968e828f2eb1ea2482,11917.434505000001,532.0
680d54968e828f2eb1ea2482,11917.434505000001,607.0
680d54968e828f2eb1ea2482,11917.434505000001,384.0
67eb05609784671d4a2cf76c,1420.9408799999999,230.0
67eb05609784671d4a2cf76c,1420.9408799999999,210.0
67eb05609784671d4a2cf76c,1420.9408799999999,200.0
67eb05609784671d4a2cf76c,1420.9408799999999,160.0
67eb05609784671d4a2cf76c,1420.9408799999999,325.0
67eb05609784671d4a2cf76c,1420.9408799999999,200.0
67eb05609784671d4a2cf76c,1420.9408799999999,180.0
67eb05609784671d4a2cf76c,1420.9408799999999,155.0
67eb05609784671d4a2cf76c,1420.9408799999999,110.0
67eb05609784671d4a2cf76c,1420.9408799999999,150.0
67eb05609784671d4a2cf76c,1420.9408799999999,100.0
67eb05609784671d4a2cf76c,1420.9408799999999,205.0
676b040df6d7ded171203036,1243.1125049999998,106.0
676b040df6d7ded171203036,1243.1125049999998,91.0
676b040df6d7ded171203036,1243.1125049999998,93.0
676b040df6d7ded171203036,1243.1125049999998,206.0
676b040df6d7ded171203036,1243.1125049999998,214.0
676b040df6d7ded171203036,1243.1125049999998,210.0
676b040df6d7ded171203036,1243.1125049999998,122.0
676b040df6d7ded171203036,1243.1125049999998,77.0
676b040df6d7ded171203036,1243.1125049999998,99.0
676b040df6d7ded171203036,1243.1125049999998,274.0
676b040df6d7ded171203036,1243.1125049999998,301.0
676b040df6d7ded171203036,1243.1125049999998,169.0
67212487ab628114f4e828ba,9108.48323945,18.0
67212487ab628114f4e828ba,9108.48323945,35.0
67212487ab628114f4e828ba,9108.48323945,33.0
67212487ab628114f4e828ba,9108.48323945,28.0
67212487ab628114f4e828ba,9108.48323945,16.0
67212487ab628114f4e828ba,9108.48323945,33.0
67212487ab628114f4e828ba,9108.48323945,18.0
67212487ab628114f4e828ba,9108.48323945,21.0
67212487ab628114f4e828ba,9108.48323945,13.0
67212487ab628114f4e828ba,9108.48323945,19.0
67212487ab628114f4e828ba,9108.48323945,13.0
67212487ab628114f4e828ba,9108.48323945,19.0
67dc8f06e924a5e7d1fd9228,3675.4130000000005,60.0
67dc8f06e924a5e7d1fd9228,3675.4130000000005,205.0
67dc8f06e924a5e7d1fd9228,3675.4130000000005,252.0
67dc8f06e924a5e7d1fd9228,3675.4130000000005,72.0
67dc8f06e924a5e7d1fd9228,3675.4130000000005,207.0
67dc8f06e924a5e7d1fd9228,3675.4130000000005,31.0
67dc8f06e924a5e7d1fd9228,3675.4130000000005,124.0
67dc8f06e924a5e7d1fd9228,3675.4130000000005,89.0
67dc8f06e924a5e7d1fd9228,3675.4130000000005,60.0
67dc8f06e924a5e7d1fd9228,3675.4130000000005,45.0
67dc8f06e924a5e7d1fd9228,3675.4130000000005,291.0
67dc8f06e924a5e7d1fd9228,3675.4130000000005,201.0
5cb5f1e080ba1c0001790399,1024.6505000000002,155.0
5cb5f1e080ba1c0001790399,1024.6505000000002,210.0
5cb5f1e080ba1c0001790399,1024.6505000000002,165.0
5cb5f1e080ba1c0001790399,1024.6505000000002,170.0
5cb5f1e080ba1c0001790399,1024.6505000000002,135.0
5cb5f1e080ba1c0001790399,1024.6505000000002,230.0
5cb5f1e080ba1c0001790399,1024.6505000000002,175.0
5cb5f1e080ba1c0001790399,1024.6505000000002,260.0
5cb5f1e080ba1c0001790399,1024.6505000000002,240.0
5cb5f1e080ba1c0001790399,1024.6505000000002,130.0
5cb5f1e080ba1c0001790399,1024.6505000000002,250.0
5cb5f1e080ba1c0001790399,1024.6505000000002,180.0
5e38e79295ff561112eae457,14740.962879999997,462.0
5e38e79295ff561112eae457,14740.962879999997,422.0
5e38e79295ff561112eae457,14740.962879999997,235.0
5e38e79295ff561112eae457,14740.962879999997,345.0
5e38e79295ff561112eae457,14740.962879999997,504.0
5e38e79295ff561112eae457,14740.962879999997,442.0
5e38e79295ff561112eae457,14740.962879999997,354.0
5e38e79295ff561112eae457,14740.962879999997,202.0
5e38e79295ff561112eae457,14740.962879999997,70.0
5e38e79295ff561112eae457,14740.962879999997,101.0
5e38e79295ff561112eae457,14740.962879999997,50.0
5e38e79295ff561112eae457,14740.962879999997,158.0
651090beae417ded35c4ef2f,1743.013625,175.0
651090beae417ded35c4ef2f,1743.013625,190.0
651090beae417ded35c4ef2f,1743.013625,225.0
651090beae417ded35c4ef2f,1743.013625,200.0
651090beae417ded35c4ef2f,1743.013625,240.0
651090beae417ded35c4ef2f,1743.013625,185.0
651090beae417ded35c4ef2f,1743.013625,170.0
651090beae417ded35c4ef2f,1743.013625,170.0
651090beae417ded35c4ef2f,1743.013625,215.0
651090beae417ded35c4ef2f,1743.013625,195.0
651090beae417ded35c4ef2f,1743.013625,155.0
651090beae417ded35c4ef2f,1743.013625,170.0
680ec32031885952d3053f80,1856.83201845,220.0
680ec32031885952d3053f80,1856.83201845,210.0
680ec32031885952d3053f80,1856.83201845,143.0
680ec32031885952d3053f80,1856.83201845,135.0
680ec32031885952d3053f80,1856.83201845,282.0
680ec32031885952d3053f80,1856.83201845,170.0
680ec32031885952d3053f80,1856.83201845,121.0
680ec32031885952d3053f80,1856.83201845,320.0
680ec32031885952d3053f80,1856.83201845,183.0
680ec32031885952d3053f80,1856.83201845,184.0
680ec32031885952d3053f80,1856.83201845,138.0
680ec32031885952d3053f80,1856.83201845,281.0
67d470c967687fac16376ace,127.68301125,210.0
67d470c967687fac16376ace,127.68301125,148.0
67d470c967687fac16376ace,127.68301125,175.0
67d470c967687fac16376ace,127.68301125,175.0
67d470c967687fac16376ace,127.68301125,170.0
67d470c967687fac16376ace,127.68301125,140.0
67d470c967687fac16376ace,127.68301125,210.0
67d470c967687fac16376ace,127.68301125,150.0
67d470c967687fac16376ace,127.68301125,209.0
67d470c967687fac16376ace,127.68301125,135.0
67d470c967687fac16376ace,127.68301125,206.0
67d470c967687fac16376ace,127.68301125,225.0
62964d27c2b2866faa677493,3389.1184999999996,165.0
62964d27c2b2866faa677493,3389.1184999999996,145.0
62964d27c2b2866faa677493,3389.1184999999996,136.0
62964d27c2b2866faa677493,3389.1184999999996,124.0
62964d27c2b2866faa677493,3389.1184999999996,137.0
62964d27c2b2866faa677493,3389.1184999999996,190.0
62964d27c2b2866faa677493,3389.1184999999996,142.0
62964d27c2b2866faa677493,3389.1184999999996,124.0
62964d27c2b2866faa677493,3389.1184999999996,135.0
62964d27c2b2866faa677493,3389.1184999999996,133.0
62964d27c2b2866faa677493,3389.1184999999996,176.0
62964d27c2b2866faa677493,3389.1184999999996,137.0
67df3a8d01917c368d7b20a9,5920.0592784499995,160.0
67df3a8d01917c368d7b20a9,5920.0592784499995,384.0
67df3a8d01917c368d7b20a9,5920.0592784499995,200.0
67df3a8d01917c368d7b20a9,5920.0592784499995,213.0
67df3a8d01917c368d7b20a9,5920.0592784499995,214.0
67df3a8d01917c368d7b20a9,5920.0592784499995,160.0
67df3a8d01917c368d7b20a9,5920.0592784499995,130.0
67df3a8d01917c368d7b20a9,5920.0592784499995,236.0
67df3a8d01917c368d7b20a9,5920.0592784499995,309.0
67df3a8d01917c368d7b20a9,5920.0592784499995,150.0
67df3a8d01917c368d7b20a9,5920.0592784499995,212.0
67df3a8d01917c368d7b20a9,5920.0592784499995,236.0
67d73105678503aafd215824,1752.18561845,161.0
67d73105678503aafd215824,1752.18561845,161.0
67d73105678503aafd215824,1752.18561845,87.0
67d73105678503aafd215824,1752.18561845,87.0
67d73105678503aafd215824,1752.18561845,310.0
67d73105678503aafd215824,1752.18561845,161.0
67d73105678503aafd215824,1752.18561845,87.0
67d73105678503aafd215824,1752.18561845,310.0
67d73105678503aafd215824,1752.18561845,236.0
67d73105678503aafd215824,1752.18561845,236.0
67d73105678503aafd215824,1752.18561845,87.0
67d73105678503aafd215824,1752.18561845,236.0
67e03c6425fabb9ed20edae5,3658.9361360499997,236.0
67e03c6425fabb9ed20edae5,3658.9361360499997,161.0
67e03c6425fabb9ed20edae5,3658.9361360499997,185.0
67e03c6425fabb9ed20edae5,3658.9361360499997,236.0
67e03c6425fabb9ed20edae5,3658.9361360499997,161.0
67e03c6425fabb9ed20edae5,3658.9361360499997,458.0
67e03c6425fabb9ed20edae5,3658.9361360499997,137.0
67e03c6425fabb9ed20edae5,3658.9361360499997,310.0
67e03c6425fabb9ed20edae5,3658.9361360499997,236.0
67e03c6425fabb9ed20edae5,3658.9361360499997,187.0
67e03c6425fabb9ed20edae5,3658.9361360499997,310.0
67e03c6425fabb9ed20edae5,3658.9361360499997,129.0
67ffb2910de210bfa1a94048,3495.33633945,180.0
67ffb2910de210bfa1a94048,3495.33633945,188.0
67ffb2910de210bfa1a94048,3495.33633945,220.0
67ffb2910de210bfa1a94048,3495.33633945,234.0
67ffb2910de210bfa1a94048,3495.33633945,175.0
67ffb2910de210bfa1a94048,3495.33633945,224.0
67ffb2910de210bfa1a94048,3495.33633945,191.0
67ffb2910de210bfa1a94048,3495.33633945,185.0
67ffb2910de210bfa1a94048,3495.33633945,235.0
67ffb2910de210bfa1a94048,3495.33633945,185.0
67ffb2910de210bfa1a94048,3495.33633945,160.0
67ffb2910de210bfa1a94048,3495.33633945,251.0
5ebe14249a676b1650b48531,17661.49152845,366.0
5ebe14249a676b1650b48531,17661.49152845,213.0
5ebe14249a676b1650b48531,17661.49152845,470.0
5ebe14249a676b1650b48531,17661.49152845,297.0
5ebe14249a676b1650b48531,17661.49152845,631.0
5ebe14249a676b1650b48531,17661.49152845,292.0
5ebe14249a676b1650b48531,17661.49152845,266.0
5ebe14249a676b1650b48531,17661.49152845,280.0
5ebe14249a676b1650b48531,17661.49152845,150.0
5ebe14249a676b1650b48531,17661.49152845,182.0
5ebe14249a676b1650b48531,17661.49152845,200.0
5ebe14249a676b1650b48531,17661.49152845,357.0
67df96103881052b9489230b,1166.0191428,190.0
67df96103881052b9489230b,1166.0191428,210.0
67df96103881052b9489230b,1166.0191428,220.0
67df96103881052b9489230b,1166.0191428,180.0
67df96103881052b9489230b,1166.0191428,155.0
67df96103881052b9489230b,1166.0191428,230.0
67df96103881052b9489230b,1166.0191428,190.0
67df96103881052b9489230b,1166.0191428,240.0
67df96103881052b9489230b,1166.0191428,170.0
67df96103881052b9489230b,1166.0191428,175.0
67df96103881052b9489230b,1166.0191428,210.0
67df96103881052b9489230b,1166.0191428,135.0
673d7ae8487ef7faa1463ac1,5495.4109965,300.0
673d7ae8487ef7faa1463ac1,5495.4109965,100.0
673d7ae8487ef7faa1463ac1,5495.4109965,110.0
673d7ae8487ef7faa1463ac1,5495.4109965,150.0
673d7ae8487ef7faa1463ac1,5495.4109965,135.0
673d7ae8487ef7faa1463ac1,5495.4109965,280.0
673d7ae8487ef7faa1463ac1,5495.4109965,200.0
673d7ae8487ef7faa1463ac1,5495.4109965,295.0
673d7ae8487ef7faa1463ac1,5495.4109965,225.0
673d7ae8487ef7faa1463ac1,5495.4109965,300.0
673d7ae8487ef7faa1463ac1,5495.4109965,450.0
673d7ae8487ef7faa1463ac1,5495.4109965,225.0
67e6f4dba5bd40214b515cb2,2055.70454505,150.0
67e6f4dba5bd40214b515cb2,2055.70454505,193.0
67e6f4dba5bd40214b515cb2,2055.70454505,318.0
67e6f4dba5bd40214b515cb2,2055.70454505,300.0
67e6f4dba5bd40214b515cb2,2055.70454505,85.0
67e6f4dba5bd40214b515cb2,2055.70454505,65.0
67e6f4dba5bd40214b515cb2,2055.70454505,142.0
67e6f4dba5bd40214b515cb2,2055.70454505,250.0
67e6f4dba5bd40214b515cb2,2055.70454505,160.0
67e6f4dba5bd40214b515cb2,2055.70454505,102.0
67e6f4dba5bd40214b515cb2,2055.70454505,120.0
67e6f4dba5bd40214b515cb2,2055.70454505,194.0
67e081f6bc68859bea891a87,1322.7931784500001,184.0
67e081f6bc68859bea891a87,1322.7931784500001,225.0
67e081f6bc68859bea891a87,1322.7931784500001,153.0
67e081f6bc68859bea891a87,1322.7931784500001,251.0
67e081f6bc68859bea891a87,1322.7931784500001,189.0
67e081f6bc68859bea891a87,1322.7931784500001,199.0
67e081f6bc68859bea891a87,1322.7931784500001,183.0
67e081f6bc68859bea891a87,1322.7931784500001,147.0
67e081f6bc68859bea891a87,1322.7931784500001,180.0
67e081f6bc68859bea891a87,1322.7931784500001,120.0
67e081f6bc68859bea891a87,1322.7931784500001,131.0
67e081f6bc68859bea891a87,1322.7931784500001,114.0
65293fa9b73b0edd4fd93b95,38805.589946650005,419.0
65293fa9b73b0edd4fd93b95,38805.589946650005,549.0
65293fa9b73b0edd4fd93b95,38805.589946650005,190.0
65293fa9b73b0edd4fd93b95,38805.589946650005,211.0
65293fa9b73b0edd4fd93b95,38805.589946650005,310.0
65293fa9b73b0edd4fd93b95,38805.589946650005,238.0
65293fa9b73b0edd4fd93b95,38805.589946650005,462.0
65293fa9b73b0edd4fd93b95,38805.589946650005,160.0
65293fa9b73b0edd4fd93b95,38805.589946650005,553.0
65293fa9b73b0edd4fd93b95,38805.589946650005,623.0
65293fa9b73b0edd4fd93b95,38805.589946650005,411.0
65293fa9b73b0edd4fd93b95,38805.589946650005,548.0
667eb62db81d7cd5426c866d,12990.723,14.0
667eb62db81d7cd5426c866d,12990.723,57.0
667eb62db81d7cd5426c866d,12990.723,42.0
667eb62db81d7cd5426c866d,12990.723,14.0
667eb62db81d7cd5426c866d,12990.723,45.0
667eb62db81d7cd5426c866d,12990.723,13.0
667eb62db81d7cd5426c866d,12990.723,35.0
667eb62db81d7cd5426c866d,12990.723,51.0
667eb62db81d7cd5426c866d,12990.723,17.0
667eb62db81d7cd5426c866d,12990.723,24.0
667eb62db81d7cd5426c866d,12990.723,165.0
667eb62db81d7cd5426c866d,12990.723,136.0
5d453e8723a5bb0001492546,1968.5416925000002,300.0
5d453e8723a5bb0001492546,1968.5416925000002,150.0
5d453e8723a5bb0001492546,1968.5416925000002,180.0
5d453e8723a5bb0001492546,1968.5416925000002,195.0
5d453e8723a5bb0001492546,1968.5416925000002,275.0
5d453e8723a5bb0001492546,1968.5416925000002,180.0
5d453e8723a5bb0001492546,1968.5416925000002,250.0
5d453e8723a5bb0001492546,1968.5416925000002,200.0
5d453e8723a5bb0001492546,1968.5416925000002,160.0
5d453e8723a5bb0001492546,1968.5416925000002,300.0
5d453e8723a5bb0001492546,1968.5416925000002,150.0
5d453e8723a5bb0001492546,1968.5416925000002,170.0
